#include "mnemos_fonts.h"

#include <algorithm>
#include <cstring>

namespace {
struct MnemosFontGlyph {
    uint32_t codepoint;
    uint32_t bitmapOffset;
    uint8_t width;
    uint8_t height;
    int8_t xOffset;
    int8_t yOffset;
    uint8_t advance;
};

constexpr uint16_t GLYPH_COUNT_14 = 440;
constexpr uint32_t BITMAP_BYTES_14 = 8209;
static const MnemosFontGlyph GLYPHS_14[GLYPH_COUNT_14] PROGMEM = {
    {32U, 0U, 0, 0, 0, 0, 3},
    {33U, 0U, 5, 11, 0, -11, 5},
    {34U, 7U, 8, 11, 0, -11, 8},
    {35U, 18U, 8, 11, 0, -11, 8},
    {36U, 29U, 8, 14, 0, -12, 8},
    {37U, 43U, 14, 11, 0, -11, 13},
    {38U, 63U, 11, 11, 0, -11, 10},
    {39U, 79U, 5, 11, 0, -11, 5},
    {40U, 86U, 5, 15, 0, -12, 5},
    {41U, 96U, 5, 15, 0, -12, 5},
    {42U, 106U, 7, 12, 0, -12, 7},
    {43U, 117U, 8, 9, 0, -9, 8},
    {44U, 126U, 5, 6, 0, -3, 5},
    {45U, 130U, 5, 5, 0, -5, 5},
    {46U, 134U, 5, 3, 0, -3, 5},
    {47U, 136U, 6, 14, 0, -11, 5},
    {48U, 147U, 8, 11, 0, -11, 8},
    {49U, 158U, 8, 11, 0, -11, 8},
    {50U, 169U, 8, 11, 0, -11, 8},
    {51U, 180U, 8, 11, 0, -11, 8},
    {52U, 191U, 8, 11, 0, -11, 8},
    {53U, 202U, 8, 11, 0, -11, 8},
    {54U, 213U, 8, 11, 0, -11, 8},
    {55U, 224U, 8, 11, 0, -11, 8},
    {56U, 235U, 8, 11, 0, -11, 8},
    {57U, 246U, 8, 11, 0, -11, 8},
    {58U, 257U, 5, 8, 0, -8, 5},
    {59U, 262U, 5, 11, 0, -8, 5},
    {60U, 269U, 8, 9, 0, -9, 8},
    {61U, 278U, 8, 8, 0, -8, 8},
    {62U, 286U, 8, 9, 0, -9, 8},
    {63U, 295U, 7, 11, 0, -11, 7},
    {64U, 305U, 14, 14, 0, -11, 14},
    {65U, 330U, 11, 11, -1, -11, 9},
    {66U, 346U, 10, 11, 0, -11, 10},
    {67U, 360U, 9, 11, 0, -11, 9},
    {68U, 373U, 10, 11, 0, -11, 10},
    {69U, 387U, 9, 11, 0, -11, 9},
    {70U, 400U, 8, 11, 0, -11, 8},
    {71U, 411U, 10, 11, 0, -11, 10},
    {72U, 425U, 11, 11, 0, -11, 11},
    {73U, 441U, 5, 11, 0, -11, 5},
    {74U, 448U, 8, 11, 0, -11, 8},
    {75U, 459U, 10, 11, 0, -11, 10},
    {76U, 473U, 8, 11, 0, -11, 8},
    {77U, 484U, 12, 11, 0, -11, 12},
    {78U, 501U, 10, 11, 0, -11, 10},
    {79U, 515U, 11, 11, 0, -11, 11},
    {80U, 531U, 9, 11, 0, -11, 9},
    {81U, 544U, 11, 14, 0, -11, 11},
    {82U, 564U, 10, 11, 0, -11, 10},
    {83U, 578U, 9, 11, 0, -11, 9},
    {84U, 591U, 9, 11, 0, -11, 9},
    {85U, 604U, 10, 11, 0, -11, 10},
    {86U, 618U, 10, 11, -1, -11, 9},
    {87U, 632U, 13, 11, 0, -11, 13},
    {88U, 650U, 9, 11, 0, -11, 9},
    {89U, 663U, 10, 11, -1, -11, 8},
    {90U, 677U, 9, 11, 0, -11, 9},
    {91U, 690U, 5, 15, 0, -12, 5},
    {92U, 700U, 6, 14, 0, -11, 5},
    {93U, 711U, 5, 15, 0, -12, 5},
    {94U, 721U, 8, 11, 0, -11, 8},
    {95U, 732U, 8, 3, 0, 0, 8},
    {96U, 735U, 9, 13, 0, -13, 9},
    {97U, 750U, 8, 8, 0, -8, 8},
    {98U, 758U, 9, 12, 0, -12, 9},
    {99U, 772U, 7, 8, 0, -8, 7},
    {100U, 779U, 9, 12, 0, -12, 9},
    {101U, 793U, 8, 8, 0, -8, 8},
    {102U, 801U, 6, 12, 0, -12, 5},
    {103U, 810U, 9, 12, 0, -8, 8},
    {104U, 824U, 9, 12, 0, -12, 9},
    {105U, 838U, 4, 12, 0, -12, 4},
    {106U, 844U, 5, 15, -1, -12, 4},
    {107U, 854U, 9, 12, 0, -12, 8},
    {108U, 868U, 5, 12, 0, -12, 4},
    {109U, 876U, 14, 8, 0, -8, 14},
    {110U, 890U, 9, 8, 0, -8, 9},
    {111U, 899U, 9, 8, 0, -8, 9},
    {112U, 908U, 9, 11, 0, -8, 9},
    {113U, 921U, 9, 11, 0, -8, 9},
    {114U, 934U, 7, 8, 0, -8, 6},
    {115U, 941U, 7, 8, 0, -8, 7},
    {116U, 948U, 6, 11, 0, -11, 6},
    {117U, 957U, 9, 8, 0, -8, 9},
    {118U, 966U, 8, 8, 0, -8, 8},
    {119U, 974U, 12, 8, 0, -8, 12},
    {120U, 986U, 8, 8, 0, -8, 8},
    {121U, 994U, 8, 11, 0, -8, 8},
    {122U, 1005U, 7, 8, 0, -8, 7},
    {123U, 1012U, 5, 15, 0, -12, 5},
    {124U, 1022U, 4, 16, 0, -12, 4},
    {125U, 1030U, 5, 15, 0, -12, 5},
    {126U, 1040U, 8, 7, 0, -7, 8},
    {160U, 1047U, 0, 0, 0, 0, 3},
    {161U, 1047U, 5, 11, 0, -8, 5},
    {162U, 1054U, 8, 12, 0, -11, 8},
    {163U, 1066U, 8, 10, 0, -10, 8},
    {164U, 1076U, 8, 10, 0, -10, 8},
    {165U, 1086U, 9, 10, 0, -10, 8},
    {166U, 1098U, 4, 16, 0, -12, 4},
    {167U, 1106U, 14, 13, 0, -11, 14},
    {168U, 1129U, 9, 12, 0, -12, 9},
    {169U, 1143U, 12, 11, 0, -11, 12},
    {170U, 1160U, 6, 12, 0, -12, 6},
    {171U, 1169U, 7, 8, 0, -8, 7},
    {172U, 1176U, 8, 6, 0, -6, 8},
    {173U, 1182U, 0, 0, 0, 0, 1},
    {174U, 1182U, 7, 12, 0, -12, 7},
    {175U, 1193U, 9, 11, 0, -11, 9},
    {176U, 1206U, 6, 11, 0, -11, 6},
    {177U, 1215U, 14, 13, 0, -12, 14},
    {178U, 1238U, 6, 13, 0, -13, 6},
    {179U, 1248U, 6, 13, 0, -13, 6},
    {180U, 1258U, 9, 13, 0, -13, 9},
    {181U, 1273U, 10, 11, 0, -8, 9},
    {182U, 1287U, 14, 13, 0, -11, 14},
    {183U, 1310U, 14, 7, 0, -7, 14},
    {184U, 1323U, 9, 5, 0, -1, 9},
    {185U, 1329U, 6, 12, 0, -12, 6},
    {186U, 1338U, 6, 12, 0, -12, 6},
    {187U, 1347U, 7, 8, 0, -8, 7},
    {188U, 1354U, 13, 11, 0, -11, 13},
    {189U, 1372U, 13, 11, 0, -11, 13},
    {190U, 1390U, 13, 11, 0, -11, 13},
    {191U, 1408U, 7, 11, 0, -8, 7},
    {192U, 1418U, 11, 15, -1, -15, 9},
    {193U, 1439U, 11, 15, -1, -15, 9},
    {194U, 1460U, 11, 14, -1, -14, 9},
    {195U, 1480U, 11, 14, -1, -14, 9},
    {196U, 1500U, 11, 14, -1, -14, 9},
    {197U, 1520U, 11, 15, -1, -15, 9},
    {198U, 1541U, 14, 11, -1, -11, 13},
    {199U, 1561U, 9, 15, 0, -11, 9},
    {200U, 1578U, 9, 15, 0, -15, 9},
    {201U, 1595U, 9, 15, 0, -15, 9},
    {202U, 1612U, 9, 14, 0, -14, 9},
    {203U, 1628U, 9, 14, 0, -14, 9},
    {204U, 1644U, 6, 15, -1, -15, 5},
    {205U, 1656U, 5, 15, 0, -15, 5},
    {206U, 1666U, 6, 14, -1, -14, 5},
    {207U, 1677U, 7, 14, -1, -14, 5},
    {208U, 1690U, 10, 11, 0, -11, 10},
    {209U, 1704U, 10, 14, 0, -14, 10},
    {210U, 1722U, 11, 15, 0, -15, 11},
    {211U, 1743U, 11, 15, 0, -15, 11},
    {212U, 1764U, 11, 14, 0, -14, 11},
    {213U, 1784U, 11, 14, 0, -14, 11},
    {214U, 1804U, 11, 14, 0, -14, 11},
    {215U, 1824U, 14, 10, 0, -10, 14},
    {216U, 1842U, 11, 13, 0, -12, 11},
    {217U, 1860U, 10, 15, 0, -15, 10},
    {218U, 1879U, 10, 15, 0, -15, 10},
    {219U, 1898U, 10, 14, 0, -14, 10},
    {220U, 1916U, 10, 14, 0, -14, 10},
    {221U, 1934U, 10, 15, -1, -15, 8},
    {222U, 1953U, 10, 11, 0, -11, 10},
    {223U, 1967U, 10, 12, 0, -12, 10},
    {224U, 1982U, 8, 13, 0, -13, 8},
    {225U, 1995U, 8, 13, 0, -13, 8},
    {226U, 2008U, 8, 12, 0, -12, 8},
    {227U, 2020U, 8, 13, 0, -13, 8},
    {228U, 2033U, 8, 12, 0, -12, 8},
    {229U, 2045U, 8, 12, 0, -12, 8},
    {230U, 2057U, 12, 8, 0, -8, 12},
    {231U, 2069U, 7, 12, 0, -8, 7},
    {232U, 2080U, 8, 13, 0, -13, 8},
    {233U, 2093U, 8, 13, 0, -13, 8},
    {234U, 2106U, 8, 12, 0, -12, 8},
    {235U, 2118U, 8, 12, 0, -12, 8},
    {236U, 2130U, 5, 14, -1, -14, 4},
    {237U, 2139U, 5, 14, 0, -14, 4},
    {238U, 2148U, 6, 12, -1, -12, 4},
    {239U, 2157U, 6, 12, -1, -12, 4},
    {240U, 2166U, 9, 13, 0, -13, 9},
    {241U, 2181U, 9, 13, 0, -13, 9},
    {242U, 2196U, 9, 13, 0, -13, 9},
    {243U, 2211U, 9, 13, 0, -13, 9},
    {244U, 2226U, 9, 12, 0, -12, 9},
    {245U, 2240U, 9, 13, 0, -13, 9},
    {246U, 2255U, 9, 12, 0, -12, 9},
    {247U, 2269U, 14, 10, 0, -10, 14},
    {248U, 2287U, 9, 10, 0, -9, 9},
    {249U, 2299U, 9, 14, 0, -14, 9},
    {250U, 2315U, 9, 14, 0, -14, 9},
    {251U, 2331U, 9, 12, 0, -12, 9},
    {252U, 2345U, 9, 12, 0, -12, 9},
    {253U, 2359U, 8, 17, 0, -14, 8},
    {254U, 2376U, 9, 15, 0, -12, 9},
    {255U, 2393U, 8, 15, 0, -12, 8},
    {256U, 2408U, 11, 14, -1, -14, 9},
    {257U, 2428U, 8, 11, 0, -11, 8},
    {258U, 2439U, 11, 15, -1, -15, 9},
    {259U, 2460U, 8, 13, 0, -13, 8},
    {260U, 2473U, 14, 14, 0, -12, 14},
    {261U, 2498U, 14, 14, 0, -12, 14},
    {262U, 2523U, 17, 11, 0, -11, 9},
    {263U, 2547U, 15, 11, 0, -11, 7},
    {264U, 2568U, 14, 14, 0, -12, 14},
    {265U, 2593U, 14, 14, 0, -12, 14},
    {266U, 2618U, 15, 12, 0, -12, 9},
    {267U, 2641U, 13, 12, 0, -12, 7},
    {268U, 2661U, 18, 11, 0, -11, 9},
    {269U, 2686U, 16, 10, 0, -10, 7},
    {270U, 2706U, 19, 11, 0, -11, 10},
    {271U, 2733U, 18, 12, 0, -12, 9},
    {272U, 2760U, 10, 11, 0, -11, 10},
    {273U, 2774U, 10, 12, 0, -12, 9},
    {274U, 2789U, 9, 14, 0, -14, 9},
    {275U, 2805U, 8, 11, 0, -11, 8},
    {276U, 2816U, 14, 14, 0, -12, 14},
    {277U, 2841U, 14, 14, 0, -12, 14},
    {278U, 2866U, 15, 12, 0, -12, 9},
    {279U, 2889U, 14, 12, 0, -12, 8},
    {280U, 2910U, 14, 14, 0, -12, 14},
    {281U, 2935U, 14, 14, 0, -12, 14},
    {282U, 2960U, 9, 15, 0, -15, 9},
    {283U, 2977U, 8, 13, 0, -13, 8},
    {284U, 2990U, 14, 14, 0, -12, 14},
    {285U, 3015U, 14, 14, 0, -12, 14},
    {286U, 3040U, 14, 14, 0, -12, 14},
    {287U, 3065U, 14, 14, 0, -12, 14},
    {288U, 3090U, 16, 12, 0, -12, 10},
    {289U, 3114U, 14, 16, 0, -12, 8},
    {290U, 3142U, 14, 14, 0, -12, 14},
    {291U, 3167U, 14, 14, 0, -12, 14},
    {292U, 3192U, 14, 14, 0, -12, 14},
    {293U, 3217U, 14, 14, 0, -12, 14},
    {294U, 3242U, 14, 14, 0, -12, 14},
    {295U, 3267U, 14, 14, 0, -12, 14},
    {296U, 3292U, 7, 14, -1, -14, 5},
    {297U, 3305U, 7, 13, -1, -13, 4},
    {298U, 3317U, 5, 14, 0, -14, 5},
    {299U, 3326U, 6, 11, -1, -11, 4},
    {300U, 3335U, 14, 14, 0, -12, 14},
    {301U, 3360U, 14, 14, 0, -12, 14},
    {302U, 3385U, 14, 14, 0, -12, 14},
    {303U, 3410U, 14, 14, 0, -12, 14},
    {304U, 3435U, 11, 12, 0, -12, 5},
    {305U, 3452U, 14, 14, 0, -12, 14},
    {306U, 3477U, 14, 14, 0, -12, 14},
    {307U, 3502U, 14, 14, 0, -12, 14},
    {308U, 3527U, 14, 14, 0, -12, 14},
    {309U, 3552U, 14, 14, 0, -12, 14},
    {310U, 3577U, 14, 14, 0, -12, 14},
    {311U, 3602U, 14, 14, 0, -12, 14},
    {312U, 3627U, 14, 14, 0, -12, 14},
    {313U, 3652U, 16, 11, 0, -11, 8},
    {314U, 3674U, 12, 12, 0, -12, 4},
    {315U, 3692U, 14, 14, 0, -12, 14},
    {316U, 3717U, 14, 14, 0, -12, 14},
    {317U, 3742U, 17, 11, 0, -11, 8},
    {318U, 3766U, 13, 12, 0, -12, 4},
    {319U, 3786U, 14, 14, 0, -12, 14},
    {320U, 3811U, 14, 14, 0, -12, 14},
    {321U, 3836U, 14, 14, 0, -12, 14},
    {322U, 3861U, 14, 14, 0, -12, 14},
    {323U, 3886U, 10, 15, 0, -15, 10},
    {324U, 3905U, 9, 14, 0, -14, 9},
    {325U, 3921U, 14, 14, 0, -12, 14},
    {326U, 3946U, 14, 14, 0, -12, 14},
    {327U, 3971U, 10, 15, 0, -15, 10},
    {328U, 3990U, 9, 13, 0, -13, 9},
    {329U, 4005U, 14, 14, 0, -12, 14},
    {330U, 4030U, 14, 14, 0, -12, 14},
    {331U, 4055U, 14, 14, 0, -12, 14},
    {332U, 4080U, 11, 14, 0, -14, 11},
    {333U, 4100U, 9, 11, 0, -11, 9},
    {334U, 4113U, 11, 15, 0, -15, 11},
    {335U, 4134U, 9, 13, 0, -13, 9},
    {336U, 4149U, 14, 14, 0, -12, 14},
    {337U, 4174U, 14, 14, 0, -12, 14},
    {338U, 4199U, 14, 11, 0, -11, 14},
    {339U, 4219U, 13, 8, 0, -8, 13},
    {340U, 4232U, 18, 11, 0, -11, 10},
    {341U, 4257U, 14, 11, 0, -11, 6},
    {342U, 4277U, 14, 14, 0, -12, 14},
    {343U, 4302U, 14, 14, 0, -12, 14},
    {344U, 4327U, 19, 11, 0, -11, 10},
    {345U, 4354U, 15, 10, 0, -10, 6},
    {346U, 4373U, 17, 11, 0, -11, 9},
    {347U, 4397U, 15, 11, 0, -11, 7},
    {348U, 4418U, 14, 14, 0, -12, 14},
    {349U, 4443U, 14, 14, 0, -12, 14},
    {350U, 4468U, 14, 14, 0, -12, 14},
    {351U, 4493U, 14, 14, 0, -12, 14},
    {352U, 4518U, 18, 11, 0, -11, 9},
    {353U, 4543U, 16, 10, 0, -10, 7},
    {354U, 4563U, 14, 14, 0, -12, 14},
    {355U, 4588U, 14, 14, 0, -12, 14},
    {356U, 4613U, 18, 11, 0, -11, 9},
    {357U, 4638U, 15, 11, 0, -11, 6},
    {358U, 4659U, 14, 14, 0, -12, 14},
    {359U, 4684U, 14, 14, 0, -12, 14},
    {360U, 4709U, 10, 14, 0, -14, 10},
    {361U, 4727U, 9, 13, 0, -13, 9},
    {362U, 4742U, 10, 14, 0, -14, 10},
    {363U, 4760U, 9, 11, 0, -11, 9},
    {364U, 4773U, 10, 15, 0, -15, 10},
    {365U, 4792U, 9, 13, 0, -13, 9},
    {366U, 4807U, 14, 14, 0, -12, 14},
    {367U, 4832U, 14, 14, 0, -12, 14},
    {368U, 4857U, 14, 14, 0, -12, 14},
    {369U, 4882U, 14, 14, 0, -12, 14},
    {370U, 4907U, 14, 14, 0, -12, 14},
    {371U, 4932U, 14, 14, 0, -12, 14},
    {372U, 4957U, 14, 14, 0, -12, 14},
    {373U, 4982U, 14, 14, 0, -12, 14},
    {374U, 5007U, 14, 14, 0, -12, 14},
    {375U, 5032U, 14, 14, 0, -12, 14},
    {376U, 5057U, 14, 14, 0, -12, 14},
    {377U, 5082U, 17, 11, 0, -11, 9},
    {378U, 5106U, 15, 11, 0, -11, 7},
    {379U, 5127U, 15, 12, 0, -12, 9},
    {380U, 5150U, 13, 12, 0, -12, 7},
    {381U, 5170U, 18, 11, 0, -11, 9},
    {382U, 5195U, 16, 10, 0, -10, 7},
    {383U, 5215U, 14, 14, 0, -12, 14},
    {461U, 5240U, 11, 15, -1, -15, 9},
    {462U, 5261U, 8, 13, 0, -13, 8},
    {463U, 5274U, 6, 15, -1, -15, 5},
    {464U, 5286U, 6, 13, -1, -13, 4},
    {465U, 5296U, 11, 15, 0, -15, 11},
    {466U, 5317U, 9, 13, 0, -13, 9},
    {467U, 5332U, 10, 15, 0, -15, 10},
    {468U, 5351U, 9, 13, 0, -13, 9},
    {469U, 5366U, 10, 16, 0, -16, 10},
    {470U, 5386U, 9, 13, 0, -13, 9},
    {471U, 5401U, 10, 17, 0, -17, 10},
    {472U, 5423U, 9, 14, 0, -14, 9},
    {473U, 5439U, 10, 18, 0, -18, 10},
    {474U, 5462U, 9, 15, 0, -15, 9},
    {475U, 5479U, 10, 17, 0, -17, 10},
    {476U, 5501U, 9, 14, 0, -14, 9},
    {504U, 5517U, 10, 15, 0, -15, 10},
    {505U, 5536U, 9, 14, 0, -14, 9},
    {7742U, 5552U, 12, 15, 0, -15, 12},
    {7743U, 5575U, 14, 14, 0, -14, 14},
    {8230U, 5600U, 14, 6, 0, -6, 14},
    {19968U, 5611U, 14, 6, 0, -6, 14},
    {19971U, 5622U, 14, 14, 0, -12, 14},
    {19977U, 5647U, 14, 12, 0, -11, 14},
    {19978U, 5668U, 14, 13, 0, -12, 14},
    {19979U, 5691U, 14, 13, 0, -11, 14},
    {19981U, 5714U, 14, 14, 0, -11, 14},
    {19996U, 5739U, 14, 15, 0, -13, 14},
    {20013U, 5766U, 14, 16, 0, -13, 14},
    {20040U, 5794U, 14, 13, 0, -12, 14},
    {20061U, 5817U, 14, 14, 0, -12, 14},
    {20080U, 5842U, 14, 15, 0, -12, 14},
    {20108U, 5869U, 14, 11, 0, -10, 14},
    {20116U, 5889U, 14, 12, 0, -11, 14},
    {20154U, 5910U, 14, 14, 0, -12, 14},
    {20160U, 5935U, 14, 15, 0, -12, 14},
    {20170U, 5962U, 14, 16, 0, -13, 14},
    {20182U, 5990U, 14, 15, 0, -12, 14},
    {20204U, 6017U, 14, 16, 0, -13, 14},
    {20250U, 6045U, 14, 16, 0, -13, 14},
    {20320U, 6073U, 14, 15, 0, -13, 14},
    {20570U, 6100U, 14, 16, 0, -13, 14},
    {20843U, 6128U, 14, 13, 0, -11, 14},
    {20845U, 6151U, 14, 14, 0, -12, 14},
    {20851U, 6176U, 14, 16, 0, -13, 14},
    {20889U, 6204U, 14, 15, 0, -12, 14},
    {20998U, 6231U, 14, 15, 0, -12, 14},
    {21069U, 6258U, 14, 16, 0, -13, 14},
    {21271U, 6286U, 14, 14, 0, -12, 14},
    {21313U, 6311U, 14, 16, 0, -13, 14},
    {21315U, 6339U, 14, 15, 0, -12, 14},
    {21334U, 6366U, 14, 15, 0, -12, 14},
    {21335U, 6393U, 14, 14, 0, -12, 14},
    {21435U, 6418U, 14, 15, 0, -13, 14},
    {21451U, 6445U, 14, 16, 0, -13, 14},
    {21475U, 6473U, 14, 13, 0, -11, 14},
    {21491U, 6496U, 14, 15, 0, -13, 14},
    {21507U, 6523U, 14, 15, 0, -13, 14},
    {21518U, 6550U, 14, 16, 0, -13, 14},
    {21548U, 6578U, 14, 15, 0, -12, 14},
    {21738U, 6605U, 14, 15, 0, -12, 14},
    {21916U, 6632U, 14, 16, 0, -13, 14},
    {21917U, 6660U, 14, 15, 0, -12, 14},
    {22235U, 6687U, 14, 13, 0, -11, 14},
    {22238U, 6710U, 14, 14, 0, -12, 14},
    {22269U, 6735U, 14, 14, 0, -12, 14},
    {22312U, 6760U, 14, 15, 0, -13, 14},
    {22806U, 6787U, 14, 16, 0, -13, 14},
    {22810U, 6815U, 14, 16, 0, -13, 14},
    {22823U, 6843U, 14, 15, 0, -13, 14},
    {22825U, 6870U, 14, 13, 0, -11, 14},
    {22899U, 6893U, 14, 16, 0, -13, 14},
    {22905U, 6921U, 14, 16, 0, -13, 14},
    {22909U, 6949U, 14, 14, 0, -12, 14},
    {22920U, 6974U, 14, 16, 0, -13, 14},
    {23376U, 7002U, 14, 15, 0, -12, 14},
    {23398U, 7029U, 14, 15, 0, -13, 14},
    {23478U, 7056U, 14, 16, 0, -13, 14},
    {23567U, 7084U, 14, 15, 0, -12, 14},
    {23569U, 7111U, 14, 14, 0, -12, 14},
    {23665U, 7136U, 14, 15, 0, -12, 14},
    {24038U, 7163U, 14, 15, 0, -13, 14},
    {24072U, 7190U, 14, 15, 0, -12, 14},
    {24180U, 7217U, 14, 16, 0, -13, 14},
    {24320U, 7245U, 14, 14, 0, -11, 14},
    {24515U, 7270U, 14, 14, 0, -12, 14},
    {24819U, 7295U, 14, 15, 0, -13, 14},
    {25105U, 7322U, 14, 14, 0, -12, 14},
    {25163U, 7347U, 14, 16, 0, -13, 14},
    {26085U, 7375U, 14, 13, 0, -11, 14},
    {26102U, 7398U, 14, 14, 0, -12, 14},
    {26126U, 7423U, 14, 15, 0, -12, 14},
    {26159U, 7450U, 14, 14, 0, -12, 14},
    {26376U, 7475U, 14, 14, 0, -11, 14},
    {26377U, 7500U, 14, 14, 0, -12, 14},
    {26379U, 7525U, 14, 15, 0, -12, 14},
    {26408U, 7552U, 14, 16, 0, -13, 14},
    {26469U, 7580U, 14, 16, 0, -13, 14},
    {27426U, 7608U, 14, 16, 0, -13, 14},
    {27700U, 7636U, 14, 14, 0, -12, 14},
    {28779U, 7661U, 14, 14, 0, -12, 14},
    {29233U, 7686U, 14, 14, 0, -12, 14},
    {29240U, 7711U, 14, 15, 0, -13, 14},
    {29983U, 7738U, 14, 14, 0, -12, 14},
    {30007U, 7763U, 14, 15, 0, -12, 14},
    {30334U, 7790U, 14, 13, 0, -11, 14},
    {30340U, 7813U, 14, 16, 0, -13, 14},
    {30475U, 7841U, 14, 14, 0, -12, 14},
    {31572U, 7866U, 14, 15, 0, -13, 14},
    {32473U, 7893U, 14, 16, 0, -13, 14},
    {32769U, 7921U, 14, 14, 0, -12, 14},
    {33021U, 7946U, 14, 15, 0, -13, 14},
    {35199U, 7973U, 14, 13, 0, -11, 14},
    {35201U, 7996U, 14, 14, 0, -12, 14},
    {35828U, 8021U, 14, 15, 0, -12, 14},
    {35835U, 8048U, 14, 16, 0, -13, 14},
    {35841U, 8076U, 14, 15, 0, -12, 14},
    {36825U, 8103U, 14, 15, 0, -13, 14},
    {37027U, 8130U, 14, 15, 0, -12, 14},
    {37324U, 8157U, 14, 14, 0, -12, 14},
    {38382U, 8182U, 14, 15, 0, -12, 14},
};
static const uint8_t BITMAP_14[BITMAP_BYTES_14] PROGMEM = {
    0x73, 0x9C, 0xE3, 0x18, 0xC4, 0x23, 0x9C, 0x76, 0x66, 0x66, 0x66, 0x66, 0x00, 0x00, 0x00, 0x00, 0x00, 0x00, 0x00, 0x36, 0x36, 0x7E, 0x7F, 0x36,
    0x7E, 0xFF, 0x6C, 0x6C, 0x6C, 0x18, 0x18, 0x3E, 0x7E, 0x60, 0x70, 0x3C, 0x0E, 0x06, 0x66, 0x7E, 0x7C, 0x18, 0x00, 0x78, 0xC1, 0xE3, 0x0C, 0xD8,
    0x33, 0x60, 0xCF, 0x71, 0xEF, 0xE7, 0xED, 0x81, 0xB6, 0x0C, 0xD8, 0x33, 0xE1, 0x87, 0x00, 0x1C, 0x07, 0xC0, 0xD8, 0x1F, 0x03, 0xC0, 0xF1, 0x9F,
    0x77, 0x7C, 0xE7, 0x8F, 0xF8, 0xF3, 0x00, 0x73, 0x18, 0xC6, 0x00, 0x00, 0x00, 0x00, 0x10, 0xCC, 0x66, 0x31, 0x8C, 0x63, 0x18, 0xE3, 0x18, 0x60,
    0x43, 0x18, 0xE3, 0x18, 0xC6, 0x31, 0x8C, 0x66, 0x31, 0x00, 0x10, 0x21, 0xF3, 0xE3, 0x8D, 0x80, 0x00, 0x00, 0x00, 0x00, 0x00, 0x18, 0x18, 0x18,
    0xFF, 0x7F, 0x18, 0x18, 0x18, 0x00, 0x23, 0x9C, 0x66, 0x30, 0xFB, 0x80, 0x00, 0x00, 0x63, 0x98, 0x18, 0x61, 0x84, 0x30, 0xC3, 0x08, 0x61, 0x86,
    0x10, 0xC3, 0x00, 0x3C, 0x7E, 0x66, 0x67, 0xE7, 0xE7, 0xE7, 0x67, 0x66, 0x7E, 0x3C, 0x3C, 0x7C, 0x1C, 0x1C, 0x1C, 0x1C, 0x1C, 0x1C, 0x1C, 0x7E,
    0x7F, 0x3C, 0x7E, 0x46, 0x06, 0x06, 0x0E, 0x1C, 0x18, 0x38, 0x7F, 0xFF, 0x7C, 0x7E, 0x06, 0x06, 0x1E, 0x3C, 0x0E, 0x07, 0x47, 0xFE, 0x7C, 0x0E,
    0x1E, 0x3E, 0x3E, 0x7E, 0x6E, 0xFF, 0xFF, 0x0E, 0x0E, 0x0E, 0x7E, 0x7E, 0x60, 0x60, 0x7C, 0x7E, 0x07, 0x07, 0x46, 0xFE, 0x7C, 0x1E, 0x3E, 0x70,
    0x60, 0x7E, 0xFE, 0x67, 0x67, 0x67, 0x7E, 0x3C, 0xFF, 0x7F, 0x06, 0x0C, 0x0C, 0x1C, 0x18, 0x18, 0x18, 0x38, 0x38, 0x3C, 0x7E, 0x66, 0x66, 0x7E,
    0x3C, 0x6E, 0x67, 0xE7, 0x7E, 0x3E, 0x3C, 0x7E, 0xE6, 0xE7, 0xE7, 0x7F, 0x3F, 0x07, 0x06, 0x7E, 0x7C, 0x63, 0x98, 0x00, 0x31, 0xCC, 0x63, 0x98,
    0x00, 0x11, 0xCE, 0x33, 0x18, 0x03, 0x1F, 0x7C, 0xF0, 0x7C, 0x1F, 0x03, 0x00, 0x00, 0xFF, 0x7F, 0x00, 0x00, 0xFF, 0x7F, 0x00, 0x00, 0xC0, 0xF8,
    0x3E, 0x07, 0x3F, 0xF8, 0xE0, 0x00, 0x00, 0x7C, 0xF8, 0x38, 0x61, 0xC3, 0x0E, 0x08, 0x10, 0x70, 0xE0, 0x07, 0xE0, 0x7F, 0xC3, 0x83, 0x8C, 0x06,
    0x67, 0xC9, 0xBB, 0x26, 0xCC, 0x93, 0x36, 0x6F, 0xD9, 0x9F, 0xC6, 0x00, 0x0C, 0x00, 0x3F, 0xC0, 0x3F, 0x00, 0x0E, 0x01, 0xC0, 0x7C, 0x0D, 0x81,
    0xB0, 0x77, 0x0F, 0xE1, 0xFC, 0x71, 0xCE, 0x39, 0x87, 0x00, 0x7F, 0x1F, 0xC7, 0x39, 0xCC, 0x7F, 0x1F, 0xC7, 0x39, 0xC6, 0x73, 0x9F, 0xE7, 0xF0,
    0x1F, 0x1F, 0xDC, 0x4E, 0x06, 0x03, 0x01, 0x80, 0xE0, 0x71, 0x1F, 0xC7, 0xC0, 0x7E, 0x1F, 0xC7, 0x39, 0xC6, 0x71, 0x9C, 0x67, 0x19, 0xC6, 0x73,
    0x9F, 0xC7, 0xE0, 0x7F, 0x3F, 0x9C, 0x0E, 0x07, 0xE3, 0xF1, 0xC0, 0xE0, 0x70, 0x3F, 0x9F, 0xC0, 0x7F, 0x7F, 0x70, 0x70, 0x70, 0x7E, 0x7E, 0x70,
    0x70, 0x70, 0x70, 0x1F, 0x0F, 0xE7, 0x11, 0xC0, 0x60, 0x19, 0xE6, 0x79, 0xC6, 0x71, 0x8F, 0xE1, 0xF0, 0x71, 0xCE, 0x39, 0xC7, 0x38, 0xE7, 0xFC,
    0xFF, 0x9C, 0x73, 0x8E, 0x71, 0xCE, 0x39, 0xC7, 0x00, 0x73, 0x9C, 0xE7, 0x39, 0xCE, 0x73, 0x9C, 0x0E, 0x0E, 0x0E, 0x0E, 0x0E, 0x0E, 0x0E, 0x0E,
    0x4E, 0xFC, 0x7C, 0x73, 0x9D, 0xC7, 0x71, 0xF8, 0x7C, 0x1F, 0x87, 0xE1, 0xDC, 0x73, 0x1C, 0xE7, 0x1C, 0x70, 0x70, 0x70, 0x70, 0x70, 0x70, 0x70,
    0x70, 0x70, 0x7F, 0x7F, 0x70, 0xE7, 0x0E, 0x79, 0xE7, 0x9E, 0x79, 0xE7, 0xFE, 0x6F, 0x66, 0xF6, 0x66, 0x66, 0x66, 0x60, 0x60, 0x71, 0x9C, 0x67,
    0x99, 0xE6, 0x6D, 0x9B, 0x66, 0x79, 0x9E, 0x63, 0x98, 0xE6, 0x18, 0x1F, 0x07, 0xF1, 0xC7, 0x30, 0xE6, 0x0C, 0xC1, 0x98, 0x33, 0x0E, 0x71, 0xC7,
    0xF0, 0x7C, 0x00, 0x7E, 0x3F, 0x9C, 0xEE, 0x77, 0x3B, 0xF9, 0xF8, 0xE0, 0x70, 0x38, 0x1C, 0x00, 0x1F, 0x07, 0xF1, 0xC7, 0x30, 0xE6, 0x0C, 0xC1,
    0x98, 0x33, 0x0E, 0x71, 0xC7, 0xF0, 0x7C, 0x07, 0x80, 0x7E, 0x03, 0x80, 0x7F, 0x1F, 0xE7, 0x39, 0xCE, 0x73, 0x9F, 0xC7, 0xE1, 0xDC, 0x77, 0x1C,
    0xE7, 0x38, 0x3E, 0x3F, 0x9C, 0x8E, 0x07, 0xC1, 0xF0, 0x3C, 0x06, 0x63, 0x3F, 0x8F, 0x80, 0xFF, 0xFF, 0x87, 0x03, 0x81, 0xC0, 0xE0, 0x70, 0x38,
    0x1C, 0x0E, 0x07, 0x00, 0x71, 0x9C, 0x67, 0x19, 0xC6, 0x71, 0x9C, 0x67, 0x19, 0xC6, 0x73, 0x8F, 0xE1, 0xF0, 0x61, 0xDC, 0x77, 0x18, 0xC6, 0x33,
    0x8E, 0xC1, 0xB0, 0x6C, 0x1F, 0x07, 0x80, 0xE0, 0xE7, 0x3F, 0x39, 0xF9, 0xCC, 0xCE, 0x66, 0xFB, 0x36, 0xF9, 0xF7, 0xCF, 0xBC, 0x3D, 0xE1, 0xCF,
    0x0E, 0x38, 0xE3, 0x3B, 0x9D, 0x87, 0xC3, 0xC0, 0xE0, 0xF0, 0x7C, 0x77, 0x33, 0xB8, 0xE0, 0x71, 0x9C, 0xE3, 0x30, 0xFC, 0x1E, 0x07, 0x80, 0xE0,
    0x30, 0x0C, 0x03, 0x00, 0xC0, 0x7F, 0x3F, 0x81, 0x81, 0xC0, 0xC0, 0xE0, 0xE0, 0x60, 0x70, 0x3F, 0xBF, 0xC0, 0x03, 0xD8, 0xC6, 0x31, 0x8C, 0x63,
    0x18, 0xC6, 0x3C, 0x00, 0xC1, 0x06, 0x18, 0x60, 0x83, 0x0C, 0x30, 0x41, 0x86, 0x18, 0x20, 0x07, 0x8C, 0x63, 0x18, 0xC6, 0x31, 0x8C, 0x63, 0x78,
    0x00, 0x18, 0x1C, 0x3C, 0x3E, 0x66, 0x66, 0x42, 0x00, 0x00, 0x00, 0x00, 0x00, 0xFF, 0x00, 0x30, 0x18, 0x06, 0x01, 0x00, 0x00, 0x00, 0x00, 0x00,
    0x00, 0x00, 0x00, 0x00, 0x00, 0x00, 0x3C, 0x7E, 0x06, 0x3F, 0x7F, 0x67, 0x7F, 0x7F, 0x00, 0x30, 0x18, 0x0C, 0x07, 0xE3, 0xF9, 0xCC, 0xC7, 0x63,
    0xB1, 0x9F, 0xCF, 0xC0, 0x3E, 0xFD, 0x87, 0x0E, 0x0C, 0x1F, 0x9F, 0x00, 0x01, 0x80, 0xC0, 0x63, 0xF3, 0xF9, 0x8C, 0xC6, 0xE3, 0x33, 0x9F, 0xC7,
    0xE0, 0x3C, 0x7E, 0x67, 0xFF, 0xFE, 0x60, 0x7E, 0x3E, 0x18, 0xF7, 0x1C, 0xFB, 0xE7, 0x1C, 0x71, 0xC7, 0x1C, 0x3F, 0x3F, 0x99, 0x8C, 0xC7, 0xC3,
    0x01, 0xF8, 0xFE, 0x63, 0x73, 0x9F, 0x82, 0x00, 0x00, 0x30, 0x18, 0x0C, 0x07, 0xE3, 0xF9, 0xDC, 0xC6, 0x63, 0x31, 0x98, 0xCC, 0x60, 0x06, 0x60,
    0x66, 0x66, 0x66, 0x66, 0x01, 0x8C, 0x03, 0x18, 0xC6, 0x31, 0x8C, 0x63, 0x7B, 0x80, 0x60, 0x30, 0x18, 0x0C, 0x06, 0x73, 0x71, 0xF0, 0xF8, 0x7C,
    0x3F, 0x19, 0xCC, 0x60, 0x63, 0x18, 0xC6, 0x31, 0x8C, 0x63, 0x1C, 0xE0, 0x6E, 0xF1, 0xFF, 0xC7, 0x73, 0x98, 0xCE, 0x63, 0x39, 0x8C, 0xE6, 0x33,
    0x98, 0xCE, 0x6E, 0x3F, 0x9D, 0xCC, 0x66, 0x33, 0x19, 0x8C, 0xC6, 0x3E, 0x3F, 0x99, 0xDC, 0x6E, 0x33, 0x39, 0xFC, 0x7C, 0x7E, 0x3F, 0x9C, 0xCC,
    0x76, 0x3B, 0x19, 0xFC, 0xFC, 0x60, 0x30, 0x18, 0x00, 0x3F, 0x3F, 0x98, 0xDC, 0x6E, 0x33, 0x39, 0xFC, 0x7E, 0x03, 0x01, 0x80, 0xC0, 0x6C, 0xF9,
    0xC3, 0x06, 0x0C, 0x18, 0x30, 0x3C, 0xF9, 0x83, 0xC3, 0xC1, 0xFF, 0x3E, 0x01, 0xC7, 0x3F, 0xF9, 0xC7, 0x1C, 0x71, 0xF3, 0xC0, 0x63, 0x31, 0x98,
    0xCC, 0x66, 0x33, 0x39, 0xFC, 0x76, 0xE3, 0xE7, 0x66, 0x66, 0x7E, 0x3C, 0x3C, 0x3C, 0xE6, 0x76, 0x77, 0x6F, 0x66, 0xF6, 0x7F, 0xE3, 0xFE, 0x39,
    0xC3, 0x9C, 0xE6, 0x7E, 0x3C, 0x3C, 0x3C, 0x7C, 0x6E, 0xE7, 0xE7, 0x67, 0x66, 0x76, 0x3E, 0x3C, 0x1C, 0x1C, 0x18, 0x78, 0x70, 0x7E, 0xFC, 0x70,
    0xC3, 0x8E, 0x1F, 0xFF, 0x01, 0xCC, 0xE3, 0x19, 0xDC, 0x61, 0x8C, 0xE3, 0x1C, 0x00, 0x66, 0x66, 0x66, 0x66, 0x66, 0x66, 0x66, 0x66, 0x07, 0x1C,
    0x63, 0x18, 0xC7, 0x39, 0x8C, 0x67, 0x70, 0x00, 0x30, 0x7F, 0x4E, 0x00, 0x00, 0x00, 0x00, 0x73, 0x88, 0x03, 0x18, 0xCE, 0x73, 0x9C, 0x0C, 0x0C,
    0x1E, 0x3E, 0x7C, 0x6C, 0x6C, 0x7C, 0x7E, 0x3E, 0x0C, 0x0C, 0x1E, 0x3F, 0x30, 0x30, 0x7E, 0x7C, 0x30, 0x30, 0x7F, 0x7F, 0x00, 0x5B, 0x7F, 0x76,
    0x67, 0x67, 0x7E, 0xFF, 0x42, 0x00, 0xE3, 0x33, 0x9D, 0x87, 0xC3, 0xC7, 0xF8, 0x61, 0xFE, 0x18, 0x0C, 0x00, 0x66, 0x66, 0x66, 0x60, 0x06, 0x66,
    0x66, 0x66, 0x07, 0xC0, 0x3F, 0x00, 0xC0, 0x03, 0xC0, 0x0F, 0xC0, 0x67, 0x01, 0xCE, 0x03, 0xF8, 0x07, 0xC0, 0x07, 0x00, 0x0C, 0x03, 0xF0, 0x0F,
    0x80, 0x00, 0x1B, 0x0D, 0x80, 0x00, 0x00, 0x00, 0x00, 0x00, 0x00, 0x00, 0x00, 0x00, 0x00, 0x1F, 0x83, 0x0C, 0x6F, 0x65, 0xF2, 0x58, 0x25, 0x82,
    0x58, 0x25, 0xF2, 0x6F, 0x63, 0x0C, 0x1F, 0x80, 0x01, 0xE5, 0x9E, 0xD9, 0xE0, 0x00, 0x00, 0x00, 0x00, 0x00, 0x6D, 0xB2, 0xC7, 0x8D, 0x8D, 0x80,
    0xFF, 0x7F, 0x03, 0x03, 0x03, 0x00, 0x38, 0xDB, 0xFF, 0xDF, 0xAD, 0x8F, 0x00, 0x00, 0x00, 0x00, 0x00, 0x3E, 0x1E, 0x00, 0x00, 0x00, 0x00, 0x00,
    0x00, 0x00, 0x00, 0x00, 0x00, 0x00, 0x71, 0x6C, 0x96, 0x70, 0x00, 0x00, 0x00, 0x00, 0x00, 0x03, 0x00, 0x0C, 0x00, 0x30, 0x00, 0xC0, 0x3F, 0xF0,
    0xFF, 0xC0, 0x30, 0x00, 0xC0, 0x03, 0x00, 0x0C, 0x00, 0x00, 0x0F, 0xFC, 0x3F, 0xF0, 0x01, 0xE5, 0x86, 0x31, 0xE7, 0x80, 0x00, 0x00, 0x00, 0x00,
    0x79, 0xE1, 0x8E, 0x19, 0xE7, 0x80, 0x00, 0x00, 0x00, 0x00, 0x06, 0x07, 0x07, 0x01, 0x00, 0x00, 0x00, 0x00, 0x00, 0x00, 0x00, 0x00, 0x00, 0x00,
    0x00, 0x63, 0x18, 0xC6, 0x31, 0x8C, 0x63, 0x1D, 0xC7, 0xF9, 0xFE, 0x60, 0x18, 0x06, 0x00, 0x07, 0xC0, 0x3F, 0x01, 0xFC, 0x07, 0xF0, 0x1F, 0xC0,
    0x3F, 0x00, 0xFC, 0x00, 0xF0, 0x03, 0xC0, 0x0F, 0x00, 0x3C, 0x00, 0xF0, 0x03, 0x40, 0x03, 0x00, 0x1E, 0x00, 0x78, 0x00, 0xC0, 0x00, 0x00, 0x00,
    0x00, 0x00, 0x00, 0x00, 0x0C, 0x07, 0x01, 0x81, 0x80, 0x71, 0xC3, 0x0C, 0x30, 0xC0, 0x00, 0x00, 0x00, 0x00, 0x01, 0xEF, 0xB3, 0xF9, 0xE0, 0x00,
    0x00, 0x00, 0x00, 0x00, 0x91, 0xB1, 0xB3, 0x6D, 0x92, 0x00, 0x70, 0xC3, 0x84, 0x0C, 0x60, 0x62, 0x03, 0x30, 0x1B, 0x38, 0xD9, 0xC1, 0x9E, 0x0C,
    0xF0, 0xCF, 0xC6, 0x0C, 0x70, 0x83, 0x8C, 0x0C, 0x40, 0x66, 0x03, 0x2F, 0x1B, 0x78, 0xD0, 0x41, 0x86, 0x08, 0x70, 0xC7, 0x84, 0x3E, 0x78, 0xC3,
    0xC6, 0x06, 0x60, 0x73, 0x01, 0xB0, 0x6D, 0xB9, 0xF9, 0xC0, 0xDE, 0x0C, 0xF8, 0x6F, 0xC6, 0x0C, 0x18, 0x70, 0x60, 0x81, 0x87, 0x1C, 0x30, 0xE0,
    0xF9, 0xF0, 0x08, 0x03, 0x80, 0x38, 0x02, 0x00, 0xE0, 0x1C, 0x07, 0xC0, 0xD8, 0x1B, 0x07, 0x70, 0xFE, 0x1F, 0xC7, 0x1C, 0xE3, 0x98, 0x70, 0x02,
    0x00, 0xE0, 0x38, 0x02, 0x00, 0xE0, 0x1C, 0x07, 0xC0, 0xD8, 0x1B, 0x07, 0x70, 0xFE, 0x1F, 0xC7, 0x1C, 0xE3, 0x98, 0x70, 0x0E, 0x03, 0x60, 0x00,
    0x07, 0x00, 0xE0, 0x3E, 0x06, 0xC0, 0xD8, 0x3B, 0x87, 0xF0, 0xFE, 0x38, 0xE7, 0x1C, 0xC3, 0x80, 0x1D, 0x87, 0xE0, 0x08, 0x07, 0x00, 0xE0, 0x3E,
    0x06, 0xC0, 0xD8, 0x3B, 0x87, 0xF0, 0xFE, 0x38, 0xE7, 0x1C, 0xC3, 0x80, 0x1B, 0x03, 0x60, 0x00, 0x07, 0x00, 0xE0, 0x3E, 0x06, 0xC0, 0xD8, 0x3B,
    0x87, 0xF0, 0xFE, 0x38, 0xE7, 0x1C, 0xC3, 0x80, 0x0E, 0x01, 0x40, 0x38, 0x00, 0x00, 0xE0, 0x1C, 0x07, 0xC0, 0xD8, 0x1B, 0x07, 0x70, 0xFE, 0x1F,
    0xC7, 0x1C, 0xE3, 0x98, 0x70, 0x07, 0xFC, 0x1F, 0xE0, 0x78, 0x03, 0xE0, 0x0D, 0xF8, 0x77, 0xE1, 0x98, 0x0F, 0xE0, 0x3F, 0x81, 0xC7, 0xF7, 0x1F,
    0xC0, 0x1F, 0x1F, 0xDC, 0x4E, 0x06, 0x03, 0x01, 0x80, 0xE0, 0x71, 0x1F, 0xC7, 0xC1, 0x80, 0xE0, 0x30, 0x30, 0x10, 0x1C, 0x07, 0x01, 0x07, 0xF3,
    0xF9, 0xC0, 0xE0, 0x7E, 0x3F, 0x1C, 0x0E, 0x07, 0x03, 0xF9, 0xFC, 0x00, 0x07, 0x03, 0x01, 0x07, 0xF3, 0xF9, 0xC0, 0xE0, 0x7E, 0x3F, 0x1C, 0x0E,
    0x07, 0x03, 0xF9, 0xFC, 0x1C, 0x1B, 0x00, 0x0F, 0xE7, 0xF3, 0x81, 0xC0, 0xFC, 0x7E, 0x38, 0x1C, 0x0E, 0x07, 0xF3, 0xF8, 0x36, 0x1B, 0x00, 0x0F,
    0xE7, 0xF3, 0x81, 0xC0, 0xFC, 0x7E, 0x38, 0x1C, 0x0E, 0x07, 0xF3, 0xF8, 0x41, 0xC3, 0x04, 0x38, 0xE3, 0x8E, 0x38, 0xE3, 0x8E, 0x38, 0xE3, 0x80,
    0x11, 0xDC, 0x07, 0x39, 0xCE, 0x73, 0x9C, 0xE7, 0x39, 0xC0, 0x39, 0xB0, 0x0E, 0x38, 0xE3, 0x8E, 0x38, 0xE3, 0x8E, 0x38, 0xE0, 0x6C, 0xD8, 0x01,
    0xC3, 0x87, 0x0E, 0x1C, 0x38, 0x70, 0xE1, 0xC3, 0x87, 0x00, 0x7E, 0x1F, 0xE7, 0x39, 0xC7, 0x71, 0xFF, 0x77, 0x1D, 0xC7, 0x73, 0x9F, 0xE7, 0xE0,
    0x1D, 0x0F, 0xC0, 0x21, 0xC6, 0x71, 0x9E, 0x67, 0x99, 0xB6, 0x6D, 0x99, 0xE6, 0x79, 0x8E, 0x63, 0x98, 0x60, 0x00, 0x03, 0x00, 0x70, 0x02, 0x01,
    0xF0, 0x7F, 0x1C, 0x73, 0x0E, 0x60, 0xCC, 0x19, 0x83, 0x30, 0xE7, 0x1C, 0x7F, 0x07, 0xC0, 0x00, 0x00, 0xE0, 0x38, 0x02, 0x01, 0xF0, 0x7F, 0x1C,
    0x73, 0x0E, 0x60, 0xCC, 0x19, 0x83, 0x30, 0xE7, 0x1C, 0x7F, 0x07, 0xC0, 0x0E, 0x03, 0x60, 0x44, 0x0F, 0x83, 0xF8, 0xE3, 0x98, 0x73, 0x06, 0x60,
    0xCC, 0x19, 0x87, 0x38, 0xE3, 0xF8, 0x3E, 0x00, 0x1D, 0x87, 0xE0, 0x08, 0x0F, 0x83, 0xF8, 0xE3, 0x98, 0x73, 0x06, 0x60, 0xCC, 0x19, 0x87, 0x38,
    0xE3, 0xF8, 0x3E, 0x00, 0x1B, 0x03, 0x60, 0x00, 0x0F, 0x83, 0xF8, 0xE3, 0x98, 0x73, 0x06, 0x60, 0xCC, 0x19, 0x87, 0x38, 0xE3, 0xF8, 0x3E, 0x00,
    0x00, 0x00, 0xC0, 0xC1, 0x86, 0x03, 0x30, 0x07, 0x80, 0x1E, 0x00, 0x78, 0x03, 0x30, 0x18, 0x60, 0x40, 0x80, 0x00, 0x03, 0xF8, 0xFF, 0x39, 0xE6,
    0x3C, 0xCF, 0x9B, 0xB3, 0x66, 0x79, 0xCE, 0x39, 0xFE, 0x3F, 0x80, 0x00, 0x10, 0x06, 0x00, 0xC0, 0x10, 0x71, 0x9C, 0x67, 0x19, 0xC6, 0x71, 0x9C,
    0x67, 0x19, 0xC6, 0x73, 0x8F, 0xE1, 0xF0, 0x02, 0x01, 0xC0, 0xE0, 0x00, 0x71, 0x9C, 0x67, 0x19, 0xC6, 0x71, 0x9C, 0x67, 0x19, 0xC6, 0x73, 0x8F,
    0xE1, 0xF0, 0x1E, 0x06, 0xC0, 0x01, 0xC6, 0x71, 0x9C, 0x67, 0x19, 0xC6, 0x71, 0x9C, 0x67, 0x19, 0xCE, 0x3F, 0x87, 0xC0, 0x3B, 0x0E, 0xC0, 0x01,
    0xC6, 0x71, 0x9C, 0x67, 0x19, 0xC6, 0x71, 0x9C, 0x67, 0x19, 0xCE, 0x3F, 0x87, 0xC0, 0x02, 0x01, 0xC0, 0xE0, 0x00, 0x71, 0x9C, 0xE3, 0x30, 0xFC,
    0x1E, 0x07, 0x80, 0xE0, 0x30, 0x0C, 0x03, 0x00, 0xC0, 0x70, 0x1C, 0x07, 0xF1, 0xFE, 0x73, 0x9C, 0x67, 0x39, 0xFC, 0x7E, 0x1C, 0x07, 0x00, 0x1C,
    0x0F, 0x87, 0x71, 0xDC, 0x66, 0x19, 0x86, 0xE1, 0x9E, 0x63, 0x98, 0x76, 0xF9, 0xBE, 0x30, 0x30, 0x38, 0x08, 0x00, 0x3C, 0x7E, 0x06, 0x3F, 0x7F,
    0x67, 0x7F, 0x7F, 0x04, 0x0E, 0x1C, 0x08, 0x00, 0x3C, 0x7E, 0x06, 0x3F, 0x7F, 0x67, 0x7F, 0x7F, 0x1C, 0x3E, 0x26, 0x00, 0x3C, 0x7E, 0x06, 0x3F,
    0x7F, 0x67, 0x7F, 0x7F, 0x00, 0x3A, 0x7E, 0x64, 0x00, 0x3C, 0x7E, 0x06, 0x3F, 0x7F, 0x67, 0x7F, 0x7F, 0x00, 0x36, 0x36, 0x00, 0x3C, 0x7E, 0x06,
    0x3F, 0x7F, 0x67, 0x7F, 0x7F, 0x1C, 0x36, 0x1C, 0x00, 0x3C, 0x7E, 0x06, 0x3F, 0x7F, 0x67, 0x7F, 0x7F, 0x3D, 0xE7, 0xFF, 0x07, 0x33, 0xFF, 0x77,
    0xE6, 0x70, 0x7F, 0xF7, 0x9E, 0x3E, 0xFD, 0x87, 0x0E, 0x0C, 0x1F, 0x9F, 0x18, 0x38, 0x31, 0xC0, 0x20, 0x70, 0x38, 0x18, 0x00, 0x3C, 0x7E, 0x67,
    0xFF, 0xFE, 0x60, 0x7E, 0x3E, 0x04, 0x0E, 0x1C, 0x08, 0x00, 0x3C, 0x7E, 0x67, 0xFF, 0xFE, 0x60, 0x7E, 0x3E, 0x1C, 0x3E, 0x26, 0x00, 0x3C, 0x7E,
    0x67, 0xFF, 0xFE, 0x60, 0x7E, 0x3E, 0x00, 0x76, 0x36, 0x00, 0x3C, 0x7E, 0x67, 0xFF, 0xFE, 0x60, 0x7E, 0x3E, 0x02, 0x38, 0xE3, 0x00, 0xC6, 0x31,
    0x8C, 0x63, 0x18, 0x00, 0x8E, 0xE2, 0x01, 0x8C, 0x63, 0x18, 0xC6, 0x30, 0x79, 0xFC, 0xC0, 0x30, 0xC3, 0x0C, 0x30, 0xC3, 0x0C, 0x03, 0xBC, 0xC0,
    0x30, 0xC3, 0x0C, 0x30, 0xC3, 0x0C, 0x00, 0x19, 0x8F, 0x87, 0x82, 0x60, 0xF9, 0xFC, 0xEE, 0x63, 0x31, 0x99, 0xCF, 0xC3, 0xC0, 0x00, 0x1D, 0x8F,
    0xC4, 0xC0, 0x03, 0x71, 0xFC, 0xEE, 0x63, 0x31, 0x98, 0xCC, 0x66, 0x30, 0x30, 0x18, 0x0E, 0x01, 0x00, 0x01, 0xF1, 0xFC, 0xCE, 0xE3, 0x71, 0x99,
    0xCF, 0xE3, 0xE0, 0x04, 0x07, 0x03, 0x01, 0x00, 0x01, 0xF1, 0xFC, 0xCE, 0xE3, 0x71, 0x99, 0xCF, 0xE3, 0xE0, 0x1C, 0x1F, 0x09, 0x80, 0x03, 0xE3,
    0xF9, 0x9D, 0xC6, 0xE3, 0x33, 0x9F, 0xC7, 0xC0, 0x00, 0x1D, 0x1F, 0x8C, 0x80, 0x01, 0xF1, 0xFC, 0xCE, 0xE3, 0x71, 0x99, 0xCF, 0xE3, 0xE0, 0x00,
    0x1B, 0x0D, 0x80, 0x03, 0xE3, 0xF9, 0x9D, 0xC6, 0xE3, 0x33, 0x9F, 0xC7, 0xC0, 0x03, 0x00, 0x0C, 0x00, 0x00, 0x00, 0x00, 0x3F, 0xF0, 0xFF, 0xC0,
    0x00, 0x00, 0x00, 0x03, 0x00, 0x0C, 0x00, 0x00, 0x1F, 0x9F, 0xCC, 0xEE, 0xF7, 0xD9, 0xDC, 0xFE, 0x7E, 0x00, 0x00, 0x00, 0x18, 0x0E, 0x03, 0x00,
    0x80, 0x01, 0x8C, 0xC6, 0x63, 0x31, 0x98, 0xCC, 0xE7, 0xF1, 0xD8, 0x00, 0x03, 0x03, 0x81, 0x80, 0x80, 0x01, 0x8C, 0xC6, 0x63, 0x31, 0x98, 0xCC,
    0xE7, 0xF1, 0xD8, 0x1C, 0x1F, 0x08, 0x80, 0x06, 0x33, 0x19, 0x8C, 0xC6, 0x63, 0x33, 0x9F, 0xC7, 0x60, 0x00, 0x1B, 0x0D, 0x80, 0x06, 0x33, 0x19,
    0x8C, 0xC6, 0x63, 0x33, 0x9F, 0xC7, 0x60, 0x00, 0x04, 0x0E, 0x1C, 0x08, 0x00, 0xE7, 0x67, 0x66, 0x76, 0x3E, 0x3C, 0x1C, 0x1C, 0x18, 0x78, 0x70,
    0x00, 0x30, 0x18, 0x0C, 0x07, 0xE3, 0xF9, 0xCC, 0xC7, 0x63, 0xB1, 0x9F, 0xCF, 0xC6, 0x03, 0x01, 0x80, 0x00, 0x76, 0x66, 0x00, 0xE7, 0x67, 0x66,
    0x76, 0x3E, 0x3C, 0x1C, 0x1C, 0x18, 0x78, 0x70, 0x1E, 0x03, 0xE0, 0x00, 0x07, 0x00, 0xE0, 0x3E, 0x06, 0xC0, 0xD8, 0x3B, 0x87, 0xF0, 0xFE, 0x38,
    0xE7, 0x1C, 0xC3, 0x80, 0x3E, 0x3C, 0x00, 0x3C, 0x7E, 0x06, 0x3F, 0x7F, 0x67, 0x7F, 0x7F, 0x00, 0x03, 0x60, 0x7C, 0x00, 0x00, 0xE0, 0x1C, 0x07,
    0xC0, 0xD8, 0x1B, 0x07, 0x70, 0xFE, 0x1F, 0xC7, 0x1C, 0xE3, 0x98, 0x70, 0x20, 0x36, 0x3E, 0x08, 0x00, 0x3C, 0x7E, 0x06, 0x3F, 0x7F, 0x67, 0x7F,
    0x7F, 0x7F, 0xF9, 0x80, 0x65, 0x02, 0x92, 0x12, 0x4C, 0xC9, 0x1E, 0x24, 0x30, 0x90, 0xC2, 0x44, 0x89, 0x33, 0x24, 0x84, 0x94, 0x0A, 0x60, 0x19,
    0xFF, 0xE0, 0x7F, 0xF9, 0x80, 0x65, 0x02, 0x92, 0x12, 0x4C, 0xC9, 0x1E, 0x24, 0x30, 0x90, 0xC2, 0x44, 0x89, 0x33, 0x24, 0x84, 0x94, 0x0A, 0x60,
    0x19, 0xFF, 0xE0, 0x1F, 0x00, 0x1F, 0xC1, 0x9C, 0x43, 0x8E, 0x03, 0x86, 0x03, 0x83, 0x00, 0x81, 0x80, 0x00, 0xE0, 0x00, 0x71, 0x00, 0x1F, 0xC0,
    0x07, 0xC0, 0x00, 0x00, 0x00, 0x00, 0x18, 0x00, 0xE1, 0xF3, 0x87, 0xEE, 0x0C, 0x08, 0x38, 0x00, 0x70, 0x00, 0x60, 0x00, 0xFC, 0x00, 0xF8, 0x00,
    0x7F, 0xF9, 0x80, 0x65, 0x02, 0x92, 0x12, 0x4C, 0xC9, 0x1E, 0x24, 0x30, 0x90, 0xC2, 0x44, 0x89, 0x33, 0x24, 0x84, 0x94, 0x0A, 0x60, 0x19, 0xFF,
    0xE0, 0x7F, 0xF9, 0x80, 0x65, 0x02, 0x92, 0x12, 0x4C, 0xC9, 0x1E, 0x24, 0x30, 0x90, 0xC2, 0x44, 0x89, 0x33, 0x24, 0x84, 0x94, 0x0A, 0x60, 0x19,
    0xFF, 0xE0, 0x00, 0x0C, 0x3E, 0x1C, 0xFE, 0x33, 0x88, 0x07, 0x00, 0x0C, 0x00, 0x18, 0x00, 0x30, 0x00, 0x70, 0x00, 0xE2, 0x00, 0xFE, 0x00, 0xF8,
    0x00, 0x00, 0x30, 0x01, 0xC0, 0x0C, 0x00, 0x03, 0xE0, 0x3F, 0x01, 0x80, 0x1C, 0x00, 0xE0, 0x03, 0x00, 0x1F, 0x80, 0x7C, 0x00, 0x1F, 0x00, 0x0F,
    0xFC, 0xE7, 0x13, 0x31, 0xC0, 0x7C, 0x60, 0x1E, 0x18, 0x03, 0x06, 0x00, 0x41, 0xC0, 0x00, 0x71, 0x00, 0x0F, 0xE0, 0x01, 0xF0, 0x00, 0x01, 0xCE,
    0x00, 0xCC, 0x3E, 0x7C, 0x7E, 0x78, 0x60, 0x30, 0xE0, 0x10, 0xE0, 0x00, 0x60, 0x00, 0x7E, 0x00, 0x3E, 0x00, 0x7E, 0x00, 0x0F, 0xE7, 0x39, 0xCE,
    0x66, 0x38, 0xC7, 0xC7, 0x18, 0xF0, 0xE3, 0x0C, 0x1C, 0x60, 0x83, 0x8C, 0x00, 0x73, 0x80, 0x0F, 0xE0, 0x01, 0xF8, 0x00, 0x00, 0x00, 0x00, 0x00,
    0xC0, 0x00, 0x37, 0x38, 0x0C, 0xCC, 0x3F, 0x1F, 0x1F, 0xC7, 0x86, 0x30, 0xC1, 0x8C, 0x10, 0xE3, 0x00, 0x19, 0xC0, 0x07, 0xF0, 0x00, 0xFC, 0x00,
    0x7E, 0x1F, 0xE7, 0x39, 0xC7, 0x71, 0xFF, 0x77, 0x1D, 0xC7, 0x73, 0x9F, 0xE7, 0xE0, 0x02, 0x00, 0xC1, 0xF8, 0x0C, 0x1F, 0x1F, 0xC7, 0x71, 0x8C,
    0xE3, 0x19, 0xC7, 0xF0, 0xFC, 0x1E, 0x1F, 0x00, 0x0F, 0xE7, 0xF3, 0x81, 0xC0, 0xFC, 0x7E, 0x38, 0x1C, 0x0E, 0x07, 0xF3, 0xF8, 0x3E, 0x3C, 0x00,
    0x3C, 0x7E, 0x67, 0xFF, 0xFE, 0x60, 0x7E, 0x3E, 0x7F, 0xF9, 0x80, 0x65, 0x02, 0x92, 0x12, 0x4C, 0xC9, 0x1E, 0x24, 0x30, 0x90, 0xC2, 0x44, 0x89,
    0x33, 0x24, 0x84, 0x94, 0x0A, 0x60, 0x19, 0xFF, 0xE0, 0x7F, 0xF9, 0x80, 0x65, 0x02, 0x92, 0x12, 0x4C, 0xC9, 0x1E, 0x24, 0x30, 0x90, 0xC2, 0x44,
    0x89, 0x33, 0x24, 0x84, 0x94, 0x0A, 0x60, 0x19, 0xFF, 0xE0, 0x00, 0x0C, 0xFE, 0x1D, 0xFC, 0x33, 0x80, 0x07, 0x00, 0x0F, 0xC0, 0x1F, 0x80, 0x38,
    0x00, 0x70, 0x00, 0xE0, 0x01, 0xFC, 0x03, 0xF8, 0x00, 0x00, 0x18, 0x00, 0x70, 0x01, 0x80, 0x00, 0x3C, 0x01, 0xF8, 0x06, 0x70, 0x3F, 0xC0, 0xFE,
    0x01, 0x80, 0x07, 0xE0, 0x0F, 0x80, 0x7F, 0xF9, 0x80, 0x65, 0x02, 0x92, 0x12, 0x4C, 0xC9, 0x1E, 0x24, 0x30, 0x90, 0xC2, 0x44, 0x89, 0x33, 0x24,
    0x84, 0x94, 0x0A, 0x60, 0x19, 0xFF, 0xE0, 0x7F, 0xF9, 0x80, 0x65, 0x02, 0x92, 0x12, 0x4C, 0xC9, 0x1E, 0x24, 0x30, 0x90, 0xC2, 0x44, 0x89, 0x33,
    0x24, 0x84, 0x94, 0x0A, 0x60, 0x19, 0xFF, 0xE0, 0x00, 0x1B, 0x07, 0x00, 0x07, 0xF3, 0xF9, 0xC0, 0xE0, 0x7E, 0x3F, 0x1C, 0x0E, 0x07, 0x03, 0xF9,
    0xFC, 0x22, 0x76, 0x3C, 0x18, 0x00, 0x3C, 0x7E, 0x67, 0xFF, 0xFE, 0x60, 0x7E, 0x3E, 0x7F, 0xF9, 0x80, 0x65, 0x02, 0x92, 0x12, 0x4C, 0xC9, 0x1E,
    0x24, 0x30, 0x90, 0xC2, 0x44, 0x89, 0x33, 0x24, 0x84, 0x94, 0x0A, 0x60, 0x19, 0xFF, 0xE0, 0x7F, 0xF9, 0x80, 0x65, 0x02, 0x92, 0x12, 0x4C, 0xC9,
    0x1E, 0x24, 0x30, 0x90, 0xC2, 0x44, 0x89, 0x33, 0x24, 0x84, 0x94, 0x0A, 0x60, 0x19, 0xFF, 0xE0, 0x7F, 0xF9, 0x80, 0x65, 0x02, 0x92, 0x12, 0x4C,
    0xC9, 0x1E, 0x24, 0x30, 0x90, 0xC2, 0x44, 0x89, 0x33, 0x24, 0x84, 0x94, 0x0A, 0x60, 0x19, 0xFF, 0xE0, 0x7F, 0xF9, 0x80, 0x65, 0x02, 0x92, 0x12,
    0x4C, 0xC9, 0x1E, 0x24, 0x30, 0x90, 0xC2, 0x44, 0x89, 0x33, 0x24, 0x84, 0x94, 0x0A, 0x60, 0x19, 0xFF, 0xE0, 0x00, 0x06, 0x1F, 0x07, 0x3F, 0x86,
    0x71, 0x00, 0x70, 0x00, 0x60, 0x00, 0x67, 0x80, 0x67, 0x80, 0x71, 0x80, 0x71, 0x80, 0x3F, 0x80, 0x1F, 0x00, 0x00, 0x18, 0x00, 0x70, 0x01, 0x80,
    0x00, 0x3F, 0x01, 0xFC, 0x06, 0x60, 0x19, 0x80, 0x7C, 0x01, 0x80, 0x07, 0xE0, 0x1F, 0xC0, 0x63, 0x03, 0x9C, 0x07, 0xE0, 0x04, 0x00, 0x7F, 0xF9,
    0x80, 0x65, 0x02, 0x92, 0x12, 0x4C, 0xC9, 0x1E, 0x24, 0x30, 0x90, 0xC2, 0x44, 0x89, 0x33, 0x24, 0x84, 0x94, 0x0A, 0x60, 0x19, 0xFF, 0xE0, 0x7F,
    0xF9, 0x80, 0x65, 0x02, 0x92, 0x12, 0x4C, 0xC9, 0x1E, 0x24, 0x30, 0x90, 0xC2, 0x44, 0x89, 0x33, 0x24, 0x84, 0x94, 0x0A, 0x60, 0x19, 0xFF, 0xE0,
    0x7F, 0xF9, 0x80, 0x65, 0x02, 0x92, 0x12, 0x4C, 0xC9, 0x1E, 0x24, 0x30, 0x90, 0xC2, 0x44, 0x89, 0x33, 0x24, 0x84, 0x94, 0x0A, 0x60, 0x19, 0xFF,
    0xE0, 0x7F, 0xF9, 0x80, 0x65, 0x02, 0x92, 0x12, 0x4C, 0xC9, 0x1E, 0x24, 0x30, 0x90, 0xC2, 0x44, 0x89, 0x33, 0x24, 0x84, 0x94, 0x0A, 0x60, 0x19,
    0xFF, 0xE0, 0x7F, 0xF9, 0x80, 0x65, 0x02, 0x92, 0x12, 0x4C, 0xC9, 0x1E, 0x24, 0x30, 0x90, 0xC2, 0x44, 0x89, 0x33, 0x24, 0x84, 0x94, 0x0A, 0x60,
    0x19, 0xFF, 0xE0, 0x7F, 0xF9, 0x80, 0x65, 0x02, 0x92, 0x12, 0x4C, 0xC9, 0x1E, 0x24, 0x30, 0x90, 0xC2, 0x44, 0x89, 0x33, 0x24, 0x84, 0x94, 0x0A,
    0x60, 0x19, 0xFF, 0xE0, 0x75, 0xF8, 0x21, 0xC3, 0x87, 0x0E, 0x1C, 0x38, 0x70, 0xE1, 0xC3, 0x87, 0x00, 0x00, 0xFB, 0xF6, 0x40, 0x06, 0x0C, 0x18,
    0x30, 0x60, 0xC1, 0x83, 0x00, 0xF7, 0xC0, 0xE7, 0x39, 0xCE, 0x73, 0x9C, 0xE7, 0x38, 0x7D, 0xE0, 0x0C, 0x30, 0xC3, 0x0C, 0x30, 0xC3, 0x00, 0x7F,
    0xF9, 0x80, 0x65, 0x02, 0x92, 0x12, 0x4C, 0xC9, 0x1E, 0x24, 0x30, 0x90, 0xC2, 0x44, 0x89, 0x33, 0x24, 0x84, 0x94, 0x0A, 0x60, 0x19, 0xFF, 0xE0,
    0x7F, 0xF9, 0x80, 0x65, 0x02, 0x92, 0x12, 0x4C, 0xC9, 0x1E, 0x24, 0x30, 0x90, 0xC2, 0x44, 0x89, 0x33, 0x24, 0x84, 0x94, 0x0A, 0x60, 0x19, 0xFF,
    0xE0, 0x7F, 0xF9, 0x80, 0x65, 0x02, 0x92, 0x12, 0x4C, 0xC9, 0x1E, 0x24, 0x30, 0x90, 0xC2, 0x44, 0x89, 0x33, 0x24, 0x84, 0x94, 0x0A, 0x60, 0x19,
    0xFF, 0xE0, 0x7F, 0xF9, 0x80, 0x65, 0x02, 0x92, 0x12, 0x4C, 0xC9, 0x1E, 0x24, 0x30, 0x90, 0xC2, 0x44, 0x89, 0x33, 0x24, 0x84, 0x94, 0x0A, 0x60,
    0x19, 0xFF, 0xE0, 0x00, 0xCE, 0x1D, 0xC3, 0x38, 0x07, 0x00, 0xE0, 0x1C, 0x03, 0x80, 0x70, 0x0E, 0x01, 0xC0, 0x38, 0x00, 0x7F, 0xF9, 0x80, 0x65,
    0x02, 0x92, 0x12, 0x4C, 0xC9, 0x1E, 0x24, 0x30, 0x90, 0xC2, 0x44, 0x89, 0x33, 0x24, 0x84, 0x94, 0x0A, 0x60, 0x19, 0xFF, 0xE0, 0x7F, 0xF9, 0x80,
    0x65, 0x02, 0x92, 0x12, 0x4C, 0xC9, 0x1E, 0x24, 0x30, 0x90, 0xC2, 0x44, 0x89, 0x33, 0x24, 0x84, 0x94, 0x0A, 0x60, 0x19, 0xFF, 0xE0, 0x7F, 0xF9,
    0x80, 0x65, 0x02, 0x92, 0x12, 0x4C, 0xC9, 0x1E, 0x24, 0x30, 0x90, 0xC2, 0x44, 0x89, 0x33, 0x24, 0x84, 0x94, 0x0A, 0x60, 0x19, 0xFF, 0xE0, 0x7F,
    0xF9, 0x80, 0x65, 0x02, 0x92, 0x12, 0x4C, 0xC9, 0x1E, 0x24, 0x30, 0x90, 0xC2, 0x44, 0x89, 0x33, 0x24, 0x84, 0x94, 0x0A, 0x60, 0x19, 0xFF, 0xE0,
    0x7F, 0xF9, 0x80, 0x65, 0x02, 0x92, 0x12, 0x4C, 0xC9, 0x1E, 0x24, 0x30, 0x90, 0xC2, 0x44, 0x89, 0x33, 0x24, 0x84, 0x94, 0x0A, 0x60, 0x19, 0xFF,
    0xE0, 0x7F, 0xF9, 0x80, 0x65, 0x02, 0x92, 0x12, 0x4C, 0xC9, 0x1E, 0x24, 0x30, 0x90, 0xC2, 0x44, 0x89, 0x33, 0x24, 0x84, 0x94, 0x0A, 0x60, 0x19,
    0xFF, 0xE0, 0x7F, 0xF9, 0x80, 0x65, 0x02, 0x92, 0x12, 0x4C, 0xC9, 0x1E, 0x24, 0x30, 0x90, 0xC2, 0x44, 0x89, 0x33, 0x24, 0x84, 0x94, 0x0A, 0x60,
    0x19, 0xFF, 0xE0, 0x7F, 0xF9, 0x80, 0x65, 0x02, 0x92, 0x12, 0x4C, 0xC9, 0x1E, 0x24, 0x30, 0x90, 0xC2, 0x44, 0x89, 0x33, 0x24, 0x84, 0x94, 0x0A,
    0x60, 0x19, 0xFF, 0xE0, 0x70, 0x00, 0x70, 0x06, 0x70, 0x1C, 0x70, 0x38, 0x70, 0x70, 0x70, 0x20, 0x70, 0x00, 0x70, 0x00, 0x70, 0x00, 0x7F, 0x00,
    0x7F, 0x00, 0x60, 0x06, 0x00, 0x60, 0x66, 0x1C, 0x63, 0x86, 0x70, 0x62, 0x06, 0x00, 0x60, 0x06, 0x00, 0x70, 0x07, 0x00, 0x7F, 0xF9, 0x80, 0x65,
    0x02, 0x92, 0x12, 0x4C, 0xC9, 0x1E, 0x24, 0x30, 0x90, 0xC2, 0x44, 0x89, 0x33, 0x24, 0x84, 0x94, 0x0A, 0x60, 0x19, 0xFF, 0xE0, 0x7F, 0xF9, 0x80,
    0x65, 0x02, 0x92, 0x12, 0x4C, 0xC9, 0x1E, 0x24, 0x30, 0x90, 0xC2, 0x44, 0x89, 0x33, 0x24, 0x84, 0x94, 0x0A, 0x60, 0x19, 0xFF, 0xE0, 0x70, 0x00,
    0x38, 0x73, 0x9C, 0x19, 0x8E, 0x07, 0xC7, 0x03, 0xC3, 0x80, 0xC1, 0xC0, 0x20, 0xE0, 0x00, 0x70, 0x00, 0x3F, 0x80, 0x1F, 0xC0, 0x00, 0x60, 0x03,
    0x00, 0x1B, 0x9C, 0xCC, 0xC6, 0x3E, 0x31, 0xE1, 0x86, 0x0C, 0x10, 0x60, 0x03, 0x00, 0x1C, 0x00, 0xE0, 0x00, 0x7F, 0xF9, 0x80, 0x65, 0x02, 0x92,
    0x12, 0x4C, 0xC9, 0x1E, 0x24, 0x30, 0x90, 0xC2, 0x44, 0x89, 0x33, 0x24, 0x84, 0x94, 0x0A, 0x60, 0x19, 0xFF, 0xE0, 0x7F, 0xF9, 0x80, 0x65, 0x02,
    0x92, 0x12, 0x4C, 0xC9, 0x1E, 0x24, 0x30, 0x90, 0xC2, 0x44, 0x89, 0x33, 0x24, 0x84, 0x94, 0x0A, 0x60, 0x19, 0xFF, 0xE0, 0x7F, 0xF9, 0x80, 0x65,
    0x02, 0x92, 0x12, 0x4C, 0xC9, 0x1E, 0x24, 0x30, 0x90, 0xC2, 0x44, 0x89, 0x33, 0x24, 0x84, 0x94, 0x0A, 0x60, 0x19, 0xFF, 0xE0, 0x7F, 0xF9, 0x80,
    0x65, 0x02, 0x92, 0x12, 0x4C, 0xC9, 0x1E, 0x24, 0x30, 0x90, 0xC2, 0x44, 0x89, 0x33, 0x24, 0x84, 0x94, 0x0A, 0x60, 0x19, 0xFF, 0xE0, 0x02, 0x01,
    0xC0, 0xE0, 0x00, 0x71, 0x9C, 0x67, 0x99, 0xE6, 0x6D, 0x9B, 0x66, 0x79, 0x9E, 0x63, 0x98, 0xE6, 0x18, 0x00, 0x01, 0x01, 0xC1, 0xC0, 0xC0, 0x01,
    0xB8, 0xFE, 0x77, 0x31, 0x98, 0xCC, 0x66, 0x33, 0x18, 0x7F, 0xF9, 0x80, 0x65, 0x02, 0x92, 0x12, 0x4C, 0xC9, 0x1E, 0x24, 0x30, 0x90, 0xC2, 0x44,
    0x89, 0x33, 0x24, 0x84, 0x94, 0x0A, 0x60, 0x19, 0xFF, 0xE0, 0x7F, 0xF9, 0x80, 0x65, 0x02, 0x92, 0x12, 0x4C, 0xC9, 0x1E, 0x24, 0x30, 0x90, 0xC2,
    0x44, 0x89, 0x33, 0x24, 0x84, 0x94, 0x0A, 0x60, 0x19, 0xFF, 0xE0, 0x00, 0x06, 0xC0, 0xE0, 0x00, 0x71, 0x9C, 0x67, 0x99, 0xE6, 0x6D, 0x9B, 0x66,
    0x79, 0x9E, 0x63, 0x98, 0xE6, 0x18, 0x00, 0x1F, 0x87, 0x81, 0x80, 0x03, 0x71, 0xFC, 0xEE, 0x63, 0x31, 0x98, 0xCC, 0x66, 0x30, 0x7F, 0xF9, 0x80,
    0x65, 0x02, 0x92, 0x12, 0x4C, 0xC9, 0x1E, 0x24, 0x30, 0x90, 0xC2, 0x44, 0x89, 0x33, 0x24, 0x84, 0x94, 0x0A, 0x60, 0x19, 0xFF, 0xE0, 0x7F, 0xF9,
    0x80, 0x65, 0x02, 0x92, 0x12, 0x4C, 0xC9, 0x1E, 0x24, 0x30, 0x90, 0xC2, 0x44, 0x89, 0x33, 0x24, 0x84, 0x94, 0x0A, 0x60, 0x19, 0xFF, 0xE0, 0x7F,
    0xF9, 0x80, 0x65, 0x02, 0x92, 0x12, 0x4C, 0xC9, 0x1E, 0x24, 0x30, 0x90, 0xC2, 0x44, 0x89, 0x33, 0x24, 0x84, 0x94, 0x0A, 0x60, 0x19, 0xFF, 0xE0,
    0x1E, 0x03, 0xE0, 0x00, 0x0F, 0x83, 0xF8, 0xE3, 0x98, 0x73, 0x06, 0x60, 0xCC, 0x19, 0x87, 0x38, 0xE3, 0xF8, 0x3E, 0x00, 0x3E, 0x1E, 0x00, 0x07,
    0xC7, 0xF3, 0x3B, 0x8D, 0xC6, 0x67, 0x3F, 0x8F, 0x80, 0x00, 0x03, 0x60, 0x7C, 0x00, 0x01, 0xF0, 0x7F, 0x1C, 0x73, 0x0E, 0x60, 0xCC, 0x19, 0x83,
    0x30, 0xE7, 0x1C, 0x7F, 0x07, 0xC0, 0x22, 0x1B, 0x0F, 0x81, 0x00, 0x01, 0xF1, 0xFC, 0xCE, 0xE3, 0x71, 0x99, 0xCF, 0xE3, 0xE0, 0x7F, 0xF9, 0x80,
    0x65, 0x02, 0x92, 0x12, 0x4C, 0xC9, 0x1E, 0x24, 0x30, 0x90, 0xC2, 0x44, 0x89, 0x33, 0x24, 0x84, 0x94, 0x0A, 0x60, 0x19, 0xFF, 0xE0, 0x7F, 0xF9,
    0x80, 0x65, 0x02, 0x92, 0x12, 0x4C, 0xC9, 0x1E, 0x24, 0x30, 0x90, 0xC2, 0x44, 0x89, 0x33, 0x24, 0x84, 0x94, 0x0A, 0x60, 0x19, 0xFF, 0xE0, 0x1F,
    0xF8, 0xFF, 0xE7, 0x38, 0x18, 0xE0, 0x63, 0xF1, 0x8F, 0xC6, 0x38, 0x1C, 0xE0, 0x73, 0x80, 0xFF, 0xE1, 0xFF, 0x80, 0x3C, 0xE3, 0xFF, 0x99, 0xCF,
    0xC7, 0xFE, 0x3F, 0x33, 0xC1, 0xFF, 0xC7, 0x9E, 0x7F, 0x00, 0x1F, 0xE0, 0x67, 0x38, 0x71, 0xCE, 0x38, 0x73, 0x9C, 0x1F, 0xC2, 0x07, 0xE0, 0x01,
    0xDC, 0x00, 0x77, 0x00, 0x1C, 0xE0, 0x07, 0x38, 0x00, 0x00, 0x00, 0x00, 0x60, 0x07, 0x1B, 0x38, 0x7D, 0xC1, 0xC2, 0x06, 0x00, 0x18, 0x00, 0x60,
    0x01, 0x80, 0x06, 0x00, 0x00, 0x7F, 0xF9, 0x80, 0x65, 0x02, 0x92, 0x12, 0x4C, 0xC9, 0x1E, 0x24, 0x30, 0x90, 0xC2, 0x44, 0x89, 0x33, 0x24, 0x84,
    0x94, 0x0A, 0x60, 0x19, 0xFF, 0xE0, 0x7F, 0xF9, 0x80, 0x65, 0x02, 0x92, 0x12, 0x4C, 0xC9, 0x1E, 0x24, 0x30, 0x90, 0xC2, 0x44, 0x89, 0x33, 0x24,
    0x84, 0x94, 0x0A, 0x60, 0x19, 0xFF, 0xE0, 0x7F, 0x00, 0x0F, 0xF7, 0x39, 0xCE, 0x66, 0x39, 0xC7, 0xC7, 0x38, 0xF0, 0xFE, 0x0C, 0x1F, 0x80, 0x83,
    0xB8, 0x00, 0x77, 0x00, 0x0E, 0x70, 0x01, 0xCE, 0x00, 0x00, 0x03, 0x9C, 0x03, 0x31, 0xB3, 0xE3, 0xE7, 0x87, 0x06, 0x0C, 0x04, 0x18, 0x00, 0x30,
    0x00, 0x60, 0x00, 0xC0, 0x00, 0x3E, 0x00, 0x3F, 0x81, 0x9C, 0x83, 0x8E, 0x03, 0x87, 0xC3, 0x81, 0xF0, 0x80, 0x3C, 0x00, 0x06, 0x00, 0x63, 0x00,
    0x3F, 0x80, 0x0F, 0x80, 0x00, 0x00, 0x00, 0x00, 0x18, 0x00, 0xE1, 0xE3, 0x87, 0xCE, 0x0C, 0x08, 0x1E, 0x00, 0x1E, 0x00, 0x0E, 0x01, 0xF8, 0x01,
    0xF0, 0x00, 0x7F, 0xF9, 0x80, 0x65, 0x02, 0x92, 0x12, 0x4C, 0xC9, 0x1E, 0x24, 0x30, 0x90, 0xC2, 0x44, 0x89, 0x33, 0x24, 0x84, 0x94, 0x0A, 0x60,
    0x19, 0xFF, 0xE0, 0x7F, 0xF9, 0x80, 0x65, 0x02, 0x92, 0x12, 0x4C, 0xC9, 0x1E, 0x24, 0x30, 0x90, 0xC2, 0x44, 0x89, 0x33, 0x24, 0x84, 0x94, 0x0A,
    0x60, 0x19, 0xFF, 0xE0, 0x7F, 0xF9, 0x80, 0x65, 0x02, 0x92, 0x12, 0x4C, 0xC9, 0x1E, 0x24, 0x30, 0x90, 0xC2, 0x44, 0x89, 0x33, 0x24, 0x84, 0x94,
    0x0A, 0x60, 0x19, 0xFF, 0xE0, 0x7F, 0xF9, 0x80, 0x65, 0x02, 0x92, 0x12, 0x4C, 0xC9, 0x1E, 0x24, 0x30, 0x90, 0xC2, 0x44, 0x89, 0x33, 0x24, 0x84,
    0x94, 0x0A, 0x60, 0x19, 0xFF, 0xE0, 0x3E, 0x00, 0x1F, 0xDC, 0xE7, 0x23, 0x31, 0xC0, 0x7C, 0x7C, 0x1E, 0x0F, 0x83, 0x00, 0xF0, 0x40, 0x0C, 0x00,
    0x63, 0x00, 0x1F, 0xC0, 0x03, 0xE0, 0x00, 0x01, 0xCE, 0x00, 0xCC, 0x3C, 0x7C, 0x7C, 0x78, 0x60, 0x30, 0x78, 0x10, 0x3C, 0x00, 0x0E, 0x00, 0xFC,
    0x00, 0x7C, 0x00, 0x7F, 0xF9, 0x80, 0x65, 0x02, 0x92, 0x12, 0x4C, 0xC9, 0x1E, 0x24, 0x30, 0x90, 0xC2, 0x44, 0x89, 0x33, 0x24, 0x84, 0x94, 0x0A,
    0x60, 0x19, 0xFF, 0xE0, 0x7F, 0xF9, 0x80, 0x65, 0x02, 0x92, 0x12, 0x4C, 0xC9, 0x1E, 0x24, 0x30, 0x90, 0xC2, 0x44, 0x89, 0x33, 0x24, 0x84, 0x94,
    0x0A, 0x60, 0x19, 0xFF, 0xE0, 0xFF, 0x80, 0x3F, 0xDC, 0xE1, 0xC3, 0x30, 0x70, 0x7C, 0x1C, 0x1E, 0x07, 0x03, 0x01, 0xC0, 0x40, 0x70, 0x00, 0x1C,
    0x00, 0x07, 0x00, 0x01, 0xC0, 0x00, 0x00, 0x00, 0xE7, 0x39, 0xC6, 0x67, 0xE7, 0xCF, 0x8F, 0x0E, 0x0C, 0x1C, 0x08, 0x38, 0x00, 0x70, 0x00, 0xF8,
    0x00, 0xF0, 0x00, 0x7F, 0xF9, 0x80, 0x65, 0x02, 0x92, 0x12, 0x4C, 0xC9, 0x1E, 0x24, 0x30, 0x90, 0xC2, 0x44, 0x89, 0x33, 0x24, 0x84, 0x94, 0x0A,
    0x60, 0x19, 0xFF, 0xE0, 0x7F, 0xF9, 0x80, 0x65, 0x02, 0x92, 0x12, 0x4C, 0xC9, 0x1E, 0x24, 0x30, 0x90, 0xC2, 0x44, 0x89, 0x33, 0x24, 0x84, 0x94,
    0x0A, 0x60, 0x19, 0xFF, 0xE0, 0x1D, 0x0F, 0xC0, 0x21, 0xC6, 0x71, 0x9C, 0x67, 0x19, 0xC6, 0x71, 0x9C, 0x67, 0x19, 0xCE, 0x3F, 0x87, 0xC0, 0x00,
    0x1D, 0x9F, 0x84, 0x80, 0x03, 0x19, 0x8C, 0xC6, 0x63, 0x31, 0x99, 0xCF, 0xE3, 0xB0, 0x1E, 0x07, 0xC0, 0x01, 0xC6, 0x71, 0x9C, 0x67, 0x19, 0xC6,
    0x71, 0x9C, 0x67, 0x19, 0xCE, 0x3F, 0x87, 0xC0, 0x3E, 0x1E, 0x00, 0x0C, 0x66, 0x33, 0x19, 0x8C, 0xC6, 0x67, 0x3F, 0x8E, 0xC0, 0x00, 0x06, 0xC1,
    0xE0, 0x00, 0x71, 0x9C, 0x67, 0x19, 0xC6, 0x71, 0x9C, 0x67, 0x19, 0xC6, 0x73, 0x8F, 0xE1, 0xF0, 0x22, 0x1B, 0x0F, 0x81, 0x00, 0x03, 0x19, 0x8C,
    0xC6, 0x63, 0x31, 0x99, 0xCF, 0xE3, 0xB0, 0x7F, 0xF9, 0x80, 0x65, 0x02, 0x92, 0x12, 0x4C, 0xC9, 0x1E, 0x24, 0x30, 0x90, 0xC2, 0x44, 0x89, 0x33,
    0x24, 0x84, 0x94, 0x0A, 0x60, 0x19, 0xFF, 0xE0, 0x7F, 0xF9, 0x80, 0x65, 0x02, 0x92, 0x12, 0x4C, 0xC9, 0x1E, 0x24, 0x30, 0x90, 0xC2, 0x44, 0x89,
    0x33, 0x24, 0x84, 0x94, 0x0A, 0x60, 0x19, 0xFF, 0xE0, 0x7F, 0xF9, 0x80, 0x65, 0x02, 0x92, 0x12, 0x4C, 0xC9, 0x1E, 0x24, 0x30, 0x90, 0xC2, 0x44,
    0x89, 0x33, 0x24, 0x84, 0x94, 0x0A, 0x60, 0x19, 0xFF, 0xE0, 0x7F, 0xF9, 0x80, 0x65, 0x02, 0x92, 0x12, 0x4C, 0xC9, 0x1E, 0x24, 0x30, 0x90, 0xC2,
    0x44, 0x89, 0x33, 0x24, 0x84, 0x94, 0x0A, 0x60, 0x19, 0xFF, 0xE0, 0x7F, 0xF9, 0x80, 0x65, 0x02, 0x92, 0x12, 0x4C, 0xC9, 0x1E, 0x24, 0x30, 0x90,
    0xC2, 0x44, 0x89, 0x33, 0x24, 0x84, 0x94, 0x0A, 0x60, 0x19, 0xFF, 0xE0, 0x7F, 0xF9, 0x80, 0x65, 0x02, 0x92, 0x12, 0x4C, 0xC9, 0x1E, 0x24, 0x30,
    0x90, 0xC2, 0x44, 0x89, 0x33, 0x24, 0x84, 0x94, 0x0A, 0x60, 0x19, 0xFF, 0xE0, 0x7F, 0xF9, 0x80, 0x65, 0x02, 0x92, 0x12, 0x4C, 0xC9, 0x1E, 0x24,
    0x30, 0x90, 0xC2, 0x44, 0x89, 0x33, 0x24, 0x84, 0x94, 0x0A, 0x60, 0x19, 0xFF, 0xE0, 0x7F, 0xF9, 0x80, 0x65, 0x02, 0x92, 0x12, 0x4C, 0xC9, 0x1E,
    0x24, 0x30, 0x90, 0xC2, 0x44, 0x89, 0x33, 0x24, 0x84, 0x94, 0x0A, 0x60, 0x19, 0xFF, 0xE0, 0x7F, 0xF9, 0x80, 0x65, 0x02, 0x92, 0x12, 0x4C, 0xC9,
    0x1E, 0x24, 0x30, 0x90, 0xC2, 0x44, 0x89, 0x33, 0x24, 0x84, 0x94, 0x0A, 0x60, 0x19, 0xFF, 0xE0, 0x7F, 0xF9, 0x80, 0x65, 0x02, 0x92, 0x12, 0x4C,
    0xC9, 0x1E, 0x24, 0x30, 0x90, 0xC2, 0x44, 0x89, 0x33, 0x24, 0x84, 0x94, 0x0A, 0x60, 0x19, 0xFF, 0xE0, 0x7F, 0xF9, 0x80, 0x65, 0x02, 0x92, 0x12,
    0x4C, 0xC9, 0x1E, 0x24, 0x30, 0x90, 0xC2, 0x44, 0x89, 0x33, 0x24, 0x84, 0x94, 0x0A, 0x60, 0x19, 0xFF, 0xE0, 0x7F, 0x00, 0x3F, 0x81, 0x81, 0x83,
    0x81, 0xC3, 0x80, 0xC3, 0x80, 0xE0, 0x80, 0xE0, 0x00, 0x60, 0x00, 0x70, 0x00, 0x3F, 0x80, 0x3F, 0xC0, 0x00, 0x00, 0x00, 0x00, 0x18, 0x00, 0xE3,
    0xF3, 0x87, 0xEE, 0x03, 0x88, 0x06, 0x00, 0x1C, 0x00, 0x70, 0x00, 0xFC, 0x03, 0xF8, 0x00, 0x00, 0x0C, 0xFE, 0x1D, 0xFC, 0x30, 0x30, 0x00, 0xE0,
    0x01, 0x80, 0x07, 0x00, 0x1C, 0x00, 0x30, 0x00, 0xE0, 0x01, 0xFC, 0x07, 0xF8, 0x00, 0x00, 0x30, 0x01, 0xC0, 0x0C, 0x00, 0x07, 0xE0, 0x3F, 0x00,
    0x70, 0x03, 0x00, 0x38, 0x03, 0x80, 0x1F, 0x81, 0xFC, 0x00, 0x7F, 0x00, 0x1F, 0xDC, 0xE0, 0x63, 0x30, 0x38, 0x7C, 0x0C, 0x1E, 0x07, 0x03, 0x03,
    0x80, 0x40, 0xC0, 0x00, 0x70, 0x00, 0x1F, 0xC0, 0x0F, 0xF0, 0x00, 0x01, 0xCE, 0x00, 0xCC, 0x7E, 0x7C, 0x7E, 0x78, 0x1C, 0x30, 0x18, 0x10, 0x38,
    0x00, 0x70, 0x00, 0x7E, 0x00, 0xFE, 0x00, 0x7F, 0xF9, 0x80, 0x65, 0x02, 0x92, 0x12, 0x4C, 0xC9, 0x1E, 0x24, 0x30, 0x90, 0xC2, 0x44, 0x89, 0x33,
    0x24, 0x84, 0x94, 0x0A, 0x60, 0x19, 0xFF, 0xE0, 0x00, 0x03, 0x60, 0x38, 0x00, 0x00, 0xE0, 0x1C, 0x07, 0xC0, 0xD8, 0x1B, 0x07, 0x70, 0xFE, 0x1F,
    0xC7, 0x1C, 0xE3, 0x98, 0x70, 0x22, 0x36, 0x3C, 0x18, 0x00, 0x3C, 0x7E, 0x06, 0x3F, 0x7F, 0x67, 0x7F, 0x7F, 0x01, 0xB3, 0x80, 0x38, 0xE3, 0x8E,
    0x38, 0xE3, 0x8E, 0x38, 0xE3, 0x80, 0x03, 0xF7, 0x8C, 0x00, 0xC3, 0x0C, 0x30, 0xC3, 0x0C, 0x30, 0x00, 0x03, 0x60, 0x38, 0x00, 0x01, 0xF0, 0x7F,
    0x1C, 0x73, 0x0E, 0x60, 0xCC, 0x19, 0x83, 0x30, 0xE7, 0x1C, 0x7F, 0x07, 0xC0, 0x22, 0x1B, 0x0F, 0x01, 0x00, 0x01, 0xF1, 0xFC, 0xCE, 0xE3, 0x71,
    0x99, 0xCF, 0xE3, 0xE0, 0x00, 0x06, 0xC1, 0xE0, 0x00, 0x71, 0x9C, 0x67, 0x19, 0xC6, 0x71, 0x9C, 0x67, 0x19, 0xC6, 0x73, 0x8F, 0xE1, 0xF0, 0x22,
    0x1B, 0x0F, 0x01, 0x00, 0x03, 0x19, 0x8C, 0xC6, 0x63, 0x31, 0x99, 0xCF, 0xE3, 0xB0, 0x1F, 0x00, 0x01, 0x30, 0x4C, 0x00, 0x1C, 0x67, 0x19, 0xC6,
    0x71, 0x9C, 0x67, 0x19, 0xC6, 0x71, 0x9C, 0xE3, 0xF8, 0x7C, 0x3E, 0x00, 0x0D, 0x86, 0xC0, 0x03, 0x19, 0x8C, 0xC6, 0x63, 0x31, 0x99, 0xCF, 0xE3,
    0xB0, 0x02, 0x01, 0x80, 0xC0, 0x4C, 0x13, 0x00, 0x07, 0x19, 0xC6, 0x71, 0x9C, 0x67, 0x19, 0xC6, 0x71, 0x9C, 0x67, 0x38, 0xFE, 0x1F, 0x00, 0x0C,
    0x06, 0x02, 0x06, 0xC3, 0x60, 0x01, 0x8C, 0xC6, 0x63, 0x31, 0x98, 0xCC, 0xE7, 0xF1, 0xD8, 0x00, 0x06, 0xC0, 0xE0, 0x00, 0x13, 0x04, 0xC0, 0x01,
    0xC6, 0x71, 0x9C, 0x67, 0x19, 0xC6, 0x71, 0x9C, 0x67, 0x19, 0xCE, 0x3F, 0x87, 0xC0, 0x00, 0x1B, 0x07, 0x00, 0x03, 0x61, 0xB0, 0x00, 0xC6, 0x63,
    0x31, 0x98, 0xCC, 0x66, 0x73, 0xF8, 0xEC, 0x08, 0x07, 0x00, 0xC0, 0x4C, 0x13, 0x00, 0x07, 0x19, 0xC6, 0x71, 0x9C, 0x67, 0x19, 0xC6, 0x71, 0x9C,
    0x67, 0x38, 0xFE, 0x1F, 0x00, 0x10, 0x0C, 0x02, 0x06, 0xC3, 0x60, 0x01, 0x8C, 0xC6, 0x63, 0x31, 0x98, 0xCC, 0xE7, 0xF1, 0xD8, 0x10, 0x07, 0x00,
    0xC0, 0x10, 0x71, 0x9C, 0x67, 0x99, 0xE6, 0x6D, 0x9B, 0x66, 0x79, 0x9E, 0x63, 0x98, 0xE6, 0x18, 0x00, 0x08, 0x0E, 0x03, 0x80, 0x80, 0x01, 0xB8,
    0xFE, 0x77, 0x31, 0x98, 0xCC, 0x66, 0x33, 0x18, 0x01, 0x00, 0x38, 0x07, 0x00, 0x00, 0x70, 0xE7, 0x0E, 0x79, 0xE7, 0x9E, 0x79, 0xE7, 0xFE, 0x6F,
    0x66, 0xF6, 0x66, 0x66, 0x66, 0x60, 0x60, 0x00, 0x00, 0x02, 0x00, 0x1C, 0x00, 0xE0, 0x03, 0x00, 0x00, 0x06, 0xEF, 0x1F, 0xFC, 0x77, 0x39, 0x8C,
    0xE6, 0x33, 0x98, 0xCE, 0x63, 0x39, 0x8C, 0xE0, 0x63, 0x19, 0xCC, 0xE0, 0x00, 0x00, 0x00, 0x00, 0x00, 0x00, 0x00, 0xFF, 0xFF, 0xFF, 0xF0, 0x00,
    0x00, 0x00, 0x00, 0x00, 0x00, 0x00, 0x0C, 0x00, 0x38, 0x00, 0xE0, 0x03, 0x80, 0x0F, 0xFD, 0xFF, 0xFF, 0xFC, 0x1B, 0x80, 0x0E, 0x00, 0x38, 0x60,
    0xE1, 0x83, 0x86, 0x07, 0xF8, 0x1F, 0xC0, 0x3F, 0xF1, 0xFF, 0xE0, 0x00, 0x00, 0x00, 0x00, 0x00, 0xFF, 0x83, 0xFE, 0x00, 0x00, 0x00, 0x00, 0x00,
    0x07, 0xFF, 0x9F, 0xFE, 0x07, 0x00, 0x1C, 0x00, 0x70, 0x01, 0xC0, 0x07, 0xF8, 0x1F, 0xE0, 0x70, 0x01, 0xC0, 0x07, 0x00, 0x1C, 0x00, 0x70, 0x3F,
    0xFF, 0xFF, 0xFC, 0xFF, 0xFD, 0xFF, 0xE0, 0x30, 0x00, 0xC0, 0x03, 0xC0, 0x0F, 0x80, 0x3F, 0x80, 0xCC, 0x03, 0x10, 0x0C, 0x00, 0x30, 0x00, 0xC0,
    0x03, 0x00, 0x7F, 0xF9, 0xFF, 0xE0, 0x38, 0x01, 0xC0, 0x0F, 0xC0, 0x7F, 0x83, 0xB7, 0x9C, 0xCF, 0x63, 0x18, 0x0C, 0x00, 0x30, 0x00, 0xC0, 0x03,
    0x00, 0x00, 0x00, 0x00, 0x00, 0x18, 0x00, 0x60, 0x1F, 0xFE, 0x7F, 0xF8, 0x76, 0x03, 0x98, 0x0F, 0xFC, 0x3F, 0xF8, 0x06, 0x01, 0x9E, 0x0E, 0x6C,
    0x71, 0xB9, 0x9E, 0x62, 0x70, 0x00, 0x00, 0x00, 0x0C, 0x00, 0x30, 0x1F, 0xFE, 0x7F, 0xF9, 0x8C, 0x66, 0x31, 0x98, 0xC6, 0x7F, 0xF9, 0xFF, 0xE6,
    0x31, 0x80, 0xC0, 0x03, 0x00, 0x0C, 0x00, 0x30, 0x00, 0x00, 0x06, 0x00, 0x18, 0x00, 0xE0, 0x07, 0x38, 0x38, 0xC1, 0xC7, 0x06, 0x38, 0x01, 0xD8,
    0x0E, 0x70, 0x70, 0xC3, 0xFF, 0x9F, 0xFE, 0x30, 0x18, 0x0E, 0x00, 0x38, 0x00, 0xE0, 0x03, 0x80, 0x7F, 0xE1, 0xFF, 0x80, 0xCE, 0x03, 0x38, 0x0C,
    0xE0, 0x73, 0x83, 0x8E, 0xDC, 0x3B, 0xF0, 0x7D, 0x01, 0xE0, 0x00, 0x01, 0xFF, 0xE7, 0xFF, 0x86, 0x6E, 0x1F, 0xB0, 0x96, 0x07, 0x98, 0x04, 0xE0,
    0x7F, 0xF9, 0xFF, 0xE0, 0x78, 0x07, 0xFC, 0x7C, 0x79, 0xC0, 0x60, 0x00, 0x00, 0x3F, 0xF0, 0xFF, 0xC0, 0x00, 0x00, 0x00, 0x00, 0x00, 0x00, 0x00,
    0x00, 0x00, 0x00, 0x00, 0x01, 0xFF, 0xE7, 0xFF, 0x80, 0x7F, 0xF1, 0xFF, 0xE0, 0x60, 0x01, 0x80, 0x06, 0x00, 0xFF, 0x83, 0xFE, 0x03, 0x98, 0x0C,
    0x60, 0x31, 0x87, 0xFF, 0x9F, 0xFF, 0x00, 0x00, 0x0C, 0x00, 0x30, 0x00, 0xC0, 0x07, 0x00, 0x1C, 0x00, 0x78, 0x01, 0xE0, 0x0F, 0xC0, 0x33, 0x01,
    0xCE, 0x0E, 0x1C, 0xF0, 0x3D, 0x80, 0x60, 0x18, 0xC0, 0x63, 0x03, 0x8C, 0x0C, 0x30, 0x70, 0xC3, 0xFF, 0xF7, 0x7F, 0xCC, 0x30, 0x30, 0xC0, 0xC3,
    0x03, 0x0C, 0x0C, 0x30, 0x30, 0xC0, 0xC3, 0x00, 0x00, 0x00, 0x00, 0x00, 0x0C, 0x00, 0x78, 0x03, 0xF0, 0x1C, 0xE1, 0xF9, 0xEF, 0x7B, 0xD8, 0x62,
    0x3F, 0xF0, 0xFF, 0xC0, 0x06, 0x00, 0x38, 0x01, 0xC0, 0x0E, 0x00, 0x38, 0x00, 0x00, 0x18, 0xC0, 0xEB, 0x03, 0x6D, 0x9D, 0xBE, 0x77, 0xFB, 0xFF,
    0x6F, 0xED, 0x8D, 0xB6, 0x36, 0xF8, 0xDB, 0xC3, 0x64, 0xCD, 0x83, 0x37, 0xFC, 0xCF, 0xE0, 0x00, 0x00, 0x00, 0x00, 0xDB, 0xE3, 0x7F, 0x8C, 0xC6,
    0x7C, 0x19, 0xF0, 0x6F, 0xC1, 0xBF, 0x06, 0x7C, 0x19, 0xF0, 0x67, 0xC1, 0x9F, 0x06, 0x7C, 0x19, 0xF0, 0xE7, 0xC3, 0x80, 0x00, 0x00, 0x00, 0x0C,
    0x00, 0x78, 0x03, 0xF0, 0x3C, 0xF3, 0xFF, 0xF7, 0xFF, 0x80, 0x00, 0x7F, 0xF9, 0xFF, 0xE0, 0xE6, 0x07, 0x18, 0x3F, 0xF0, 0xFF, 0xE3, 0xC1, 0x80,
    0x00, 0x00, 0x00, 0x6C, 0x03, 0xB0, 0x0D, 0xFE, 0x77, 0xFD, 0xFB, 0x7F, 0xCD, 0xBC, 0xB4, 0x37, 0xF8, 0xDB, 0x63, 0x6D, 0x8F, 0xB6, 0x3C, 0xD8,
    0xC7, 0x03, 0x1C, 0x00, 0x00, 0x00, 0xD9, 0x83, 0x66, 0x0F, 0xFE, 0x7F, 0xFD, 0xDB, 0x6F, 0x6F, 0xBD, 0xBE, 0x7F, 0xF8, 0xFF, 0xC3, 0xDB, 0x0F,
    0x6C, 0x3F, 0xF8, 0xFF, 0x73, 0xC8, 0x80, 0x00, 0x00, 0x00, 0x33, 0x00, 0xCC, 0x07, 0x30, 0x1C, 0xC0, 0x63, 0x81, 0x86, 0x06, 0x18, 0x38, 0x70,
    0xC0, 0xC7, 0x03, 0xB8, 0x07, 0x40, 0x08, 0x03, 0x00, 0x1C, 0x00, 0x30, 0x00, 0xC0, 0xFF, 0xFD, 0xFF, 0xF0, 0x00, 0x03, 0x30, 0x1C, 0xE0, 0x61,
    0xC3, 0x87, 0x1C, 0x0E, 0xE0, 0x19, 0x80, 0x60, 0x00, 0x00, 0x61, 0x81, 0x86, 0x03, 0x38, 0x3F, 0xF8, 0xFF, 0xE0, 0x30, 0x00, 0xC0, 0x7F, 0xF9,
    0xFF, 0xE0, 0x7C, 0x03, 0xF0, 0x3C, 0xF3, 0xE1, 0xF7, 0x01, 0x80, 0x00, 0x7F, 0xF9, 0xFF, 0xE6, 0xC1, 0x9F, 0x06, 0x1F, 0xE0, 0x7F, 0x81, 0xFF,
    0x07, 0xFC, 0x00, 0x31, 0xFE, 0xC7, 0xFB, 0x00, 0x1C, 0x03, 0xE0, 0x0F, 0x80, 0x00, 0x00, 0x0C, 0xC0, 0x73, 0x81, 0x86, 0x0E, 0x1C, 0x70, 0x3B,
    0xFF, 0xF7, 0xFF, 0x81, 0x9C, 0x0E, 0x70, 0x31, 0xC0, 0xC7, 0x07, 0x18, 0x79, 0xE1, 0xC7, 0x80, 0x00, 0x00, 0x00, 0x00, 0x61, 0x81, 0x86, 0x1F,
    0xFE, 0xFF, 0xFC, 0x00, 0x07, 0xED, 0x9F, 0xB6, 0x7E, 0xD9, 0x9B, 0x66, 0x6D, 0x9F, 0xB6, 0x66, 0x19, 0xB9, 0xE6, 0xE7, 0x00, 0x00, 0x0D, 0xC0,
    0x37, 0x00, 0xDC, 0x9F, 0x7E, 0x7D, 0xF8, 0x37, 0x80, 0xDC, 0x03, 0x70, 0x0D, 0xC0, 0xF7, 0x3F, 0xDC, 0xDB, 0x73, 0x0C, 0xF8, 0x33, 0xE0, 0x00,
    0x00, 0x0C, 0x00, 0x30, 0x00, 0xC0, 0x03, 0x00, 0x0C, 0x07, 0xFF, 0xFF, 0xFF, 0x03, 0x00, 0x0C, 0x00, 0x30, 0x00, 0xC0, 0x03, 0x00, 0x0C, 0x00,
    0x30, 0x00, 0x00, 0x00, 0xE0, 0xFF, 0xC7, 0xF8, 0x08, 0xC0, 0x03, 0x00, 0x0C, 0x0F, 0xFF, 0xDF, 0xFE, 0x03, 0x00, 0x0C, 0x00, 0x30, 0x00, 0xC0,
    0x03, 0x00, 0x0C, 0x00, 0x00, 0x00, 0x03, 0x00, 0xFF, 0xC3, 0xFF, 0x80, 0xC0, 0x7F, 0xF9, 0xFF, 0xE1, 0xFB, 0x0F, 0xE0, 0x3B, 0x81, 0xFF, 0xE7,
    0xFF, 0x83, 0xF8, 0x7C, 0xF9, 0xC0, 0x60, 0x00, 0x00, 0x03, 0x01, 0xFF, 0xE7, 0xFF, 0x80, 0xC0, 0x7F, 0xF9, 0xFF, 0xE6, 0xCD, 0x9B, 0xF6, 0x6F,
    0xD9, 0x8C, 0x67, 0xFF, 0x9B, 0xF6, 0x63, 0x79, 0x8D, 0xE0, 0x00, 0x00, 0x0C, 0x00, 0x30, 0x1F, 0xFE, 0x3F, 0xF8, 0x0C, 0x00, 0x30, 0x3F, 0xFF,
    0xFF, 0xFC, 0x31, 0x01, 0xCE, 0x06, 0x1C, 0x3F, 0xF1, 0xFF, 0xE3, 0x81, 0x80, 0x00, 0x00, 0x30, 0x00, 0xC0, 0x1F, 0xFE, 0x7F, 0xF8, 0x30, 0x00,
    0xFF, 0x07, 0xFC, 0x1E, 0x70, 0x79, 0x83, 0x3E, 0x1C, 0xF0, 0x67, 0xF3, 0xFF, 0xE0, 0xC3, 0x80, 0x00, 0x7F, 0xF9, 0xFF, 0xE6, 0x03, 0x98, 0x0E,
    0x60, 0x39, 0x80, 0xE6, 0x03, 0x98, 0x0E, 0x60, 0x39, 0x80, 0xE7, 0xFF, 0x9F, 0xFE, 0x60, 0x18, 0x00, 0x00, 0x18, 0x00, 0x60, 0x1F, 0xFE, 0x7F,
    0xF8, 0x30, 0x01, 0xC0, 0x06, 0x00, 0x3F, 0xF8, 0xFF, 0xEF, 0xC3, 0x97, 0x0E, 0x1F, 0xF8, 0x7F, 0xE1, 0xC3, 0x00, 0x00, 0x00, 0x06, 0x07, 0xB8,
    0x1E, 0xFF, 0x7F, 0xF9, 0xF8, 0x07, 0xFF, 0x1E, 0xFE, 0x78, 0xE1, 0xE7, 0x07, 0xB8, 0x18, 0xC3, 0x47, 0x0C, 0x0F, 0xE0, 0x1F, 0x80, 0x00, 0x00,
    0x07, 0xC3, 0xFF, 0x0F, 0xC0, 0x30, 0x00, 0xFF, 0xF3, 0xFF, 0xCC, 0x00, 0x3F, 0xF9, 0xFF, 0xE7, 0xC1, 0x9B, 0x06, 0x6C, 0x1B, 0xBF, 0xE4, 0xFF,
    0x80, 0x00, 0x00, 0x31, 0xE7, 0xE7, 0xFE, 0x1F, 0xE0, 0x7F, 0x81, 0xFF, 0xF7, 0xFF, 0x9F, 0xCC, 0x7F, 0x31, 0xFC, 0xC6, 0x33, 0x11, 0xCC, 0x06,
    0x30, 0x18, 0xC0, 0x00, 0x00, 0x07, 0xB9, 0xFF, 0xF7, 0x7E, 0x95, 0xFE, 0x5F, 0xF9, 0x7F, 0xE5, 0x7F, 0x97, 0xFE, 0x7F, 0xE9, 0xDF, 0xA4, 0x5F,
    0x93, 0x7E, 0x0F, 0xE0, 0x2F, 0x80, 0x00, 0x00, 0x00, 0x00, 0x0C, 0x07, 0xFF, 0x80, 0xC0, 0x3F, 0xF0, 0x00, 0x03, 0xFF, 0x0C, 0x0C, 0x3F, 0xF1,
    0xFF, 0xEF, 0xFF, 0xCF, 0xFC, 0x30, 0x30, 0xC0, 0xC3, 0xFF, 0x00, 0x00, 0x00, 0x01, 0xEF, 0xE7, 0xB1, 0x9E, 0xFE, 0x7B, 0x19, 0xEF, 0xE7, 0xB0,
    0x1F, 0xFF, 0x7E, 0xCD, 0xFF, 0xF6, 0x3B, 0x90, 0xFE, 0x00, 0x18, 0x00, 0xE0, 0x00, 0x00, 0x7F, 0xF9, 0xFF, 0xE6, 0xD9, 0x9B, 0x66, 0x6D, 0x99,
    0xB6, 0x66, 0xDF, 0x9E, 0x3E, 0x78, 0x19, 0x80, 0x67, 0xFF, 0x9F, 0xFE, 0x60, 0x18, 0x7F, 0xF9, 0xFF, 0xE6, 0x01, 0x98, 0x06, 0x6F, 0xD9, 0xBF,
    0x66, 0xCD, 0x9B, 0x36, 0x6F, 0xD9, 0xBF, 0x66, 0x01, 0x9F, 0xFE, 0x7F, 0xF9, 0x80, 0x60, 0x7F, 0xF9, 0xFF, 0xE6, 0x01, 0x9F, 0xFE, 0x6F, 0xD9,
    0x8C, 0x66, 0xFD, 0x9B, 0xF6, 0x63, 0xD9, 0xFF, 0xE6, 0xFD, 0x9F, 0xFE, 0x7F, 0xF9, 0x80, 0x60, 0x00, 0x00, 0x18, 0x00, 0xE0, 0x1F, 0xFE, 0x7F,
    0xF8, 0x73, 0x03, 0x8C, 0x0C, 0x30, 0x77, 0xFB, 0xDF, 0xE7, 0x0C, 0x0C, 0x30, 0x30, 0xC0, 0xFF, 0xE3, 0x7F, 0x80, 0x00, 0x00, 0xE3, 0x03, 0x0C,
    0x0F, 0xF0, 0x3F, 0xC1, 0x9F, 0x86, 0x6F, 0x3F, 0xBE, 0x3E, 0xDC, 0x33, 0x21, 0xCC, 0x0E, 0x30, 0x78, 0xC3, 0xC3, 0x06, 0x0C, 0x00, 0x00, 0x00,
    0x00, 0x1C, 0x00, 0xFE, 0x0F, 0xF8, 0x7D, 0xC0, 0xBF, 0x00, 0xFC, 0x1F, 0xF0, 0x7B, 0xF8, 0x3F, 0xE1, 0xF7, 0x04, 0xFC, 0x07, 0xC1, 0xFE, 0x07,
    0xC0, 0x00, 0x00, 0x00, 0x00, 0x0C, 0x00, 0x30, 0x00, 0xC0, 0x03, 0x01, 0xFF, 0xE7, 0xFF, 0x81, 0xE0, 0x07, 0x80, 0x3F, 0x00, 0xCC, 0x07, 0x38,
    0x38, 0x79, 0xC0, 0xF6, 0x01, 0x80, 0x7F, 0xF9, 0xFF, 0xE0, 0x30, 0x00, 0xC0, 0x7F, 0xF9, 0xFF, 0xE0, 0x78, 0x01, 0xE0, 0x0F, 0xC0, 0x73, 0x83,
    0x87, 0xBC, 0x0F, 0x60, 0x18, 0x00, 0x00, 0x18, 0x00, 0x60, 0x03, 0x80, 0x7F, 0xF9, 0xFF, 0xF1, 0xC6, 0x06, 0x38, 0x38, 0xC0, 0xFF, 0x01, 0xFC,
    0x01, 0xF8, 0x3F, 0xF1, 0xF1, 0xE7, 0x01, 0x80, 0x00, 0x00, 0x00, 0xC1, 0x83, 0x36, 0x0C, 0xD8, 0xFF, 0x79, 0xFF, 0xE6, 0xFF, 0x9B, 0xFE, 0x7B,
    0x79, 0xED, 0xE7, 0xB7, 0x8E, 0xD8, 0x3F, 0x0D, 0xAF, 0xF6, 0x1F, 0x80, 0x00, 0x30, 0x00, 0xCF, 0xE3, 0x1F, 0xBF, 0x0C, 0xFC, 0x71, 0xB1, 0x86,
    0xFF, 0xDB, 0xFF, 0x78, 0x60, 0xE1, 0x83, 0xC6, 0x1F, 0x18, 0xE5, 0xE1, 0x07, 0x80, 0x00, 0x00, 0xCF, 0xC3, 0x3F, 0x0C, 0x0C, 0xFF, 0x31, 0xFC,
    0xC6, 0xF3, 0x1B, 0xFE, 0x7B, 0xF9, 0xE0, 0x67, 0xBF, 0x8F, 0xFE, 0x3C, 0x19, 0xA1, 0xE4, 0x07, 0x00, 0x00, 0x00, 0x00, 0xFF, 0xC3, 0xFF, 0x00,
    0x78, 0x03, 0x80, 0x0C, 0x07, 0xFF, 0xFF, 0xFF, 0x03, 0x00, 0x0C, 0x00, 0x30, 0x00, 0xC0, 0x1F, 0x00, 0x3C, 0x00, 0x00, 0x00, 0x00, 0x00, 0xCC,
    0xC3, 0xB3, 0x1F, 0xFE, 0x7F, 0xF9, 0x80, 0x67, 0xFF, 0x87, 0xF0, 0x03, 0x81, 0xFF, 0xE7, 0xFF, 0xC0, 0xC0, 0x03, 0x00, 0x3C, 0x00, 0xF0, 0x00,
    0x00, 0x00, 0x0C, 0x07, 0xFF, 0x9F, 0xFE, 0x7F, 0xF9, 0xFF, 0xE0, 0xF0, 0x1F, 0xCC, 0x77, 0xE0, 0x7F, 0x87, 0xBE, 0x1B, 0xEC, 0x7D, 0xB9, 0xFE,
    0x70, 0x70, 0x00, 0x00, 0x03, 0x00, 0x0C, 0x00, 0x30, 0x00, 0xC8, 0x33, 0x70, 0xCC, 0xC3, 0x33, 0x9C, 0xC6, 0x63, 0x1B, 0x8C, 0x74, 0x30, 0xC0,
    0xC0, 0x1F, 0x00, 0x3C, 0x00, 0x00, 0x00, 0x00, 0x00, 0x0C, 0x00, 0x30, 0x06, 0xCC, 0x33, 0x30, 0xCC, 0xE6, 0x31, 0x98, 0xC6, 0x03, 0x30, 0x0D,
    0xC0, 0x1E, 0x03, 0xF0, 0xFF, 0x01, 0xE0, 0x00, 0x03, 0x00, 0x0C, 0x00, 0x30, 0x18, 0xC6, 0x63, 0x19, 0x8C, 0x66, 0x31, 0x98, 0xC6, 0x63, 0x19,
    0x8C, 0x66, 0x31, 0x9F, 0xFE, 0x7F, 0xF8, 0x00, 0x60, 0x00, 0x00, 0x00, 0x00, 0x18, 0x00, 0xE0, 0x1F, 0xFE, 0x7F, 0xF8, 0x30, 0x01, 0xC0, 0x07,
    0xFE, 0x1F, 0xF8, 0xE7, 0x03, 0x1C, 0x1C, 0x70, 0xE1, 0xC1, 0x7F, 0xF1, 0xFF, 0xC0, 0x1F, 0xF9, 0x7F, 0xF7, 0x8C, 0x1E, 0xFE, 0x7F, 0xF9, 0xFB,
    0x67, 0xED, 0x9F, 0xB6, 0x7E, 0xD8, 0x7B, 0x63, 0xEF, 0x8D, 0xBE, 0x70, 0xC1, 0x83, 0x00, 0x00, 0x00, 0x00, 0x00, 0x60, 0x03, 0xFF, 0x8F, 0xFE,
    0x71, 0x81, 0x86, 0x07, 0xFF, 0x87, 0xFC, 0x19, 0x80, 0x66, 0x0F, 0xFF, 0xFF, 0xFF, 0x01, 0x80, 0x06, 0x00, 0x18, 0x00, 0x00, 0x7F, 0xF9, 0xFF,
    0xE0, 0xC6, 0x03, 0x18, 0x0C, 0x61, 0xFF, 0xEF, 0xFF, 0xC7, 0x18, 0x18, 0x60, 0x61, 0x83, 0x86, 0x1C, 0x18, 0x60, 0x60, 0x00, 0x00, 0x06, 0x00,
    0x1C, 0x00, 0x38, 0x00, 0x70, 0x0C, 0x81, 0xB0, 0xC6, 0xC3, 0x9B, 0x06, 0x6C, 0x19, 0xB1, 0xFE, 0xC6, 0x93, 0x18, 0x0F, 0xE0, 0x1F, 0x00, 0x00,
    0x00, 0x67, 0xE1, 0x9F, 0xBF, 0xE6, 0x7D, 0xF8, 0xF6, 0x67, 0xFF, 0xBF, 0xE6, 0x59, 0xF8, 0x67, 0xE0, 0xB1, 0x1F, 0xFE, 0x7C, 0x7D, 0x3F, 0xA0,
    0x7C, 0x00, 0x0F, 0xC1, 0xFF, 0xC7, 0x9D, 0x86, 0x76, 0x7F, 0xFB, 0xFF, 0xF1, 0x8D, 0x07, 0xB6, 0xFF, 0xF3, 0xF3, 0x81, 0x8E, 0xC6, 0xFB, 0x7B,
    0x7D, 0xE0, 0xE0, 0x00, 0x00, 0x1F, 0xC7, 0xFF, 0x0F, 0xC0, 0x03, 0x01, 0xFF, 0xE7, 0xFF, 0x80, 0xC0, 0x03, 0x03, 0xFF, 0xFF, 0xFF, 0xC0, 0xC0,
    0x03, 0x00, 0x7C, 0x01, 0xF0, 0x00, 0x00, 0x3F, 0xF0, 0xFF, 0xC3, 0x03, 0x0C, 0x0C, 0x30, 0x30, 0xFF, 0xC3, 0xFF, 0x0C, 0x0C, 0x30, 0x30, 0xC0,
    0xC3, 0xFF, 0x0F, 0xFC, 0x30, 0x30, 0x00, 0x31, 0xF0, 0xC7, 0xC3, 0x1B, 0xFF, 0x6F, 0xFD, 0xF0, 0xC7, 0xFB, 0x1B, 0x6C, 0x6C, 0xF1, 0xF2, 0xC7,
    0xC3, 0x18, 0x0C, 0x40, 0xF0, 0x03, 0x80, 0x01, 0xF9, 0xF7, 0xE7, 0xD9, 0x9B, 0x66, 0x7D, 0xF9, 0xF7, 0xE6, 0xD9, 0x9B, 0x66, 0x7F, 0xF9, 0xFF,
    0xE6, 0x31, 0x91, 0xC6, 0x0E, 0x78, 0x11, 0xE0, 0x00, 0x00, 0x00, 0x00, 0xFF, 0xC3, 0x03, 0x0F, 0xFC, 0x30, 0x30, 0xFF, 0xC7, 0xFF, 0x9F, 0xFE,
    0x1B, 0x00, 0xEF, 0xE3, 0xBF, 0x1F, 0xC0, 0xEF, 0xFD, 0x0F, 0xE0, 0x3F, 0xF0, 0xFF, 0xC3, 0x83, 0x0F, 0xFC, 0x3F, 0xF0, 0xE0, 0xC3, 0x83, 0x0F,
    0xFC, 0x3F, 0xF0, 0xC0, 0xC7, 0x03, 0x38, 0x7C, 0x41, 0xE0, 0x00, 0x00, 0x06, 0x00, 0x38, 0x07, 0xFF, 0x9F, 0xFE, 0x1F, 0xF0, 0xFF, 0xC7, 0x83,
    0x3F, 0xFC, 0x5F, 0xF0, 0x7F, 0xC1, 0xFF, 0x06, 0x0C, 0x18, 0xF0, 0x63, 0x80, 0x3C, 0xF9, 0xFF, 0xE6, 0x7D, 0x99, 0xF6, 0x7F, 0xF9, 0xFF, 0xE6,
    0x79, 0x9F, 0xFE, 0x7F, 0xF9, 0x9E, 0x66, 0x79, 0x99, 0xE6, 0xDF, 0x3B, 0x34, 0xE0, 0x00, 0x00, 0x00, 0x00, 0x0C, 0x00, 0x30, 0x00, 0xC0, 0x7F,
    0xF9, 0xFF, 0xE0, 0x78, 0x03, 0xF0, 0x0F, 0xC0, 0x6D, 0x83, 0xB7, 0x1C, 0xCF, 0xE3, 0x1D, 0x0C, 0x00, 0x30, 0x00, 0x00, 0x00, 0x00, 0x0C, 0x07,
    0xFF, 0x9F, 0xFE, 0x33, 0x30, 0xED, 0xC1, 0xB6, 0x1F, 0xFE, 0xFF, 0xFC, 0x3F, 0x01, 0xFE, 0x0E, 0xDC, 0x73, 0x3B, 0x8C, 0x60, 0x30, 0x80, 0x00,
    0x00, 0x00, 0x06, 0x07, 0xD8, 0x3F, 0x7F, 0x0F, 0xF9, 0x3F, 0x67, 0xFD, 0x9E, 0x30, 0x38, 0xE0, 0xE3, 0x83, 0xDE, 0x1F, 0x7C, 0xEB, 0xB9, 0x1C,
    0x70, 0x60, 0x80, 0x00, 0x03, 0x00, 0x0C, 0x00, 0x30, 0x00, 0xCC, 0x7F, 0x39, 0xFF, 0xC1, 0xFE, 0x06, 0xF0, 0x3B, 0xE0, 0xCD, 0xC7, 0x33, 0xB8,
    0xC7, 0x4F, 0x08, 0x3C, 0x00, 0x00, 0x00, 0x0C, 0x00, 0x30, 0x00, 0xC0, 0x33, 0x18, 0xCC, 0xE7, 0x73, 0x19, 0xCC, 0x07, 0x80, 0x3E, 0x01, 0xCC,
    0x0F, 0x3C, 0x78, 0x7D, 0x80, 0x60, 0x01, 0xF1, 0xFF, 0xC3, 0xB6, 0x1F, 0xFE, 0x7F, 0xF9, 0xB0, 0x63, 0xFF, 0x0F, 0xFC, 0x0F, 0xE0, 0x7F, 0xC1,
    0xEE, 0x0C, 0xF0, 0xFF, 0xF9, 0x31, 0xE0, 0x00, 0x00, 0x33, 0x03, 0xCF, 0x1F, 0x3E, 0x6F, 0xD8, 0x3F, 0x8F, 0xFF, 0x9F, 0xFE, 0x3F, 0xF0, 0xCC,
    0xC3, 0xFF, 0x0F, 0xF8, 0x30, 0x0C, 0xFF, 0xF1, 0xFF, 0x80, 0x13, 0x00, 0xEC, 0x03, 0x30, 0x0F, 0xFE, 0x7F, 0xFB, 0x8C, 0x04, 0x30, 0x0F, 0xFC,
    0x3F, 0xF0, 0x0C, 0x00, 0x30, 0x00, 0xC0, 0xFF, 0xFD, 0xFF, 0xE0, 0x3F, 0xF0, 0xFF, 0xC3, 0x33, 0x0F, 0xFC, 0x3F, 0xF0, 0xFF, 0xC3, 0xFF, 0x01,
    0xC0, 0x7F, 0xF9, 0xFF, 0xE0, 0xE3, 0x87, 0x0C, 0x79, 0xF1, 0xC7, 0xC0, 0x00, 0x00, 0x7F, 0xF9, 0xFF, 0xE0, 0x30, 0x0F, 0xFC, 0x3F, 0xF0, 0xC0,
    0xC3, 0x03, 0x0F, 0xFC, 0x3F, 0xF0, 0xC0, 0xC3, 0xFF, 0x0F, 0xFC, 0x30, 0x30, 0x00, 0x00, 0x63, 0x01, 0x8C, 0x1F, 0x7E, 0x7F, 0xF9, 0x9E, 0x66,
    0x71, 0x9F, 0xE6, 0x7E, 0xD9, 0x9B, 0xE6, 0x67, 0x99, 0x86, 0x7E, 0x19, 0xF3, 0xE6, 0x0F, 0x00, 0x00, 0x0F, 0xF0, 0xFF, 0xC3, 0xF0, 0x1F, 0xFE,
    0x7F, 0xF9, 0xFF, 0xE1, 0xC0, 0x0F, 0xFC, 0x7F, 0xF3, 0xFF, 0xC5, 0xFF, 0x07, 0xFC, 0x1F, 0xF0, 0x7F, 0xC0, 0x00, 0x00, 0xC3, 0x07, 0xFF, 0xDF,
    0xFE, 0xEF, 0x30, 0x1C, 0x00, 0xFC, 0x07, 0x3C, 0x7F, 0xFD, 0xBF, 0x61, 0xFE, 0x07, 0xF8, 0x18, 0x60, 0x7F, 0x81, 0xFE, 0x00, 0x00, 0x00, 0xC3,
    0x03, 0x0E, 0x0C, 0x78, 0x69, 0xB1, 0xFC, 0xEF, 0xFF, 0xDC, 0xFE, 0x7B, 0xF3, 0xFF, 0xC7, 0x33, 0x00, 0xCC, 0x7F, 0x33, 0xEF, 0xC4, 0x3F, 0x00,
    0x00, 0x06, 0x00, 0x18, 0xE3, 0xFF, 0x0F, 0xFC, 0x06, 0xE3, 0xFF, 0xF7, 0xFF, 0x83, 0xC0, 0x3C, 0xF3, 0xFF, 0x86, 0xF0, 0x03, 0x06, 0x0F, 0xF8,
    0x1F, 0xC0, 0x00, 0x00, 0xC7, 0x03, 0xDF, 0x9F, 0xFE, 0x7F, 0xC9, 0xFF, 0x37, 0xCF, 0x9F, 0xBE, 0x6F, 0xC1, 0xFF, 0xE6, 0x7F, 0x9F, 0xF8, 0x6F,
    0xCD, 0xBF, 0xF6, 0xCF, 0x80, 0xFF, 0xFD, 0xFF, 0xE0, 0xDC, 0x1F, 0xFE, 0x7F, 0xF9, 0xB7, 0x66, 0xDD, 0x9F, 0x3E, 0x78, 0xF9, 0x80, 0x67, 0xFF,
    0x9F, 0xFE, 0x60, 0x18, 0x7F, 0xF9, 0xFF, 0xE0, 0xDC, 0x1F, 0xFE, 0x7F, 0xF9, 0xFF, 0xE7, 0xFF, 0x81, 0x80, 0xFF, 0xFD, 0xFF, 0xE1, 0xFC, 0x07,
    0xF0, 0x7F, 0xF9, 0xF0, 0xC0, 0x23, 0x31, 0xCC, 0xC3, 0xB7, 0x05, 0xFE, 0xF7, 0xFB, 0xD8, 0x63, 0x7F, 0x8D, 0xFE, 0x33, 0xE0, 0xFF, 0x83, 0xF6,
    0x0F, 0xDB, 0x7E, 0x7C, 0xB0, 0xE0, 0x00, 0x00, 0x00, 0x01, 0x83, 0x07, 0x7F, 0x8C, 0xFC, 0x17, 0xFB, 0xDF, 0xEF, 0x3D, 0x8D, 0xF6, 0x37, 0xC0,
    0xDF, 0xE3, 0xFF, 0xCE, 0x78, 0x3B, 0xB9, 0xDC, 0x72, 0x60, 0x80, 0x00, 0x21, 0xE1, 0xCD, 0x83, 0x3F, 0x81, 0xFE, 0xF7, 0x63, 0xFF, 0xE3, 0xFF,
    0x8C, 0xD8, 0x33, 0xF8, 0xEF, 0xE3, 0xF6, 0x0E, 0xFF, 0x73, 0xFC, 0x8C, 0x00, 0x00, 0x00, 0x00, 0x00, 0x06, 0x06, 0x1C, 0x1F, 0xFE, 0x2F, 0xF8,
    0x19, 0x87, 0x76, 0x3C, 0xF8, 0x31, 0xE0, 0xCF, 0xC3, 0xF3, 0x8F, 0x86, 0x7C, 0x03, 0xFF, 0xF4, 0x7F, 0x80, 0x00, 0x03, 0xFB, 0xF7, 0xEF, 0x8D,
    0xB6, 0x7E, 0xF9, 0xFB, 0xC3, 0x6F, 0x9F, 0xB6, 0xFE, 0xD8, 0xDB, 0x76, 0x6F, 0x99, 0xBE, 0xFE, 0xC1, 0x33, 0x00, 0x00, 0x00, 0x3F, 0xF0, 0xFF,
    0xC3, 0x33, 0x0F, 0xFC, 0x3F, 0xF0, 0xCC, 0xC3, 0xFF, 0x0F, 0xFC, 0x03, 0x01, 0xFF, 0xE3, 0xFF, 0x80, 0xC0, 0xFF, 0xFD, 0xFF, 0xE0, 0x20, 0x01,
    0xDF, 0xE3, 0xFF, 0x9C, 0x06, 0x6F, 0xD9, 0xBF, 0x66, 0xCD, 0x9B, 0x36, 0x6F, 0xD9, 0xBF, 0x66, 0xC1, 0x98, 0x06, 0x60, 0x79, 0x81, 0xE0, 0x00,
    0x00,
};

constexpr uint16_t GLYPH_COUNT_18 = 440;
constexpr uint32_t BITMAP_BYTES_18 = 13122;
static const MnemosFontGlyph GLYPHS_18[GLYPH_COUNT_18] PROGMEM = {
    {32U, 0U, 0, 0, 0, 0, 4},
    {33U, 0U, 7, 14, 0, -14, 7},
    {34U, 13U, 10, 14, 0, -14, 10},
    {35U, 31U, 11, 14, 0, -14, 11},
    {36U, 51U, 11, 18, 0, -16, 11},
    {37U, 76U, 17, 14, 0, -14, 17},
    {38U, 106U, 13, 14, 0, -14, 13},
    {39U, 129U, 6, 14, 0, -14, 6},
    {40U, 140U, 7, 19, 0, -15, 7},
    {41U, 157U, 7, 19, 0, -15, 7},
    {42U, 174U, 9, 15, 0, -15, 9},
    {43U, 191U, 11, 12, 0, -12, 11},
    {44U, 208U, 6, 8, 0, -4, 6},
    {45U, 214U, 7, 6, 0, -6, 7},
    {46U, 220U, 6, 4, 0, -4, 6},
    {47U, 223U, 7, 18, 0, -15, 7},
    {48U, 239U, 11, 14, 0, -14, 11},
    {49U, 259U, 11, 14, 0, -14, 11},
    {50U, 279U, 11, 14, 0, -14, 11},
    {51U, 299U, 11, 14, 0, -14, 11},
    {52U, 319U, 11, 14, 0, -14, 11},
    {53U, 339U, 11, 14, 0, -14, 11},
    {54U, 359U, 11, 14, 0, -14, 11},
    {55U, 379U, 11, 14, 0, -14, 11},
    {56U, 399U, 11, 14, 0, -14, 11},
    {57U, 419U, 11, 14, 0, -14, 11},
    {58U, 439U, 6, 11, 0, -11, 6},
    {59U, 448U, 6, 14, 0, -10, 6},
    {60U, 459U, 11, 12, 0, -12, 11},
    {61U, 476U, 11, 10, 0, -10, 11},
    {62U, 490U, 11, 12, 0, -12, 11},
    {63U, 507U, 9, 15, 0, -15, 9},
    {64U, 524U, 18, 18, 0, -14, 18},
    {65U, 565U, 13, 14, -1, -14, 12},
    {66U, 588U, 12, 14, 0, -14, 12},
    {67U, 609U, 12, 14, 0, -14, 12},
    {68U, 630U, 13, 14, 0, -14, 13},
    {69U, 653U, 11, 14, 0, -14, 11},
    {70U, 673U, 11, 14, 0, -14, 11},
    {71U, 693U, 13, 14, 0, -14, 13},
    {72U, 716U, 14, 14, 0, -14, 14},
    {73U, 741U, 6, 14, 0, -14, 6},
    {74U, 752U, 10, 14, 0, -14, 10},
    {75U, 770U, 13, 14, 0, -14, 12},
    {76U, 793U, 10, 14, 0, -14, 10},
    {77U, 811U, 15, 14, 0, -14, 15},
    {78U, 838U, 13, 14, 0, -14, 13},
    {79U, 861U, 14, 14, 0, -14, 14},
    {80U, 886U, 12, 14, 0, -14, 12},
    {81U, 907U, 14, 18, 0, -14, 14},
    {82U, 939U, 12, 14, 0, -14, 12},
    {83U, 960U, 11, 14, 0, -14, 11},
    {84U, 980U, 11, 14, 0, -14, 11},
    {85U, 1000U, 13, 14, 0, -14, 13},
    {86U, 1023U, 13, 14, -1, -14, 11},
    {87U, 1046U, 17, 14, 0, -14, 16},
    {88U, 1076U, 12, 14, 0, -14, 11},
    {89U, 1097U, 12, 14, -1, -14, 10},
    {90U, 1118U, 11, 14, 0, -14, 11},
    {91U, 1138U, 7, 18, 0, -15, 7},
    {92U, 1154U, 7, 18, 0, -15, 7},
    {93U, 1170U, 7, 18, 0, -15, 7},
    {94U, 1186U, 11, 14, 0, -14, 11},
    {95U, 1206U, 10, 3, 0, 0, 10},
    {96U, 1210U, 11, 17, 0, -17, 11},
    {97U, 1234U, 11, 10, 0, -10, 11},
    {98U, 1248U, 12, 15, 0, -15, 12},
    {99U, 1271U, 9, 10, 0, -10, 9},
    {100U, 1283U, 12, 15, 0, -15, 12},
    {101U, 1306U, 10, 10, 0, -10, 10},
    {102U, 1319U, 8, 15, 0, -15, 7},
    {103U, 1334U, 11, 14, 0, -10, 11},
    {104U, 1354U, 12, 15, 0, -15, 12},
    {105U, 1377U, 5, 15, 0, -15, 5},
    {106U, 1387U, 7, 19, -1, -15, 6},
    {107U, 1404U, 11, 15, 0, -15, 11},
    {108U, 1425U, 6, 15, 0, -15, 6},
    {109U, 1437U, 17, 10, 0, -10, 17},
    {110U, 1459U, 12, 10, 0, -10, 12},
    {111U, 1474U, 11, 10, 0, -10, 11},
    {112U, 1488U, 12, 14, 0, -10, 12},
    {113U, 1509U, 12, 14, 0, -10, 12},
    {114U, 1530U, 8, 10, 0, -10, 8},
    {115U, 1540U, 9, 10, 0, -10, 9},
    {116U, 1552U, 8, 13, 0, -13, 8},
    {117U, 1565U, 11, 10, 0, -10, 11},
    {118U, 1579U, 11, 10, 0, -10, 10},
    {119U, 1593U, 16, 10, 0, -10, 16},
    {120U, 1613U, 10, 10, 0, -10, 10},
    {121U, 1626U, 11, 14, 0, -10, 10},
    {122U, 1646U, 9, 10, 0, -10, 9},
    {123U, 1658U, 7, 18, 0, -15, 7},
    {124U, 1674U, 5, 21, 0, -16, 5},
    {125U, 1688U, 7, 18, 0, -15, 7},
    {126U, 1704U, 11, 9, 0, -9, 11},
    {160U, 1717U, 0, 0, 0, 0, 4},
    {161U, 1717U, 7, 14, 0, -10, 7},
    {162U, 1730U, 11, 16, 0, -14, 11},
    {163U, 1752U, 11, 14, 0, -14, 11},
    {164U, 1772U, 11, 12, 0, -12, 11},
    {165U, 1789U, 11, 14, 0, -14, 11},
    {166U, 1809U, 5, 21, 0, -16, 5},
    {167U, 1823U, 18, 17, 0, -15, 18},
    {168U, 1862U, 11, 15, 0, -15, 11},
    {169U, 1883U, 15, 14, 0, -14, 15},
    {170U, 1910U, 7, 15, 0, -15, 7},
    {171U, 1924U, 10, 9, 0, -9, 10},
    {172U, 1936U, 11, 8, 0, -8, 11},
    {173U, 1947U, 0, 0, 0, 0, 1},
    {174U, 1947U, 9, 15, 0, -15, 9},
    {175U, 1964U, 11, 14, 0, -14, 11},
    {176U, 1984U, 7, 14, 0, -14, 7},
    {177U, 1997U, 18, 16, 0, -16, 18},
    {178U, 2033U, 8, 16, 0, -16, 8},
    {179U, 2049U, 8, 16, 0, -16, 8},
    {180U, 2065U, 11, 17, 0, -17, 11},
    {181U, 2089U, 12, 14, 0, -10, 12},
    {182U, 2110U, 18, 17, 0, -15, 18},
    {183U, 2149U, 18, 9, 0, -9, 18},
    {184U, 2170U, 11, 5, 0, 0, 11},
    {185U, 2177U, 8, 16, 0, -16, 8},
    {186U, 2193U, 8, 15, 0, -15, 8},
    {187U, 2208U, 10, 9, 0, -9, 10},
    {188U, 2220U, 17, 14, 0, -14, 16},
    {189U, 2250U, 17, 14, 0, -14, 17},
    {190U, 2280U, 17, 14, 0, -14, 17},
    {191U, 2310U, 9, 14, 0, -10, 9},
    {192U, 2326U, 13, 19, -1, -19, 12},
    {193U, 2357U, 13, 19, -1, -19, 12},
    {194U, 2388U, 13, 18, -1, -18, 12},
    {195U, 2418U, 13, 18, -1, -18, 12},
    {196U, 2448U, 13, 18, -1, -18, 12},
    {197U, 2478U, 13, 19, -1, -19, 12},
    {198U, 2509U, 18, 14, -1, -14, 17},
    {199U, 2541U, 12, 19, 0, -14, 12},
    {200U, 2570U, 11, 19, 0, -19, 11},
    {201U, 2597U, 11, 19, 0, -19, 11},
    {202U, 2624U, 11, 18, 0, -18, 11},
    {203U, 2649U, 11, 18, 0, -18, 11},
    {204U, 2674U, 7, 19, -1, -19, 6},
    {205U, 2691U, 7, 19, 0, -19, 6},
    {206U, 2708U, 8, 18, -1, -18, 6},
    {207U, 2726U, 8, 18, -1, -18, 6},
    {208U, 2744U, 13, 14, 0, -14, 13},
    {209U, 2767U, 13, 18, 0, -18, 13},
    {210U, 2797U, 14, 19, 0, -19, 14},
    {211U, 2831U, 14, 19, 0, -19, 14},
    {212U, 2865U, 14, 18, 0, -18, 14},
    {213U, 2897U, 14, 18, 0, -18, 14},
    {214U, 2929U, 14, 18, 0, -18, 14},
    {215U, 2961U, 18, 13, 0, -13, 18},
    {216U, 2991U, 14, 16, 0, -15, 14},
    {217U, 3019U, 13, 19, 0, -19, 13},
    {218U, 3050U, 13, 19, 0, -19, 13},
    {219U, 3081U, 13, 18, 0, -18, 13},
    {220U, 3111U, 13, 18, 0, -18, 13},
    {221U, 3141U, 12, 19, -1, -19, 10},
    {222U, 3170U, 12, 14, 0, -14, 12},
    {223U, 3191U, 13, 15, 0, -15, 13},
    {224U, 3216U, 11, 17, 0, -17, 11},
    {225U, 3240U, 11, 17, 0, -17, 11},
    {226U, 3264U, 11, 15, 0, -15, 11},
    {227U, 3285U, 11, 16, 0, -16, 11},
    {228U, 3307U, 11, 14, 0, -14, 11},
    {229U, 3327U, 11, 15, 0, -15, 11},
    {230U, 3348U, 16, 10, 0, -10, 16},
    {231U, 3368U, 9, 15, 0, -10, 9},
    {232U, 3385U, 10, 17, 0, -17, 10},
    {233U, 3407U, 10, 17, 0, -17, 10},
    {234U, 3429U, 10, 15, 0, -15, 10},
    {235U, 3448U, 10, 14, 0, -14, 10},
    {236U, 3466U, 6, 17, -1, -17, 5},
    {237U, 3479U, 7, 17, 0, -17, 5},
    {238U, 3494U, 8, 15, -1, -15, 5},
    {239U, 3509U, 8, 14, -1, -14, 5},
    {240U, 3523U, 11, 16, 0, -16, 11},
    {241U, 3545U, 12, 16, 0, -16, 12},
    {242U, 3569U, 11, 17, 0, -17, 11},
    {243U, 3593U, 11, 17, 0, -17, 11},
    {244U, 3617U, 11, 15, 0, -15, 11},
    {245U, 3638U, 11, 16, 0, -16, 11},
    {246U, 3660U, 11, 14, 0, -14, 11},
    {247U, 3680U, 18, 14, 0, -14, 18},
    {248U, 3712U, 11, 12, 0, -11, 11},
    {249U, 3729U, 11, 17, 0, -17, 11},
    {250U, 3753U, 11, 17, 0, -17, 11},
    {251U, 3777U, 11, 15, 0, -15, 11},
    {252U, 3798U, 11, 14, 0, -14, 11},
    {253U, 3818U, 11, 21, 0, -17, 10},
    {254U, 3847U, 12, 19, 0, -15, 12},
    {255U, 3876U, 11, 18, 0, -14, 10},
    {256U, 3901U, 13, 17, -1, -17, 12},
    {257U, 3929U, 11, 14, 0, -14, 11},
    {258U, 3949U, 13, 18, -1, -18, 12},
    {259U, 3979U, 11, 16, 0, -16, 11},
    {260U, 4001U, 18, 18, 0, -16, 18},
    {261U, 4042U, 18, 18, 0, -16, 18},
    {262U, 4083U, 22, 14, 0, -14, 12},
    {263U, 4122U, 19, 14, 0, -14, 9},
    {264U, 4156U, 18, 18, 0, -16, 18},
    {265U, 4197U, 18, 18, 0, -16, 18},
    {266U, 4238U, 20, 16, 0, -16, 12},
    {267U, 4278U, 17, 16, 0, -16, 9},
    {268U, 4312U, 23, 14, 0, -14, 12},
    {269U, 4353U, 20, 13, 0, -13, 9},
    {270U, 4386U, 24, 14, 0, -14, 13},
    {271U, 4428U, 23, 15, 0, -15, 12},
    {272U, 4472U, 13, 14, 0, -14, 13},
    {273U, 4495U, 12, 15, 0, -15, 12},
    {274U, 4518U, 11, 17, 0, -17, 11},
    {275U, 4542U, 10, 14, 0, -14, 10},
    {276U, 4560U, 18, 18, 0, -16, 18},
    {277U, 4601U, 18, 18, 0, -16, 18},
    {278U, 4642U, 19, 16, 0, -16, 11},
    {279U, 4680U, 18, 16, 0, -16, 10},
    {280U, 4716U, 18, 18, 0, -16, 18},
    {281U, 4757U, 18, 18, 0, -16, 18},
    {282U, 4798U, 11, 18, 0, -18, 11},
    {283U, 4823U, 10, 16, 0, -16, 10},
    {284U, 4843U, 18, 18, 0, -16, 18},
    {285U, 4884U, 18, 18, 0, -16, 18},
    {286U, 4925U, 18, 18, 0, -16, 18},
    {287U, 4966U, 18, 18, 0, -16, 18},
    {288U, 5007U, 21, 16, 0, -16, 13},
    {289U, 5049U, 19, 20, 0, -16, 11},
    {290U, 5097U, 18, 18, 0, -16, 18},
    {291U, 5138U, 18, 18, 0, -16, 18},
    {292U, 5179U, 18, 18, 0, -16, 18},
    {293U, 5220U, 18, 18, 0, -16, 18},
    {294U, 5261U, 18, 18, 0, -16, 18},
    {295U, 5302U, 18, 18, 0, -16, 18},
    {296U, 5343U, 8, 18, -1, -18, 6},
    {297U, 5361U, 9, 16, -2, -16, 5},
    {298U, 5379U, 6, 17, 0, -17, 6},
    {299U, 5392U, 7, 14, -1, -14, 5},
    {300U, 5405U, 18, 18, 0, -16, 18},
    {301U, 5446U, 18, 18, 0, -16, 18},
    {302U, 5487U, 18, 18, 0, -16, 18},
    {303U, 5528U, 18, 18, 0, -16, 18},
    {304U, 5569U, 14, 16, 0, -16, 6},
    {305U, 5597U, 18, 18, 0, -16, 18},
    {306U, 5638U, 18, 18, 0, -16, 18},
    {307U, 5679U, 18, 18, 0, -16, 18},
    {308U, 5720U, 18, 18, 0, -16, 18},
    {309U, 5761U, 18, 18, 0, -16, 18},
    {310U, 5802U, 18, 18, 0, -16, 18},
    {311U, 5843U, 18, 18, 0, -16, 18},
    {312U, 5884U, 18, 18, 0, -16, 18},
    {313U, 5925U, 20, 14, 0, -14, 10},
    {314U, 5960U, 16, 15, 0, -15, 6},
    {315U, 5990U, 18, 18, 0, -16, 18},
    {316U, 6031U, 18, 18, 0, -16, 18},
    {317U, 6072U, 21, 14, 0, -14, 10},
    {318U, 6109U, 17, 15, 0, -15, 6},
    {319U, 6141U, 18, 18, 0, -16, 18},
    {320U, 6182U, 18, 18, 0, -16, 18},
    {321U, 6223U, 18, 18, 0, -16, 18},
    {322U, 6264U, 18, 18, 0, -16, 18},
    {323U, 6305U, 13, 19, 0, -19, 13},
    {324U, 6336U, 12, 17, 0, -17, 12},
    {325U, 6362U, 18, 18, 0, -16, 18},
    {326U, 6403U, 18, 18, 0, -16, 18},
    {327U, 6444U, 13, 18, 0, -18, 13},
    {328U, 6474U, 12, 16, 0, -16, 12},
    {329U, 6498U, 18, 18, 0, -16, 18},
    {330U, 6539U, 18, 18, 0, -16, 18},
    {331U, 6580U, 18, 18, 0, -16, 18},
    {332U, 6621U, 14, 17, 0, -17, 14},
    {333U, 6651U, 11, 14, 0, -14, 11},
    {334U, 6671U, 14, 18, 0, -18, 14},
    {335U, 6703U, 11, 16, 0, -16, 11},
    {336U, 6725U, 18, 18, 0, -16, 18},
    {337U, 6766U, 18, 18, 0, -16, 18},
    {338U, 6807U, 18, 14, 0, -14, 18},
    {339U, 6839U, 17, 10, 0, -10, 17},
    {340U, 6861U, 22, 14, 0, -14, 12},
    {341U, 6900U, 18, 14, 0, -14, 8},
    {342U, 6932U, 18, 18, 0, -16, 18},
    {343U, 6973U, 18, 18, 0, -16, 18},
    {344U, 7014U, 23, 14, 0, -14, 12},
    {345U, 7055U, 19, 13, 0, -13, 8},
    {346U, 7086U, 21, 14, 0, -14, 11},
    {347U, 7123U, 19, 14, 0, -14, 9},
    {348U, 7157U, 18, 18, 0, -16, 18},
    {349U, 7198U, 18, 18, 0, -16, 18},
    {350U, 7239U, 18, 18, 0, -16, 18},
    {351U, 7280U, 18, 18, 0, -16, 18},
    {352U, 7321U, 22, 14, 0, -14, 11},
    {353U, 7360U, 20, 13, 0, -13, 9},
    {354U, 7393U, 18, 18, 0, -16, 18},
    {355U, 7434U, 18, 18, 0, -16, 18},
    {356U, 7475U, 22, 14, 0, -14, 11},
    {357U, 7514U, 19, 13, 0, -13, 8},
    {358U, 7545U, 18, 18, 0, -16, 18},
    {359U, 7586U, 18, 18, 0, -16, 18},
    {360U, 7627U, 13, 18, 0, -18, 13},
    {361U, 7657U, 11, 16, 0, -16, 11},
    {362U, 7679U, 13, 17, 0, -17, 13},
    {363U, 7707U, 11, 14, 0, -14, 11},
    {364U, 7727U, 13, 18, 0, -18, 13},
    {365U, 7757U, 11, 16, 0, -16, 11},
    {366U, 7779U, 18, 18, 0, -16, 18},
    {367U, 7820U, 18, 18, 0, -16, 18},
    {368U, 7861U, 18, 18, 0, -16, 18},
    {369U, 7902U, 18, 18, 0, -16, 18},
    {370U, 7943U, 18, 18, 0, -16, 18},
    {371U, 7984U, 18, 18, 0, -16, 18},
    {372U, 8025U, 18, 18, 0, -16, 18},
    {373U, 8066U, 18, 18, 0, -16, 18},
    {374U, 8107U, 18, 18, 0, -16, 18},
    {375U, 8148U, 18, 18, 0, -16, 18},
    {376U, 8189U, 18, 18, 0, -16, 18},
    {377U, 8230U, 21, 14, 0, -14, 11},
    {378U, 8267U, 19, 14, 0, -14, 9},
    {379U, 8301U, 19, 16, 0, -16, 11},
    {380U, 8339U, 17, 16, 0, -16, 9},
    {381U, 8373U, 22, 14, 0, -14, 11},
    {382U, 8412U, 20, 13, 0, -13, 9},
    {383U, 8445U, 18, 18, 0, -16, 18},
    {461U, 8486U, 13, 18, -1, -18, 12},
    {462U, 8516U, 11, 16, 0, -16, 11},
    {463U, 8538U, 8, 18, -1, -18, 6},
    {464U, 8556U, 8, 16, -1, -16, 5},
    {465U, 8572U, 14, 18, 0, -18, 14},
    {466U, 8604U, 11, 16, 0, -16, 11},
    {467U, 8626U, 13, 18, 0, -18, 13},
    {468U, 8656U, 11, 16, 0, -16, 11},
    {469U, 8678U, 13, 20, 0, -20, 13},
    {470U, 8711U, 11, 17, 0, -17, 11},
    {471U, 8735U, 13, 21, 0, -21, 13},
    {472U, 8770U, 11, 18, 0, -18, 11},
    {473U, 8795U, 13, 21, 0, -21, 13},
    {474U, 8830U, 11, 18, 0, -18, 11},
    {475U, 8855U, 13, 21, 0, -21, 13},
    {476U, 8890U, 11, 18, 0, -18, 11},
    {504U, 8915U, 13, 19, 0, -19, 13},
    {505U, 8946U, 12, 17, 0, -17, 12},
    {7742U, 8972U, 15, 19, 0, -19, 15},
    {7743U, 9008U, 17, 17, 0, -17, 17},
    {8230U, 9045U, 18, 8, 0, -8, 18},
    {19968U, 9063U, 18, 9, 0, -9, 18},
    {19971U, 9084U, 18, 18, 0, -16, 18},
    {19977U, 9125U, 18, 15, 0, -14, 18},
    {19978U, 9159U, 18, 17, 0, -16, 18},
    {19979U, 9198U, 18, 17, 0, -15, 18},
    {19981U, 9237U, 18, 17, 0, -15, 18},
    {19996U, 9276U, 18, 19, 0, -17, 18},
    {20013U, 9319U, 18, 18, 0, -16, 18},
    {20040U, 9360U, 18, 17, 0, -16, 18},
    {20061U, 9399U, 18, 19, 0, -16, 18},
    {20080U, 9442U, 18, 18, 0, -16, 18},
    {20108U, 9483U, 18, 15, 0, -14, 18},
    {20116U, 9517U, 18, 16, 0, -15, 18},
    {20154U, 9553U, 18, 17, 0, -15, 18},
    {20160U, 9592U, 18, 18, 0, -16, 18},
    {20170U, 9633U, 18, 19, 0, -17, 18},
    {20182U, 9676U, 18, 19, 0, -16, 18},
    {20204U, 9719U, 18, 18, 0, -16, 18},
    {20250U, 9760U, 18, 18, 0, -16, 18},
    {20320U, 9801U, 18, 18, 0, -16, 18},
    {20570U, 9842U, 18, 18, 0, -16, 18},
    {20843U, 9883U, 18, 16, 0, -14, 18},
    {20845U, 9919U, 18, 18, 0, -16, 18},
    {20851U, 9960U, 18, 18, 0, -16, 18},
    {20889U, 10001U, 18, 17, 0, -15, 18},
    {20998U, 10040U, 18, 19, 0, -16, 18},
    {21069U, 10083U, 18, 19, 0, -16, 18},
    {21271U, 10126U, 18, 18, 0, -16, 18},
    {21313U, 10167U, 18, 18, 0, -16, 18},
    {21315U, 10208U, 18, 18, 0, -16, 18},
    {21334U, 10249U, 18, 18, 0, -16, 18},
    {21335U, 10290U, 18, 18, 0, -16, 18},
    {21435U, 10331U, 18, 18, 0, -16, 18},
    {21451U, 10372U, 18, 18, 0, -16, 18},
    {21475U, 10413U, 18, 16, 0, -14, 18},
    {21491U, 10449U, 18, 18, 0, -16, 18},
    {21507U, 10490U, 18, 18, 0, -16, 18},
    {21518U, 10531U, 18, 18, 0, -16, 18},
    {21548U, 10572U, 18, 19, 0, -16, 18},
    {21738U, 10615U, 18, 18, 0, -16, 18},
    {21916U, 10656U, 18, 18, 0, -16, 18},
    {21917U, 10697U, 18, 18, 0, -15, 18},
    {22235U, 10738U, 18, 17, 0, -15, 18},
    {22238U, 10777U, 18, 18, 0, -16, 18},
    {22269U, 10818U, 18, 17, 0, -15, 18},
    {22312U, 10857U, 18, 18, 0, -16, 18},
    {22806U, 10898U, 18, 18, 0, -16, 18},
    {22810U, 10939U, 18, 18, 0, -16, 18},
    {22823U, 10980U, 18, 18, 0, -16, 18},
    {22825U, 11021U, 18, 17, 0, -15, 18},
    {22899U, 11060U, 18, 18, 0, -16, 18},
    {22905U, 11101U, 18, 19, 0, -16, 18},
    {22909U, 11144U, 18, 18, 0, -16, 18},
    {22920U, 11185U, 18, 18, 0, -16, 18},
    {23376U, 11226U, 18, 19, 0, -16, 18},
    {23398U, 11269U, 18, 19, 0, -17, 18},
    {23478U, 11312U, 18, 19, 0, -17, 18},
    {23567U, 11355U, 18, 19, 0, -16, 18},
    {23569U, 11398U, 18, 17, 0, -15, 18},
    {23665U, 11437U, 18, 18, 0, -16, 18},
    {24038U, 11478U, 18, 18, 0, -16, 18},
    {24072U, 11519U, 18, 18, 0, -16, 18},
    {24180U, 11560U, 18, 19, 0, -17, 18},
    {24320U, 11603U, 18, 17, 0, -15, 18},
    {24515U, 11642U, 18, 18, 0, -16, 18},
    {24819U, 11683U, 18, 18, 0, -16, 18},
    {25105U, 11724U, 18, 18, 0, -16, 18},
    {25163U, 11765U, 18, 19, 0, -16, 18},
    {26085U, 11808U, 18, 17, 0, -15, 18},
    {26102U, 11847U, 18, 19, 0, -16, 18},
    {26126U, 11890U, 18, 18, 0, -15, 18},
    {26159U, 11931U, 18, 18, 0, -15, 18},
    {26376U, 11972U, 18, 18, 0, -15, 18},
    {26377U, 12013U, 18, 18, 0, -16, 18},
    {26379U, 12054U, 18, 18, 0, -15, 18},
    {26408U, 12095U, 18, 18, 0, -16, 18},
    {26469U, 12136U, 18, 18, 0, -16, 18},
    {27426U, 12177U, 18, 18, 0, -16, 18},
    {27700U, 12218U, 18, 18, 0, -16, 18},
    {28779U, 12259U, 18, 17, 0, -15, 18},
    {29233U, 12298U, 18, 18, 0, -16, 18},
    {29240U, 12339U, 18, 18, 0, -16, 18},
    {29983U, 12380U, 18, 18, 0, -16, 18},
    {30007U, 12421U, 18, 17, 0, -15, 18},
    {30334U, 12460U, 18, 17, 0, -15, 18},
    {30340U, 12499U, 18, 19, 0, -16, 18},
    {30475U, 12542U, 18, 18, 0, -16, 18},
    {31572U, 12583U, 18, 19, 0, -17, 18},
    {32473U, 12626U, 18, 18, 0, -16, 18},
    {32769U, 12667U, 18, 18, 0, -16, 18},
    {33021U, 12708U, 18, 18, 0, -16, 18},
    {35199U, 12749U, 18, 17, 0, -15, 18},
    {35201U, 12788U, 18, 17, 0, -15, 18},
    {35828U, 12827U, 18, 19, 0, -16, 18},
    {35835U, 12870U, 18, 19, 0, -16, 18},
    {35841U, 12913U, 18, 19, 0, -16, 18},
    {36825U, 12956U, 18, 19, 0, -17, 18},
    {37027U, 12999U, 18, 18, 0, -16, 18},
    {37324U, 13040U, 18, 17, 0, -15, 18},
    {38382U, 13079U, 18, 19, 0, -16, 18},
};
static const uint8_t BITMAP_18[BITMAP_BYTES_18] PROGMEM = {
    0x38, 0x70, 0xE1, 0xC3, 0x87, 0x0E, 0x1C, 0x30, 0x00, 0x41, 0xC3, 0x87, 0x00, 0x73, 0x9C, 0xE7, 0x38, 0xCE, 0x33, 0x8C, 0xE2, 0x10, 0x00, 0x00,
    0x00, 0x00, 0x00, 0x00, 0x00, 0x00, 0x00, 0x00, 0x03, 0x30, 0x66, 0x0C, 0xC7, 0xFC, 0xFF, 0x8C, 0xC1, 0x98, 0x7F, 0xDF, 0xF8, 0xCC, 0x19, 0x83,
    0x30, 0x6C, 0x00, 0x00, 0x01, 0x80, 0x30, 0x0F, 0x83, 0xF8, 0xF3, 0x1C, 0x03, 0xC0, 0x3E, 0x03, 0xE0, 0x1E, 0x01, 0xC0, 0x3C, 0xE7, 0x1F, 0xE1,
    0xF8, 0x0C, 0x01, 0x80, 0x3C, 0x18, 0x3F, 0x1C, 0x19, 0x8C, 0x1C, 0xCC, 0x0E, 0x66, 0x07, 0x36, 0x71, 0xBB, 0x7C, 0xFB, 0x77, 0x19, 0xB1, 0x81,
    0x98, 0xC0, 0xCC, 0x60, 0xC7, 0x70, 0x61, 0xF0, 0x60, 0x70, 0x0F, 0x00, 0xFC, 0x0E, 0xE0, 0x77, 0x03, 0xF8, 0x1F, 0x80, 0x78, 0xEF, 0xC7, 0x7F,
    0x77, 0x3F, 0xB8, 0xF8, 0xE7, 0xF7, 0xFF, 0x9F, 0x9C, 0x71, 0xC7, 0x0C, 0x30, 0xC2, 0x00, 0x00, 0x00, 0x00, 0x00, 0x00, 0x0C, 0x38, 0x61, 0xC3,
    0x86, 0x0C, 0x38, 0x70, 0xE1, 0xC3, 0x83, 0x06, 0x0E, 0x1C, 0x18, 0x38, 0x20, 0x60, 0xE0, 0xC1, 0x83, 0x87, 0x06, 0x0C, 0x18, 0x30, 0x60, 0xC1,
    0x87, 0x0E, 0x18, 0x70, 0xC0, 0x80, 0x0C, 0x0E, 0x1F, 0xCF, 0xE1, 0xE1, 0xF0, 0xD8, 0x00, 0x00, 0x00, 0x00, 0x00, 0x00, 0x00, 0x00, 0x00, 0x0C,
    0x01, 0xC0, 0x38, 0x07, 0x0F, 0xFD, 0xFF, 0x83, 0x80, 0x70, 0x0E, 0x01, 0x80, 0x00, 0x00, 0x00, 0x01, 0xE7, 0x9E, 0x18, 0xE7, 0x18, 0x7C, 0xF8,
    0x00, 0x00, 0x00, 0x00, 0x21, 0xE7, 0x8C, 0x0E, 0x18, 0x30, 0x61, 0xC3, 0x06, 0x0C, 0x38, 0x60, 0xC1, 0x87, 0x0C, 0x18, 0x30, 0xE1, 0x80, 0x1F,
    0x07, 0xF1, 0xEE, 0x38, 0xE7, 0x1C, 0xE3, 0x9C, 0x73, 0x8E, 0x71, 0xCE, 0x39, 0xC7, 0x3D, 0xC3, 0xF8, 0x3C, 0x00, 0x1E, 0x07, 0xC0, 0xF8, 0x07,
    0x00, 0xE0, 0x1C, 0x03, 0x80, 0x70, 0x0E, 0x01, 0xC0, 0x38, 0x07, 0x07, 0xFC, 0xFF, 0x80, 0x3E, 0x0F, 0xE1, 0xDE, 0x01, 0xC0, 0x38, 0x07, 0x00,
    0xE0, 0x38, 0x0F, 0x03, 0xC0, 0x70, 0x3C, 0x07, 0xFC, 0xFF, 0x80, 0x3F, 0x0F, 0xF1, 0xDE, 0x01, 0xC0, 0x38, 0x0F, 0x07, 0xC0, 0xF8, 0x03, 0x80,
    0x38, 0x07, 0x3B, 0xE7, 0xF8, 0x7E, 0x00, 0x07, 0x81, 0xF0, 0x3E, 0x0F, 0xC3, 0xB8, 0x77, 0x1C, 0xE3, 0x1C, 0xFF, 0xDF, 0xF8, 0x0E, 0x01, 0xC0,
    0x38, 0x07, 0x00, 0x3F, 0x87, 0xF1, 0xE0, 0x38, 0x07, 0x00, 0xFE, 0x1F, 0xE1, 0x1E, 0x01, 0xC0, 0x38, 0x0F, 0x3B, 0xC7, 0xF8, 0x7C, 0x00, 0x0F,
    0x87, 0xF8, 0xF6, 0x38, 0x07, 0x00, 0xFE, 0x1F, 0xE3, 0xDE, 0x71, 0xCE, 0x39, 0xC7, 0x1D, 0xE3, 0xF8, 0x3E, 0x00, 0x7F, 0xCF, 0xF8, 0x0E, 0x01,
    0xC0, 0x70, 0x0E, 0x03, 0x80, 0x70, 0x0E, 0x01, 0xC0, 0x70, 0x0E, 0x01, 0xC0, 0x38, 0x00, 0x1F, 0x07, 0xF1, 0xCE, 0x38, 0xC7, 0x18, 0x7F, 0x07,
    0xC1, 0xFC, 0x73, 0xCE, 0x39, 0x87, 0x39, 0xE7, 0xF8, 0x3E, 0x00, 0x1E, 0x07, 0xE1, 0xCE, 0x38, 0xC6, 0x1C, 0xE3, 0x9C, 0xF3, 0xFE, 0x3D, 0xC0,
    0x38, 0x0E, 0x1B, 0xC7, 0xF0, 0x7C, 0x00, 0x01, 0xC7, 0x8C, 0x00, 0x00, 0x08, 0x79, 0xE3, 0x00, 0x31, 0xE7, 0x88, 0x00, 0x00, 0x1E, 0x79, 0xE1,
    0x8E, 0x71, 0x80, 0x00, 0x00, 0x18, 0x1F, 0x0F, 0xE7, 0xE1, 0xE0, 0x1F, 0x80, 0xFE, 0x07, 0xC0, 0x18, 0x00, 0x00, 0x00, 0xFF, 0xDF, 0xF8, 0x00,
    0x00, 0x00, 0x01, 0xFF, 0xBF, 0xF0, 0x00, 0x00, 0x00, 0x00, 0x00, 0x1C, 0x03, 0xE0, 0x3F, 0x80, 0xFC, 0x07, 0x83, 0xF3, 0xF8, 0xF8, 0x1C, 0x00,
    0x00, 0x00, 0x00, 0x00, 0x1F, 0x1F, 0xCC, 0xE0, 0x78, 0x38, 0x3C, 0x1C, 0x1C, 0x0E, 0x00, 0x01, 0x01, 0xC0, 0xE0, 0x70, 0x01, 0xF8, 0x01, 0xFF,
    0x80, 0xE0, 0xF0, 0x70, 0x0C, 0x38, 0x03, 0x8C, 0x7E, 0x67, 0x3F, 0x99, 0x8C, 0xE6, 0x67, 0x31, 0x99, 0x8C, 0x66, 0x77, 0x39, 0x9F, 0xFC, 0x73,
    0xDE, 0x0C, 0x00, 0x03, 0x80, 0x00, 0x78, 0xC0, 0x0F, 0xF8, 0x00, 0xF8, 0x00, 0x07, 0x80, 0x7C, 0x03, 0xE0, 0x1F, 0x80, 0xDC, 0x0E, 0xE0, 0x73,
    0x83, 0x9C, 0x3F, 0xE1, 0xFF, 0x0E, 0x1C, 0xE0, 0xE7, 0x07, 0x38, 0x3C, 0x7F, 0x87, 0xFC, 0x79, 0xE7, 0x8E, 0x78, 0xE7, 0x9E, 0x7F, 0xC7, 0xFE,
    0x78, 0xE7, 0x87, 0x78, 0x77, 0x8E, 0x7F, 0xE7, 0xFC, 0x0F, 0xC1, 0xFE, 0x3F, 0xE3, 0x80, 0x70, 0x07, 0x00, 0x70, 0x07, 0x00, 0x70, 0x07, 0x00,
    0x78, 0x43, 0xFE, 0x1F, 0xE0, 0xFC, 0x7F, 0x83, 0xFE, 0x1E, 0xF8, 0xF1, 0xC7, 0x8F, 0x3C, 0x39, 0xE1, 0xCF, 0x0E, 0x78, 0x73, 0xC7, 0x9E, 0x38,
    0xF7, 0xC7, 0xFC, 0x3F, 0xC0, 0x7F, 0xCF, 0xF9, 0xE0, 0x3C, 0x07, 0x80, 0xF0, 0x1F, 0xE3, 0xFC, 0x78, 0x0F, 0x01, 0xE0, 0x3C, 0x07, 0xFC, 0xFF,
    0x80, 0x7F, 0xCF, 0xF9, 0xE0, 0x3C, 0x07, 0x80, 0xF0, 0x1F, 0xE3, 0xFC, 0x78, 0x0F, 0x01, 0xE0, 0x3C, 0x07, 0x80, 0xF0, 0x00, 0x0F, 0xC0, 0xFF,
    0x0F, 0xF8, 0x70, 0x07, 0x00, 0x38, 0x01, 0xC7, 0xCE, 0x3E, 0x70, 0x73, 0xC3, 0x8E, 0x1C, 0x7F, 0xE1, 0xFF, 0x07, 0xE0, 0x78, 0x71, 0xE1, 0xC7,
    0x87, 0x1E, 0x1C, 0x78, 0x71, 0xFF, 0xC7, 0xFF, 0x1F, 0xFC, 0x78, 0x71, 0xE1, 0xC7, 0x87, 0x1E, 0x1C, 0x78, 0x71, 0xE1, 0xC0, 0x79, 0xE7, 0x9E,
    0x79, 0xE7, 0x9E, 0x79, 0xE7, 0x9E, 0x79, 0xE0, 0x03, 0x80, 0xE0, 0x38, 0x0E, 0x03, 0x80, 0xE0, 0x38, 0x0E, 0x03, 0x80, 0xE2, 0x3B, 0xFC, 0x7F,
    0x0F, 0x80, 0x78, 0xF3, 0xCF, 0x1E, 0x70, 0xF7, 0x07, 0xF8, 0x3F, 0x81, 0xFC, 0x0F, 0xF0, 0x7F, 0xC3, 0xCE, 0x1E, 0x78, 0xF1, 0xC7, 0x8F, 0x3C,
    0x38, 0x78, 0x1E, 0x07, 0x81, 0xE0, 0x78, 0x1E, 0x07, 0x81, 0xE0, 0x78, 0x1E, 0x07, 0x81, 0xE0, 0x7F, 0xDF, 0xF0, 0x78, 0x3C, 0xF0, 0x79, 0xF0,
    0xF3, 0xE3, 0xE7, 0xC7, 0xCF, 0xCF, 0x9D, 0xBF, 0x3B, 0x6E, 0x77, 0xDC, 0xE7, 0xB9, 0xCE, 0x73, 0x9C, 0xE7, 0x11, 0xCE, 0x03, 0x80, 0x78, 0x73,
    0xC3, 0x9F, 0x1C, 0xF8, 0xE7, 0xE7, 0x3B, 0x39, 0xDD, 0xCE, 0x6E, 0x73, 0xF3, 0x8F, 0x9C, 0x7C, 0xE1, 0xE7, 0x0F, 0x38, 0x38, 0x0F, 0xC0, 0x7F,
    0x83, 0xFF, 0x1E, 0x1C, 0x70, 0x79, 0xC0, 0xE7, 0x03, 0x9C, 0x0E, 0x70, 0x39, 0xC1, 0xE7, 0x87, 0x0F, 0xFC, 0x1F, 0xE0, 0x3F, 0x00, 0x7F, 0x87,
    0xFC, 0x79, 0xE7, 0x8E, 0x78, 0xE7, 0x8E, 0x79, 0xE7, 0xFC, 0x7F, 0x87, 0x80, 0x78, 0x07, 0x80, 0x78, 0x07, 0x80, 0x0F, 0xC0, 0x7F, 0x83, 0xFF,
    0x1E, 0x1C, 0x70, 0x79, 0xC0, 0xE7, 0x03, 0x9C, 0x0E, 0x70, 0x39, 0xC0, 0xE7, 0x87, 0x0F, 0x3C, 0x1F, 0xE0, 0x3F, 0x00, 0x38, 0x00, 0xFA, 0x01,
    0xF8, 0x03, 0xF0, 0x7F, 0x87, 0xFE, 0x79, 0xE7, 0x8E, 0x78, 0xE7, 0x8E, 0x79, 0xE7, 0xFE, 0x7F, 0x87, 0xBC, 0x79, 0xC7, 0x9E, 0x78, 0xE7, 0x8F,
    0x1F, 0x87, 0xF9, 0xFF, 0x38, 0x07, 0x80, 0xFC, 0x0F, 0xE0, 0x7E, 0x03, 0xC0, 0x3C, 0x87, 0xBF, 0xE7, 0xFC, 0x3E, 0x00, 0xFF, 0xFF, 0xFC, 0x38,
    0x07, 0x00, 0xE0, 0x1C, 0x03, 0x80, 0x70, 0x0E, 0x01, 0xC0, 0x38, 0x07, 0x00, 0xE0, 0x1C, 0x00, 0x70, 0x73, 0x83, 0x9C, 0x1C, 0xE0, 0xE7, 0x07,
    0x38, 0x39, 0xC1, 0xCE, 0x0E, 0x78, 0x71, 0xC3, 0x8E, 0x1C, 0x7F, 0xC1, 0xFE, 0x07, 0xC0, 0x70, 0x73, 0x83, 0x9E, 0x1C, 0x71, 0xC3, 0x8E, 0x1C,
    0x70, 0x73, 0x83, 0xB8, 0x1D, 0xC0, 0xEE, 0x03, 0xE0, 0x1F, 0x00, 0xF8, 0x03, 0xC0, 0xE1, 0xC7, 0x78, 0xE3, 0x9C, 0xF1, 0xCE, 0x78, 0xE7, 0x3E,
    0x73, 0x9F, 0x31, 0xDF, 0xB8, 0xEE, 0xDC, 0x3F, 0x7E, 0x1F, 0x3F, 0x0F, 0x9F, 0x07, 0xC7, 0x83, 0xE3, 0xC0, 0xF1, 0xE0, 0xF0, 0xE7, 0x1C, 0x39,
    0xC3, 0xB8, 0x1F, 0x81, 0xF0, 0x0F, 0x01, 0xF0, 0x1F, 0x03, 0xB8, 0x3B, 0x87, 0x1C, 0x71, 0xCF, 0x0E, 0x70, 0xF7, 0x8E, 0x38, 0xE3, 0x9C, 0x1D,
    0xC1, 0xF8, 0x0F, 0x80, 0xF0, 0x0F, 0x00, 0x70, 0x07, 0x00, 0x70, 0x07, 0x00, 0x70, 0x7F, 0xCF, 0xF8, 0x0F, 0x01, 0xC0, 0x78, 0x0E, 0x03, 0xC0,
    0x70, 0x1C, 0x07, 0x80, 0xE0, 0x3C, 0x07, 0xFE, 0xFF, 0xC0, 0x3C, 0x78, 0xC1, 0x83, 0x06, 0x0C, 0x18, 0x30, 0x60, 0xC1, 0x83, 0x06, 0x0C, 0x18,
    0x3C, 0x78, 0xE0, 0xC1, 0x83, 0x07, 0x06, 0x0C, 0x18, 0x38, 0x30, 0x60, 0xC1, 0xC1, 0x83, 0x06, 0x0E, 0x0C, 0x78, 0xF0, 0x60, 0xC1, 0x83, 0x06,
    0x0C, 0x18, 0x30, 0x60, 0xC1, 0x83, 0x06, 0x0C, 0x78, 0xF0, 0x0C, 0x01, 0xC0, 0x78, 0x0F, 0x83, 0xB0, 0x77, 0x0C, 0xE3, 0x8C, 0x61, 0x80, 0x00,
    0x00, 0x00, 0x00, 0x00, 0x00, 0x00, 0x00, 0x3F, 0xFF, 0xFC, 0x10, 0x07, 0x00, 0xF0, 0x07, 0x00, 0x40, 0x00, 0x00, 0x00, 0x00, 0x00, 0x00, 0x00,
    0x00, 0x00, 0x00, 0x00, 0x00, 0x00, 0x00, 0x00, 0x00, 0x00, 0x1F, 0x0F, 0xF0, 0xCE, 0x01, 0xC1, 0xFC, 0xFF, 0x9C, 0xF3, 0x9E, 0x7F, 0xC7, 0xB8,
    0x00, 0x07, 0x00, 0x70, 0x07, 0x00, 0x70, 0x07, 0x78, 0x7F, 0xC7, 0xFE, 0x70, 0xE7, 0x0E, 0x70, 0xE7, 0x1E, 0x7B, 0xC7, 0xFC, 0x77, 0x80, 0x1F,
    0x1F, 0xDF, 0xCE, 0x07, 0x03, 0x81, 0xC0, 0xF2, 0x3F, 0x8F, 0x80, 0x00, 0x00, 0x1C, 0x01, 0xC0, 0x1C, 0x01, 0xC1, 0xFC, 0x3F, 0xC7, 0xBC, 0x71,
    0xC7, 0x1C, 0x71, 0xC7, 0x1C, 0x7B, 0xC3, 0xFC, 0x1E, 0xC0, 0x1F, 0x0F, 0xE7, 0xBD, 0xC7, 0x7F, 0xDF, 0xF7, 0x01, 0xE6, 0x3F, 0x87, 0xE0, 0x1E,
    0x3E, 0x38, 0x38, 0x38, 0xFE, 0xFE, 0x38, 0x38, 0x38, 0x38, 0x38, 0x38, 0x38, 0x38, 0x1F, 0xE7, 0xF9, 0xCE, 0x39, 0xC7, 0x38, 0x7E, 0x0F, 0x83,
    0x80, 0x7F, 0x87, 0xF9, 0x87, 0xB0, 0xE7, 0xFC, 0x7E, 0x00, 0x00, 0x07, 0x00, 0x70, 0x07, 0x00, 0x70, 0x07, 0x78, 0x7F, 0xC7, 0xFC, 0x71, 0xC7,
    0x1C, 0x71, 0xC7, 0x1C, 0x71, 0xC7, 0x1C, 0x71, 0xC0, 0x33, 0x9C, 0x00, 0x39, 0xCE, 0x73, 0x9C, 0xE7, 0x39, 0xC0, 0x18, 0x70, 0xE0, 0x00, 0x07,
    0x0E, 0x1C, 0x38, 0x70, 0xE1, 0xC3, 0x87, 0x0E, 0x1C, 0x39, 0xF3, 0xC0, 0x30, 0x0E, 0x01, 0xC0, 0x38, 0x07, 0x00, 0xE3, 0x9C, 0xE3, 0xBC, 0x7F,
    0x0F, 0xC1, 0xFC, 0x3D, 0xC7, 0x38, 0xE3, 0x9C, 0x78, 0x71, 0xC7, 0x1C, 0x71, 0xC7, 0x1C, 0x71, 0xC7, 0x1C, 0x79, 0xE3, 0x80, 0x77, 0x9E, 0x3F,
    0xFF, 0x9F, 0xFF, 0xCE, 0x38, 0xE7, 0x1C, 0x73, 0x8E, 0x39, 0xC7, 0x1C, 0xE3, 0x8E, 0x71, 0xC7, 0x38, 0xE3, 0x80, 0x77, 0x87, 0xFC, 0x7F, 0xC7,
    0x1C, 0x71, 0xC7, 0x1C, 0x71, 0xC7, 0x1C, 0x71, 0xC7, 0x1C, 0x1F, 0x07, 0xF1, 0xEF, 0x38, 0xE7, 0x1E, 0xE3, 0xDC, 0x73, 0xDE, 0x3F, 0x83, 0xE0,
    0x77, 0x87, 0xFC, 0x7F, 0xE7, 0x0E, 0x70, 0xE7, 0x0E, 0x71, 0xE7, 0xBC, 0x7F, 0xC7, 0xF8, 0x70, 0x07, 0x00, 0x70, 0x07, 0x00, 0x1E, 0xC3, 0xFC,
    0x7B, 0xC7, 0x1C, 0x71, 0xC7, 0x1C, 0x71, 0xC7, 0xBC, 0x3F, 0xC1, 0xFC, 0x01, 0xC0, 0x1C, 0x01, 0xC0, 0x1C, 0x77, 0x7F, 0x7E, 0x78, 0x70, 0x70,
    0x70, 0x70, 0x70, 0x70, 0x3E, 0x3F, 0x9C, 0x8E, 0x07, 0xE0, 0xF8, 0x1C, 0xCE, 0xFF, 0x1F, 0x00, 0x38, 0x38, 0x38, 0xFE, 0xFE, 0x78, 0x38, 0x38,
    0x38, 0x38, 0x38, 0x3E, 0x1E, 0x71, 0xCE, 0x39, 0xC7, 0x38, 0xE7, 0x1C, 0xE3, 0x9C, 0x73, 0xFE, 0x3F, 0xC7, 0xD8, 0xE1, 0xCE, 0x39, 0xC7, 0x39,
    0xC3, 0x38, 0x76, 0x0F, 0xC0, 0xF8, 0x1E, 0x03, 0xC0, 0xE3, 0x8E, 0x73, 0xCE, 0x73, 0xCE, 0x73, 0xCC, 0x77, 0xDC, 0x3E, 0xFC, 0x3E, 0xFC, 0x3E,
    0x78, 0x3E, 0x78, 0x1C, 0x78, 0x73, 0xDC, 0xE3, 0xF0, 0xFC, 0x1E, 0x07, 0x83, 0xF0, 0xFC, 0x73, 0xBC, 0xF0, 0xE1, 0xCE, 0x39, 0xC6, 0x39, 0xC3,
    0xB8, 0x76, 0x07, 0xC0, 0xF8, 0x1E, 0x01, 0xC0, 0x38, 0x0E, 0x07, 0xC0, 0xF0, 0x00, 0x7F, 0xBF, 0xC1, 0xC1, 0xC1, 0xE0, 0xE0, 0xE0, 0xF0, 0x7F,
    0xFF, 0xC0, 0x0C, 0x78, 0xE1, 0xC3, 0x87, 0x0E, 0x1C, 0x71, 0xE0, 0xC1, 0xC3, 0x87, 0x0E, 0x1C, 0x3C, 0x38, 0x21, 0x8C, 0x63, 0x18, 0xC6, 0x31,
    0x8C, 0x63, 0x18, 0xC6, 0x31, 0x8C, 0x63, 0x00, 0x60, 0xE0, 0xE1, 0xC3, 0x87, 0x0E, 0x1C, 0x1C, 0x38, 0xE1, 0xC3, 0x87, 0x0E, 0x1C, 0x78, 0xE0,
    0x38, 0x0F, 0x99, 0xBF, 0x03, 0xC0, 0x00, 0x00, 0x00, 0x00, 0x00, 0x00, 0x00, 0x38, 0x70, 0xE0, 0x80, 0x06, 0x0E, 0x1C, 0x38, 0x70, 0xE1, 0xC3,
    0x87, 0x00, 0x06, 0x00, 0xC0, 0x1C, 0x0F, 0xC3, 0xF8, 0x7D, 0x1D, 0x83, 0xB0, 0x76, 0x0E, 0xC0, 0xFA, 0x1F, 0xE1, 0xF8, 0x0C, 0x01, 0x80, 0x00,
    0x00, 0x01, 0xF0, 0x7F, 0x1E, 0x43, 0x80, 0x70, 0x0E, 0x03, 0xF8, 0x7F, 0x03, 0x80, 0x60, 0x1C, 0x07, 0xFC, 0xFF, 0x80, 0x00, 0x0D, 0xD9, 0xFF,
    0x39, 0xC7, 0x1C, 0xE3, 0x9C, 0xF3, 0xFC, 0xFF, 0xC8, 0x18, 0x00, 0x00, 0x00, 0x00, 0x1E, 0x39, 0xC7, 0x39, 0xC3, 0xB8, 0x76, 0x07, 0xC3, 0xFE,
    0x7F, 0xCF, 0xF1, 0xFF, 0x07, 0x00, 0xE0, 0x1C, 0x00, 0x21, 0x8C, 0x63, 0x18, 0xC6, 0x31, 0x80, 0x43, 0x18, 0xC6, 0x31, 0x8C, 0x63, 0x00, 0x01,
    0xF0, 0x00, 0xFE, 0x00, 0x71, 0x00, 0x1C, 0x00, 0x07, 0x80, 0x00, 0xFC, 0x00, 0x7F, 0x80, 0x38, 0xF0, 0x0E, 0x1C, 0x01, 0xE7, 0x00, 0x7F, 0x80,
    0x07, 0xE0, 0x00, 0x78, 0x00, 0x0E, 0x00, 0x63, 0x80, 0x1F, 0xC0, 0x03, 0xE0, 0x00, 0x11, 0x87, 0x70, 0xE6, 0x00, 0x00, 0x00, 0x00, 0x00, 0x00,
    0x00, 0x00, 0x00, 0x00, 0x00, 0x00, 0x00, 0x00, 0x00, 0x00, 0x00, 0x07, 0xE0, 0x3D, 0xE0, 0xE0, 0x61, 0x9E, 0x66, 0x7C, 0xCD, 0xC0, 0x9B, 0x01,
    0xB6, 0x03, 0x6E, 0x04, 0xCF, 0xD8, 0xCF, 0x31, 0xC0, 0xC1, 0xEF, 0x00, 0xFC, 0x00, 0x38, 0xF9, 0x39, 0xF6, 0xFD, 0xDF, 0x9A, 0x00, 0x00, 0x00,
    0x00, 0x00, 0x00, 0x00, 0x19, 0x0E, 0xC7, 0x61, 0xB8, 0x6E, 0x1D, 0x83, 0xB0, 0x64, 0x00, 0x00, 0xFF, 0xDF, 0xF8, 0x03, 0x00, 0x60, 0x0C, 0x01,
    0x80, 0x00, 0x00, 0x1E, 0x39, 0x97, 0x4A, 0xFD, 0xDA, 0xAD, 0x5C, 0xE6, 0x1E, 0x00, 0x00, 0x00, 0x00, 0x00, 0x00, 0x00, 0x1F, 0x87, 0xF0, 0x00,
    0x00, 0x00, 0x00, 0x00, 0x00, 0x00, 0x00, 0x00, 0x00, 0x00, 0x00, 0x00, 0x00, 0x00, 0x00, 0x00, 0x38, 0xF9, 0x9B, 0x37, 0xC7, 0x80, 0x00, 0x00,
    0x00, 0x00, 0x00, 0x00, 0x00, 0x00, 0x00, 0x00, 0x30, 0x00, 0x0C, 0x00, 0x03, 0x00, 0x00, 0xC0, 0x00, 0x30, 0x03, 0xFF, 0xF0, 0xFF, 0xFC, 0x00,
    0xC0, 0x00, 0x30, 0x00, 0x0C, 0x00, 0x03, 0x00, 0x00, 0xC0, 0x00, 0x00, 0x03, 0xFF, 0xF0, 0xFF, 0xFC, 0x3C, 0x7C, 0x4E, 0x0C, 0x1C, 0x38, 0x7E,
    0x7E, 0x00, 0x00, 0x00, 0x00, 0x00, 0x00, 0x00, 0x00, 0x3C, 0x7C, 0x0E, 0x1C, 0x1C, 0x0E, 0x6E, 0x7C, 0x18, 0x00, 0x00, 0x00, 0x00, 0x00, 0x00,
    0x00, 0x01, 0x00, 0x70, 0x1E, 0x07, 0x80, 0x60, 0x00, 0x00, 0x00, 0x00, 0x00, 0x00, 0x00, 0x00, 0x00, 0x00, 0x00, 0x00, 0x00, 0x00, 0x00, 0x00,
    0x00, 0x71, 0xC7, 0x1C, 0x71, 0xC7, 0x1C, 0x71, 0xC7, 0x1C, 0x71, 0xC7, 0xBE, 0x7F, 0xF7, 0xEF, 0x70, 0x07, 0x00, 0x70, 0x03, 0x00, 0x01, 0xF8,
    0x00, 0xFE, 0x00, 0x7D, 0x80, 0x3F, 0x60, 0x0F, 0xD8, 0x03, 0xF6, 0x00, 0xFD, 0x80, 0x1F, 0x60, 0x07, 0xD8, 0x00, 0x76, 0x00, 0x0D, 0x80, 0x03,
    0x60, 0x00, 0xD8, 0x00, 0x36, 0x00, 0x0D, 0x80, 0x03, 0x60, 0x00, 0x80, 0x00, 0x01, 0xE0, 0x00, 0x78, 0x00, 0x1E, 0x00, 0x07, 0x80, 0x00, 0xC0,
    0x00, 0x00, 0x00, 0x00, 0x00, 0x00, 0x00, 0x00, 0x00, 0x00, 0x06, 0x01, 0xC0, 0x1C, 0x03, 0x81, 0xE0, 0x3C, 0x7C, 0x1C, 0x1C, 0x1C, 0x1C, 0x1C,
    0x1C, 0x00, 0x00, 0x00, 0x00, 0x00, 0x00, 0x00, 0x00, 0x18, 0x7C, 0x6E, 0xE6, 0xE6, 0x6E, 0x7C, 0x18, 0x00, 0x00, 0x00, 0x00, 0x00, 0x00, 0x00,
    0x66, 0x1D, 0x83, 0xB0, 0x6E, 0x1B, 0x8E, 0xC7, 0x61, 0x90, 0x00, 0x00, 0x38, 0x38, 0x3C, 0x18, 0x06, 0x1C, 0x03, 0x0C, 0x01, 0x8C, 0x00, 0xC6,
    0x70, 0x66, 0x38, 0x33, 0x3C, 0x13, 0x1E, 0x01, 0x9B, 0x01, 0x8D, 0x80, 0xCF, 0xE0, 0xC0, 0x60, 0x60, 0x30, 0x38, 0x30, 0x3C, 0x18, 0x06, 0x18,
    0x03, 0x0C, 0x01, 0x8C, 0x00, 0xC6, 0x60, 0x66, 0xFC, 0x33, 0x6E, 0x13, 0x03, 0x03, 0x83, 0x81, 0x81, 0x81, 0xC1, 0x80, 0xC1, 0xF0, 0xC1, 0xF8,
    0x3C, 0x18, 0x3E, 0x0C, 0x03, 0x8C, 0x03, 0x8E, 0x03, 0xC6, 0x00, 0x77, 0x01, 0xBB, 0x38, 0xFB, 0x1C, 0x19, 0x9E, 0x01, 0x9B, 0x00, 0xCD, 0x80,
    0xCF, 0xF0, 0x60, 0x60, 0x60, 0x30, 0x0C, 0x0F, 0x07, 0x01, 0x80, 0xC0, 0xE0, 0x70, 0x70, 0x78, 0x38, 0x1C, 0x0F, 0xE7, 0xF1, 0xF0, 0x08, 0x00,
    0x70, 0x03, 0xC0, 0x0E, 0x00, 0x00, 0x03, 0xC0, 0x3E, 0x01, 0xF0, 0x0F, 0xC0, 0x6E, 0x07, 0x70, 0x39, 0xC1, 0xCE, 0x1F, 0xF0, 0xFF, 0x87, 0x0E,
    0x70, 0x73, 0x83, 0x9C, 0x1E, 0x00, 0x80, 0x0E, 0x00, 0xF0, 0x0E, 0x00, 0x00, 0x03, 0xC0, 0x3E, 0x01, 0xF0, 0x0F, 0xC0, 0x6E, 0x07, 0x70, 0x39,
    0xC1, 0xCE, 0x1F, 0xF0, 0xFF, 0x87, 0x0E, 0x70, 0x73, 0x83, 0x9C, 0x1E, 0x07, 0x80, 0x7E, 0x07, 0x30, 0x00, 0x00, 0x78, 0x07, 0xC0, 0x3E, 0x01,
    0xF8, 0x0D, 0xC0, 0xEE, 0x07, 0x38, 0x39, 0xC3, 0xFE, 0x1F, 0xF0, 0xE1, 0xCE, 0x0E, 0x70, 0x73, 0x83, 0xC0, 0x0E, 0x60, 0xFF, 0x06, 0xF0, 0x00,
    0x00, 0x78, 0x07, 0xC0, 0x3E, 0x01, 0xF8, 0x0D, 0xC0, 0xEE, 0x07, 0x38, 0x39, 0xC3, 0xFE, 0x1F, 0xF0, 0xE1, 0xCE, 0x0E, 0x70, 0x73, 0x83, 0xC0,
    0x08, 0xC0, 0xE6, 0x07, 0x30, 0x00, 0x00, 0x78, 0x07, 0xC0, 0x3E, 0x01, 0xF8, 0x0D, 0xC0, 0xEE, 0x07, 0x38, 0x39, 0xC3, 0xFE, 0x1F, 0xF0, 0xE1,
    0xCE, 0x0E, 0x70, 0x73, 0x83, 0xC0, 0x07, 0x80, 0x6C, 0x03, 0x60, 0x0F, 0x00, 0x00, 0x03, 0xC0, 0x3E, 0x01, 0xF0, 0x0F, 0xC0, 0x6E, 0x07, 0x70,
    0x39, 0xC1, 0xCE, 0x1F, 0xF0, 0xFF, 0x87, 0x0E, 0x70, 0x73, 0x83, 0x9C, 0x1E, 0x01, 0xFF, 0x80, 0xFF, 0xE0, 0x3F, 0x00, 0x1F, 0xC0, 0x07, 0x70,
    0x01, 0xDC, 0x00, 0xE7, 0xF0, 0x39, 0xFC, 0x1E, 0x70, 0x07, 0xFC, 0x03, 0xFF, 0x00, 0xE1, 0xC0, 0x78, 0x7F, 0x9C, 0x1F, 0xE0, 0x0F, 0xC1, 0xFE,
    0x3F, 0xE3, 0x80, 0x70, 0x07, 0x00, 0x70, 0x07, 0x00, 0x70, 0x07, 0x00, 0x78, 0x43, 0xFE, 0x1F, 0xE0, 0xFC, 0x03, 0x00, 0x70, 0x01, 0x80, 0x38,
    0x07, 0x00, 0x08, 0x03, 0x80, 0x78, 0x03, 0x00, 0x00, 0xFF, 0x9F, 0xF3, 0xC0, 0x78, 0x0F, 0x01, 0xE0, 0x3F, 0xC7, 0xF8, 0xF0, 0x1E, 0x03, 0xC0,
    0x78, 0x0F, 0xF9, 0xFF, 0x00, 0x01, 0x00, 0x70, 0x1E, 0x03, 0x00, 0x00, 0xFF, 0x9F, 0xF3, 0xC0, 0x78, 0x0F, 0x01, 0xE0, 0x3F, 0xC7, 0xF8, 0xF0,
    0x1E, 0x03, 0xC0, 0x78, 0x0F, 0xF9, 0xFF, 0x00, 0x0F, 0x03, 0xF0, 0x66, 0x00, 0x07, 0xFC, 0xFF, 0x9E, 0x03, 0xC0, 0x78, 0x0F, 0x01, 0xFE, 0x3F,
    0xC7, 0x80, 0xF0, 0x1E, 0x03, 0xC0, 0x7F, 0xCF, 0xF8, 0x11, 0x87, 0x38, 0x66, 0x00, 0x07, 0xFC, 0xFF, 0x9E, 0x03, 0xC0, 0x78, 0x0F, 0x01, 0xFE,
    0x3F, 0xC7, 0x80, 0xF0, 0x1E, 0x03, 0xC0, 0x7F, 0xCF, 0xF8, 0x20, 0xE1, 0xE0, 0xC0, 0x07, 0x8F, 0x1E, 0x3C, 0x78, 0xF1, 0xE3, 0xC7, 0x8F, 0x1E,
    0x3C, 0x78, 0xF0, 0x08, 0x38, 0xF1, 0x80, 0x0F, 0x1E, 0x3C, 0x78, 0xF1, 0xE3, 0xC7, 0x8F, 0x1E, 0x3C, 0x78, 0xF1, 0xE0, 0x3C, 0x7E, 0x66, 0x00,
    0x3C, 0x3C, 0x3C, 0x3C, 0x3C, 0x3C, 0x3C, 0x3C, 0x3C, 0x3C, 0x3C, 0x3C, 0x3C, 0x3C, 0x66, 0xE7, 0x66, 0x00, 0x3C, 0x3C, 0x3C, 0x3C, 0x3C, 0x3C,
    0x3C, 0x3C, 0x3C, 0x3C, 0x3C, 0x3C, 0x3C, 0x3C, 0x3F, 0x81, 0xFF, 0x0E, 0xF8, 0x71, 0xE3, 0x87, 0x1C, 0x3B, 0xFD, 0xEF, 0xCF, 0x38, 0x71, 0xC3,
    0x8E, 0x3C, 0x77, 0xC3, 0xFE, 0x1F, 0xC0, 0x0E, 0x60, 0xFF, 0x06, 0xF0, 0x00, 0x07, 0x87, 0x3C, 0x39, 0xF1, 0xCF, 0x8E, 0x7E, 0x73, 0xB3, 0x9D,
    0xDC, 0xE6, 0xE7, 0x3F, 0x38, 0xF9, 0xC7, 0xCE, 0x1E, 0x70, 0xF3, 0x83, 0x80, 0x00, 0x00, 0x38, 0x00, 0xF0, 0x01, 0xC0, 0x00, 0x00, 0x3F, 0x01,
    0xFE, 0x0F, 0xFC, 0x78, 0x71, 0xC1, 0xE7, 0x03, 0x9C, 0x0E, 0x70, 0x39, 0xC0, 0xE7, 0x07, 0x9E, 0x1C, 0x3F, 0xF0, 0x7F, 0x80, 0xFC, 0x00, 0x00,
    0x00, 0x07, 0x00, 0x3C, 0x00, 0xE0, 0x02, 0x00, 0x3F, 0x01, 0xFE, 0x0F, 0xFC, 0x78, 0x71, 0xC1, 0xE7, 0x03, 0x9C, 0x0E, 0x70, 0x39, 0xC0, 0xE7,
    0x07, 0x9E, 0x1C, 0x3F, 0xF0, 0x7F, 0x80, 0xFC, 0x00, 0x00, 0x00, 0x1E, 0x00, 0xFC, 0x02, 0x10, 0x0F, 0xC0, 0x7F, 0x83, 0xFF, 0x1E, 0x1C, 0x70,
    0x79, 0xC0, 0xE7, 0x03, 0x9C, 0x0E, 0x70, 0x39, 0xC1, 0xE7, 0x87, 0x0F, 0xFC, 0x1F, 0xE0, 0x3F, 0x00, 0x0E, 0x60, 0x7F, 0x81, 0xBC, 0x00, 0x00,
    0x0F, 0xC0, 0x7F, 0x83, 0xFF, 0x1E, 0x1C, 0x70, 0x79, 0xC0, 0xE7, 0x03, 0x9C, 0x0E, 0x70, 0x39, 0xC1, 0xE7, 0x87, 0x0F, 0xFC, 0x1F, 0xE0, 0x3F,
    0x00, 0x08, 0xC0, 0x73, 0x80, 0xCC, 0x00, 0x00, 0x0F, 0xC0, 0x7F, 0x83, 0xFF, 0x1E, 0x1C, 0x70, 0x79, 0xC0, 0xE7, 0x03, 0x9C, 0x0E, 0x70, 0x39,
    0xC1, 0xE7, 0x87, 0x0F, 0xFC, 0x1F, 0xE0, 0x3F, 0x00, 0x08, 0x04, 0x07, 0x03, 0x80, 0xE1, 0xC0, 0x1C, 0xE0, 0x03, 0xF0, 0x00, 0x78, 0x00, 0x1E,
    0x00, 0x0F, 0xC0, 0x07, 0x38, 0x03, 0x87, 0x01, 0xC0, 0xE0, 0x20, 0x10, 0x00, 0x00, 0x00, 0x00, 0x00, 0x3F, 0x61, 0xFF, 0x8F, 0xFC, 0x78, 0xF1,
    0xC3, 0xE7, 0x1F, 0x9C, 0xEE, 0x77, 0x39, 0xD8, 0xE7, 0xC7, 0x8F, 0x1C, 0x3F, 0xF1, 0xFF, 0x86, 0xFC, 0x00, 0x00, 0x08, 0x00, 0x70, 0x03, 0xC0,
    0x0E, 0x00, 0x00, 0x38, 0x39, 0xC1, 0xCE, 0x0E, 0x70, 0x73, 0x83, 0x9C, 0x1C, 0xE0, 0xE7, 0x07, 0x3C, 0x38, 0xE1, 0xC7, 0x0E, 0x3F, 0xE0, 0xFF,
    0x03, 0xE0, 0x00, 0x80, 0x0E, 0x00, 0xF0, 0x0E, 0x00, 0x00, 0x38, 0x39, 0xC1, 0xCE, 0x0E, 0x70, 0x73, 0x83, 0x9C, 0x1C, 0xE0, 0xE7, 0x07, 0x3C,
    0x38, 0xE1, 0xC7, 0x0E, 0x3F, 0xE0, 0xFF, 0x03, 0xE0, 0x07, 0x80, 0x7E, 0x07, 0x30, 0x00, 0x07, 0x07, 0x38, 0x39, 0xC1, 0xCE, 0x0E, 0x70, 0x73,
    0x83, 0x9C, 0x1C, 0xE0, 0xE7, 0x87, 0x1C, 0x38, 0xE1, 0xC7, 0xFC, 0x1F, 0xE0, 0x7C, 0x00, 0x08, 0xC0, 0xE6, 0x07, 0x30, 0x00, 0x07, 0x07, 0x38,
    0x39, 0xC1, 0xCE, 0x0E, 0x70, 0x73, 0x83, 0x9C, 0x1C, 0xE0, 0xE7, 0x87, 0x1C, 0x38, 0xE1, 0xC7, 0xFC, 0x1F, 0xE0, 0x7C, 0x00, 0x01, 0x80, 0x38,
    0x07, 0x80, 0x70, 0x00, 0x07, 0x0F, 0x78, 0xE3, 0x8E, 0x39, 0xC1, 0xDC, 0x1F, 0x80, 0xF8, 0x0F, 0x00, 0xF0, 0x07, 0x00, 0x70, 0x07, 0x00, 0x70,
    0x07, 0x00, 0x78, 0x07, 0x80, 0x7F, 0x87, 0xFE, 0x79, 0xE7, 0x8F, 0x78, 0x77, 0x8E, 0x79, 0xE7, 0xFE, 0x7F, 0x87, 0x80, 0x78, 0x07, 0x80, 0x1F,
    0x81, 0xFE, 0x0E, 0xF0, 0xF3, 0x87, 0x1C, 0x39, 0xC1, 0xCE, 0x0E, 0x70, 0x73, 0xC3, 0x8F, 0x1C, 0x3C, 0xE0, 0xE7, 0x27, 0x3B, 0xF9, 0xCF, 0x80,
    0x00, 0x03, 0x00, 0xF0, 0x0E, 0x00, 0xE0, 0x08, 0x00, 0x00, 0xF8, 0x7F, 0x86, 0x70, 0x0E, 0x0F, 0xE7, 0xFC, 0xE7, 0x9C, 0xF3, 0xFE, 0x3D, 0xC0,
    0x00, 0x00, 0x70, 0x0E, 0x03, 0x80, 0xE0, 0x08, 0x00, 0x00, 0xF8, 0x7F, 0x86, 0x70, 0x0E, 0x0F, 0xE7, 0xFC, 0xE7, 0x9C, 0xF3, 0xFE, 0x3D, 0xC0,
    0x0E, 0x03, 0xE0, 0xEE, 0x18, 0xC0, 0x00, 0x3E, 0x1F, 0xE1, 0x9C, 0x03, 0x83, 0xF9, 0xFF, 0x39, 0xE7, 0x3C, 0xFF, 0x8F, 0x70, 0x08, 0x07, 0xB8,
    0xFE, 0x1B, 0xC0, 0x00, 0x00, 0x07, 0xC3, 0xFC, 0x33, 0x80, 0x70, 0x7F, 0x3F, 0xE7, 0x3C, 0xE7, 0x9F, 0xF1, 0xEE, 0x39, 0x87, 0x70, 0x46, 0x00,
    0x01, 0xF0, 0xFF, 0x0C, 0xE0, 0x1C, 0x1F, 0xCF, 0xF9, 0xCF, 0x39, 0xE7, 0xFC, 0x7B, 0x80, 0x0F, 0x03, 0x60, 0x6C, 0x07, 0x80, 0x00, 0x3E, 0x1F,
    0xE1, 0x9C, 0x03, 0x83, 0xF9, 0xFF, 0x39, 0xE7, 0x3C, 0xFF, 0x8F, 0x70, 0x1E, 0x7C, 0x7F, 0xFE, 0x33, 0xEE, 0x03, 0xC6, 0x3F, 0xFF, 0x7F, 0xFE,
    0x71, 0xC0, 0x73, 0xE4, 0x7F, 0xFE, 0x3C, 0x7C, 0x1F, 0x1F, 0xDF, 0xCE, 0x07, 0x03, 0x81, 0xC0, 0xF2, 0x3F, 0x8F, 0x83, 0x01, 0xC0, 0x60, 0x70,
    0x70, 0x00, 0x06, 0x03, 0x80, 0x70, 0x0E, 0x01, 0x00, 0x00, 0x7C, 0x3F, 0x9E, 0xF7, 0x1D, 0xFF, 0x7F, 0xDC, 0x07, 0x98, 0xFE, 0x1F, 0x80, 0x00,
    0x00, 0xC0, 0x38, 0x1C, 0x0E, 0x01, 0x00, 0x00, 0x7C, 0x3F, 0x9E, 0xF7, 0x1D, 0xFF, 0x7F, 0xDC, 0x07, 0x98, 0xFE, 0x1F, 0x80, 0x0E, 0x07, 0xC3,
    0xB8, 0xC6, 0x00, 0x07, 0xC3, 0xF9, 0xEF, 0x71, 0xDF, 0xF7, 0xFD, 0xC0, 0x79, 0x8F, 0xE1, 0xF8, 0x33, 0x8E, 0xE3, 0x10, 0x00, 0x1F, 0x0F, 0xE7,
    0xBD, 0xC7, 0x7F, 0xDF, 0xF7, 0x01, 0xE6, 0x3F, 0x87, 0xE0, 0x01, 0x8F, 0x1E, 0x38, 0x00, 0x0E, 0x38, 0xE3, 0x8E, 0x38, 0xE3, 0x8E, 0x38, 0x08,
    0x38, 0x71, 0xC3, 0x00, 0x00, 0x38, 0x70, 0xE1, 0xC3, 0x87, 0x0E, 0x1C, 0x38, 0x70, 0x3C, 0x7E, 0xEE, 0x42, 0x00, 0x38, 0x38, 0x38, 0x38, 0x38,
    0x38, 0x38, 0x38, 0x38, 0x38, 0xE6, 0xEE, 0x46, 0x00, 0x38, 0x38, 0x38, 0x38, 0x38, 0x38, 0x38, 0x38, 0x38, 0x38, 0x10, 0x03, 0xB8, 0x7E, 0x0F,
    0x83, 0xF8, 0x07, 0x07, 0xF1, 0xFE, 0x79, 0xCE, 0x19, 0xC3, 0x38, 0xE7, 0x1C, 0xF7, 0x8F, 0xE0, 0xF8, 0x00, 0x01, 0xEC, 0x1F, 0xC3, 0xB8, 0x00,
    0x00, 0x00, 0x77, 0x87, 0xFC, 0x7F, 0xC7, 0x1C, 0x71, 0xC7, 0x1C, 0x71, 0xC7, 0x1C, 0x71, 0xC7, 0x1C, 0x00, 0x03, 0x00, 0xF0, 0x0E, 0x00, 0xE0,
    0x08, 0x00, 0x00, 0xF8, 0x3F, 0x8F, 0x79, 0xC7, 0x38, 0xF7, 0x1E, 0xE3, 0x9E, 0xF1, 0xFC, 0x1F, 0x00, 0x00, 0x00, 0x30, 0x0E, 0x03, 0x80, 0xE0,
    0x08, 0x00, 0x00, 0xF8, 0x3F, 0x8F, 0x79, 0xC7, 0x38, 0xF7, 0x1E, 0xE3, 0x9E, 0xF1, 0xFC, 0x1F, 0x00, 0x0E, 0x03, 0xE0, 0xEE, 0x18, 0xC0, 0x00,
    0x3E, 0x0F, 0xE3, 0xDE, 0x71, 0xCE, 0x3D, 0xC7, 0xB8, 0xE7, 0xBC, 0x7F, 0x07, 0xC0, 0x08, 0x07, 0xB8, 0xFE, 0x19, 0xC0, 0x00, 0x00, 0x07, 0xC1,
    0xFC, 0x7B, 0xCE, 0x39, 0xC7, 0xB8, 0xF7, 0x1C, 0xF7, 0x8F, 0xE0, 0xF8, 0x39, 0x87, 0x70, 0x46, 0x00, 0x01, 0xF0, 0x7F, 0x1E, 0xF3, 0x8E, 0x71,
    0xEE, 0x3D, 0xC7, 0x3D, 0xE3, 0xF8, 0x3E, 0x00, 0x00, 0x00, 0x00, 0x30, 0x00, 0x1E, 0x00, 0x03, 0x00, 0x00, 0x00, 0x00, 0x00, 0x03, 0xFF, 0xF0,
    0xFF, 0xFC, 0x00, 0x00, 0x00, 0x00, 0x00, 0x0C, 0x00, 0x07, 0x80, 0x00, 0xC0, 0x00, 0x00, 0x00, 0x00, 0x03, 0xF8, 0xFF, 0x3D, 0xE7, 0x3C, 0xEF,
    0xDF, 0x3B, 0xCE, 0x7B, 0xCF, 0xF1, 0xFC, 0x00, 0x00, 0x00, 0x03, 0x00, 0xF0, 0x0F, 0x00, 0xE0, 0x00, 0x00, 0x03, 0x8E, 0x71, 0xCE, 0x39, 0xC7,
    0x38, 0xE7, 0x1C, 0xE3, 0x9F, 0xF1, 0xFE, 0x3E, 0xC0, 0x01, 0x00, 0x70, 0x0E, 0x03, 0x80, 0x60, 0x00, 0x00, 0x03, 0x8E, 0x71, 0xCE, 0x39, 0xC7,
    0x38, 0xE7, 0x1C, 0xE3, 0x9F, 0xF1, 0xFE, 0x3E, 0xC0, 0x0F, 0x03, 0xF0, 0xEE, 0x08, 0x40, 0x00, 0xE3, 0x9C, 0x73, 0x8E, 0x71, 0xCE, 0x39, 0xC7,
    0x38, 0xE7, 0xFC, 0x7F, 0x8F, 0xB0, 0x39, 0x87, 0x70, 0x46, 0x00, 0x07, 0x1C, 0xE3, 0x9C, 0x73, 0x8E, 0x71, 0xCE, 0x39, 0xC7, 0x3F, 0xE3, 0xFC,
    0x7D, 0x80, 0x00, 0x00, 0x60, 0x1E, 0x07, 0x80, 0xE0, 0x00, 0x00, 0x07, 0x0E, 0x71, 0xCE, 0x31, 0xCE, 0x1D, 0xC3, 0xB0, 0x3E, 0x07, 0xC0, 0xF0,
    0x0E, 0x01, 0xC0, 0x70, 0x3E, 0x07, 0x80, 0x00, 0x07, 0x00, 0x70, 0x07, 0x00, 0x70, 0x07, 0x78, 0x7F, 0xC7, 0xFE, 0x70, 0xE7, 0x0E, 0x70, 0xE7,
    0x1E, 0x7B, 0xC7, 0xFC, 0x7F, 0x87, 0x00, 0x70, 0x07, 0x00, 0x70, 0x00, 0x33, 0x87, 0x70, 0xC4, 0x00, 0x0E, 0x1C, 0xE3, 0x9C, 0x63, 0x9C, 0x3B,
    0x87, 0x60, 0x7C, 0x0F, 0x81, 0xE0, 0x1C, 0x03, 0x80, 0xE0, 0x7C, 0x0F, 0x00, 0x1F, 0xC0, 0x7E, 0x00, 0x00, 0x0F, 0x00, 0xF8, 0x07, 0xC0, 0x3F,
    0x01, 0xB8, 0x1D, 0xC0, 0xE7, 0x07, 0x38, 0x7F, 0xC3, 0xFE, 0x1C, 0x39, 0xC1, 0xCE, 0x0E, 0x70, 0x78, 0x1F, 0x87, 0xF0, 0x00, 0x00, 0x01, 0xF0,
    0xFF, 0x0C, 0xE0, 0x1C, 0x1F, 0xCF, 0xF9, 0xCF, 0x39, 0xE7, 0xFC, 0x7B, 0x80, 0x18, 0xC0, 0x7E, 0x03, 0xE0, 0x00, 0x00, 0x78, 0x07, 0xC0, 0x3E,
    0x01, 0xF8, 0x0D, 0xC0, 0xEE, 0x07, 0x38, 0x39, 0xC3, 0xFE, 0x1F, 0xF0, 0xE1, 0xCE, 0x0E, 0x70, 0x73, 0x83, 0xC0, 0x31, 0x87, 0x70, 0x7C, 0x07,
    0x00, 0x00, 0x00, 0x07, 0xC3, 0xFC, 0x33, 0x80, 0x70, 0x7F, 0x3F, 0xE7, 0x3C, 0xE7, 0x9F, 0xF1, 0xEE, 0x3F, 0xFF, 0x0C, 0x00, 0xC3, 0x80, 0x70,
    0xB0, 0x34, 0x24, 0x09, 0x09, 0x86, 0x42, 0x33, 0x10, 0x87, 0x84, 0x20, 0xC1, 0x08, 0x30, 0x42, 0x1E, 0x10, 0x8C, 0xC4, 0x26, 0x19, 0x09, 0x02,
    0x42, 0xC0, 0xD0, 0xE0, 0x1C, 0x30, 0x03, 0x0F, 0xFF, 0xC0, 0x3F, 0xFF, 0x0C, 0x00, 0xC3, 0x80, 0x70, 0xB0, 0x34, 0x24, 0x09, 0x09, 0x86, 0x42,
    0x33, 0x10, 0x87, 0x84, 0x20, 0xC1, 0x08, 0x30, 0x42, 0x1E, 0x10, 0x8C, 0xC4, 0x26, 0x19, 0x09, 0x02, 0x42, 0xC0, 0xD0, 0xE0, 0x1C, 0x30, 0x03,
    0x0F, 0xFF, 0xC0, 0x0F, 0xC0, 0x18, 0x7F, 0x80, 0xE3, 0xFE, 0x07, 0x0E, 0x00, 0x38, 0x70, 0x03, 0xC1, 0xC0, 0x0E, 0x07, 0x00, 0x10, 0x1C, 0x00,
    0x00, 0x70, 0x00, 0x01, 0xC0, 0x00, 0x07, 0x84, 0x00, 0x0F, 0xF8, 0x00, 0x1F, 0xE0, 0x00, 0x3F, 0x00, 0x00, 0x00, 0x00, 0xC0, 0x00, 0x38, 0x00,
    0x0E, 0x00, 0x03, 0x81, 0xF1, 0xE0, 0x7F, 0x38, 0x1F, 0xC2, 0x03, 0x80, 0x00, 0x70, 0x00, 0x0E, 0x00, 0x01, 0xC0, 0x00, 0x3C, 0x80, 0x03, 0xF8,
    0x00, 0x3E, 0x00, 0x00, 0x3F, 0xFF, 0x0C, 0x00, 0xC3, 0x80, 0x70, 0xB0, 0x34, 0x24, 0x09, 0x09, 0x86, 0x42, 0x33, 0x10, 0x87, 0x84, 0x20, 0xC1,
    0x08, 0x30, 0x42, 0x1E, 0x10, 0x8C, 0xC4, 0x26, 0x19, 0x09, 0x02, 0x42, 0xC0, 0xD0, 0xE0, 0x1C, 0x30, 0x03, 0x0F, 0xFF, 0xC0, 0x3F, 0xFF, 0x0C,
    0x00, 0xC3, 0x80, 0x70, 0xB0, 0x34, 0x24, 0x09, 0x09, 0x86, 0x42, 0x33, 0x10, 0x87, 0x84, 0x20, 0xC1, 0x08, 0x30, 0x42, 0x1E, 0x10, 0x8C, 0xC4,
    0x26, 0x19, 0x09, 0x02, 0x42, 0xC0, 0xD0, 0xE0, 0x1C, 0x30, 0x03, 0x0F, 0xFF, 0xC0, 0x00, 0x00, 0xE0, 0x00, 0x0E, 0x0F, 0xC1, 0xE1, 0xFE, 0x0E,
    0x3F, 0xE0, 0x03, 0x80, 0x00, 0x70, 0x00, 0x07, 0x00, 0x00, 0x70, 0x00, 0x07, 0x00, 0x00, 0x70, 0x00, 0x07, 0x00, 0x00, 0x78, 0x40, 0x03, 0xFE,
    0x00, 0x1F, 0xE0, 0x00, 0xFC, 0x00, 0x00, 0x07, 0x00, 0x03, 0x80, 0x03, 0xC0, 0x00, 0xE0, 0x00, 0x00, 0x00, 0x00, 0x7C, 0x00, 0x7F, 0x00, 0x7F,
    0x00, 0x38, 0x00, 0x1C, 0x00, 0x0E, 0x00, 0x07, 0x00, 0x03, 0xC8, 0x00, 0xFE, 0x00, 0x3E, 0x00, 0x0F, 0xC0, 0x00, 0x3F, 0xDE, 0x38, 0xFF, 0x9C,
    0x71, 0xC0, 0x1D, 0xC7, 0x00, 0x3F, 0x0E, 0x00, 0x3E, 0x1C, 0x00, 0x38, 0x38, 0x00, 0x60, 0x70, 0x00, 0x00, 0xE0, 0x00, 0x01, 0xE1, 0x00, 0x01,
    0xFF, 0x00, 0x01, 0xFE, 0x00, 0x01, 0xF8, 0x00, 0x00, 0x00, 0x78, 0xE0, 0x03, 0x8E, 0x00, 0x1D, 0xC1, 0xF1, 0xF8, 0x3F, 0x8F, 0x87, 0xF0, 0x70,
    0x70, 0x06, 0x07, 0x00, 0x00, 0x70, 0x00, 0x07, 0x00, 0x00, 0x79, 0x00, 0x03, 0xF8, 0x00, 0x1F, 0x00, 0x00, 0x7F, 0x80, 0x00, 0x7F, 0xC7, 0x8E,
    0x7B, 0xE3, 0x8E, 0x78, 0xE1, 0xDC, 0x78, 0xF1, 0xF8, 0x78, 0x70, 0xF8, 0x78, 0x70, 0x70, 0x78, 0x70, 0x60, 0x78, 0x70, 0x00, 0x78, 0xF0, 0x00,
    0x78, 0xE0, 0x00, 0x7B, 0xE0, 0x00, 0x7F, 0xC0, 0x00, 0x7F, 0x80, 0x00, 0x00, 0x00, 0x00, 0x03, 0x80, 0x00, 0x07, 0x3C, 0x70, 0x0E, 0x38, 0xE0,
    0x1C, 0x3B, 0x83, 0xF8, 0x7E, 0x0F, 0xF0, 0x7C, 0x3D, 0xE0, 0x70, 0x71, 0xC0, 0xC0, 0xE3, 0x80, 0x01, 0xC7, 0x00, 0x03, 0x8E, 0x00, 0x07, 0xBC,
    0x00, 0x07, 0xF8, 0x00, 0x07, 0xB0, 0x00, 0x00, 0x3F, 0x81, 0xFF, 0x0E, 0xF8, 0x71, 0xE3, 0x87, 0x1C, 0x3B, 0xFD, 0xEF, 0xCF, 0x38, 0x71, 0xC3,
    0x8E, 0x3C, 0x77, 0xC3, 0xFE, 0x1F, 0xC0, 0x01, 0xC0, 0x1C, 0x0F, 0xF0, 0x7E, 0x01, 0xC1, 0xFC, 0x3F, 0xC7, 0xBC, 0x71, 0xC7, 0x1C, 0x71, 0xC7,
    0x1C, 0x7B, 0xC3, 0xFC, 0x1E, 0xC0, 0x1F, 0x83, 0xF0, 0x00, 0x3F, 0xE7, 0xFC, 0xF0, 0x1E, 0x03, 0xC0, 0x78, 0x0F, 0xF1, 0xFE, 0x3C, 0x07, 0x80,
    0xF0, 0x1E, 0x03, 0xFE, 0x7F, 0xC0, 0x3F, 0x8F, 0xE0, 0x00, 0x00, 0x1F, 0x0F, 0xE7, 0xBD, 0xC7, 0x7F, 0xDF, 0xF7, 0x01, 0xE6, 0x3F, 0x87, 0xE0,
    0x3F, 0xFF, 0x0C, 0x00, 0xC3, 0x80, 0x70, 0xB0, 0x34, 0x24, 0x09, 0x09, 0x86, 0x42, 0x33, 0x10, 0x87, 0x84, 0x20, 0xC1, 0x08, 0x30, 0x42, 0x1E,
    0x10, 0x8C, 0xC4, 0x26, 0x19, 0x09, 0x02, 0x42, 0xC0, 0xD0, 0xE0, 0x1C, 0x30, 0x03, 0x0F, 0xFF, 0xC0, 0x3F, 0xFF, 0x0C, 0x00, 0xC3, 0x80, 0x70,
    0xB0, 0x34, 0x24, 0x09, 0x09, 0x86, 0x42, 0x33, 0x10, 0x87, 0x84, 0x20, 0xC1, 0x08, 0x30, 0x42, 0x1E, 0x10, 0x8C, 0xC4, 0x26, 0x19, 0x09, 0x02,
    0x42, 0xC0, 0xD0, 0xE0, 0x1C, 0x30, 0x03, 0x0F, 0xFF, 0xC0, 0x00, 0x01, 0xC0, 0x00, 0x39, 0xFF, 0x0F, 0x3F, 0xE0, 0xE7, 0x80, 0x00, 0xF0, 0x00,
    0x1E, 0x00, 0x03, 0xC0, 0x00, 0x7F, 0x80, 0x0F, 0xF0, 0x01, 0xE0, 0x00, 0x3C, 0x00, 0x07, 0x80, 0x00, 0xF0, 0x00, 0x1F, 0xF0, 0x03, 0xFE, 0x00,
    0x00, 0x03, 0x80, 0x00, 0xE0, 0x00, 0x78, 0x00, 0x0E, 0x00, 0x00, 0x00, 0x00, 0x01, 0xF0, 0x00, 0xFE, 0x00, 0x7B, 0xC0, 0x1C, 0x70, 0x07, 0xFC,
    0x01, 0xFF, 0x00, 0x70, 0x00, 0x1E, 0x60, 0x03, 0xF8, 0x00, 0x7E, 0x00, 0x3F, 0xFF, 0x0C, 0x00, 0xC3, 0x80, 0x70, 0xB0, 0x34, 0x24, 0x09, 0x09,
    0x86, 0x42, 0x33, 0x10, 0x87, 0x84, 0x20, 0xC1, 0x08, 0x30, 0x42, 0x1E, 0x10, 0x8C, 0xC4, 0x26, 0x19, 0x09, 0x02, 0x42, 0xC0, 0xD0, 0xE0, 0x1C,
    0x30, 0x03, 0x0F, 0xFF, 0xC0, 0x3F, 0xFF, 0x0C, 0x00, 0xC3, 0x80, 0x70, 0xB0, 0x34, 0x24, 0x09, 0x09, 0x86, 0x42, 0x33, 0x10, 0x87, 0x84, 0x20,
    0xC1, 0x08, 0x30, 0x42, 0x1E, 0x10, 0x8C, 0xC4, 0x26, 0x19, 0x09, 0x02, 0x42, 0xC0, 0xD0, 0xE0, 0x1C, 0x30, 0x03, 0x0F, 0xFF, 0xC0, 0x19, 0x83,
    0xF0, 0x3C, 0x00, 0x07, 0xFC, 0xFF, 0x9E, 0x03, 0xC0, 0x78, 0x0F, 0x01, 0xFE, 0x3F, 0xC7, 0x80, 0xF0, 0x1E, 0x03, 0xC0, 0x7F, 0xCF, 0xF8, 0x31,
    0x8E, 0xE1, 0xF0, 0x38, 0x00, 0x00, 0x01, 0xF0, 0xFE, 0x7B, 0xDC, 0x77, 0xFD, 0xFF, 0x70, 0x1E, 0x63, 0xF8, 0x7E, 0x3F, 0xFF, 0x0C, 0x00, 0xC3,
    0x80, 0x70, 0xB0, 0x34, 0x24, 0x09, 0x09, 0x86, 0x42, 0x33, 0x10, 0x87, 0x84, 0x20, 0xC1, 0x08, 0x30, 0x42, 0x1E, 0x10, 0x8C, 0xC4, 0x26, 0x19,
    0x09, 0x02, 0x42, 0xC0, 0xD0, 0xE0, 0x1C, 0x30, 0x03, 0x0F, 0xFF, 0xC0, 0x3F, 0xFF, 0x0C, 0x00, 0xC3, 0x80, 0x70, 0xB0, 0x34, 0x24, 0x09, 0x09,
    0x86, 0x42, 0x33, 0x10, 0x87, 0x84, 0x20, 0xC1, 0x08, 0x30, 0x42, 0x1E, 0x10, 0x8C, 0xC4, 0x26, 0x19, 0x09, 0x02, 0x42, 0xC0, 0xD0, 0xE0, 0x1C,
    0x30, 0x03, 0x0F, 0xFF, 0xC0, 0x3F, 0xFF, 0x0C, 0x00, 0xC3, 0x80, 0x70, 0xB0, 0x34, 0x24, 0x09, 0x09, 0x86, 0x42, 0x33, 0x10, 0x87, 0x84, 0x20,
    0xC1, 0x08, 0x30, 0x42, 0x1E, 0x10, 0x8C, 0xC4, 0x26, 0x19, 0x09, 0x02, 0x42, 0xC0, 0xD0, 0xE0, 0x1C, 0x30, 0x03, 0x0F, 0xFF, 0xC0, 0x3F, 0xFF,
    0x0C, 0x00, 0xC3, 0x80, 0x70, 0xB0, 0x34, 0x24, 0x09, 0x09, 0x86, 0x42, 0x33, 0x10, 0x87, 0x84, 0x20, 0xC1, 0x08, 0x30, 0x42, 0x1E, 0x10, 0x8C,
    0xC4, 0x26, 0x19, 0x09, 0x02, 0x42, 0xC0, 0xD0, 0xE0, 0x1C, 0x30, 0x03, 0x0F, 0xFF, 0xC0, 0x00, 0x00, 0x70, 0x00, 0x03, 0x83, 0xF0, 0x3C, 0x3F,
    0xC0, 0xE3, 0xFE, 0x00, 0x1C, 0x00, 0x01, 0xC0, 0x00, 0x0E, 0x00, 0x00, 0x71, 0xF0, 0x03, 0x8F, 0x80, 0x1C, 0x1C, 0x00, 0xF0, 0xE0, 0x03, 0x87,
    0x00, 0x1F, 0xF8, 0x00, 0x7F, 0xC0, 0x01, 0xF8, 0x00, 0x00, 0x01, 0xC0, 0x00, 0x38, 0x00, 0x0F, 0x00, 0x00, 0xE0, 0x00, 0x00, 0x00, 0x00, 0x07,
    0xF8, 0x01, 0xFE, 0x00, 0x73, 0x80, 0x0E, 0x70, 0x01, 0xCE, 0x00, 0x1F, 0x80, 0x03, 0xE0, 0x00, 0xE0, 0x00, 0x1F, 0xE0, 0x01, 0xFE, 0x00, 0x61,
    0xE0, 0x0C, 0x38, 0x01, 0xFF, 0x00, 0x1F, 0x80, 0x00, 0x3F, 0xFF, 0x0C, 0x00, 0xC3, 0x80, 0x70, 0xB0, 0x34, 0x24, 0x09, 0x09, 0x86, 0x42, 0x33,
    0x10, 0x87, 0x84, 0x20, 0xC1, 0x08, 0x30, 0x42, 0x1E, 0x10, 0x8C, 0xC4, 0x26, 0x19, 0x09, 0x02, 0x42, 0xC0, 0xD0, 0xE0, 0x1C, 0x30, 0x03, 0x0F,
    0xFF, 0xC0, 0x3F, 0xFF, 0x0C, 0x00, 0xC3, 0x80, 0x70, 0xB0, 0x34, 0x24, 0x09, 0x09, 0x86, 0x42, 0x33, 0x10, 0x87, 0x84, 0x20, 0xC1, 0x08, 0x30,
    0x42, 0x1E, 0x10, 0x8C, 0xC4, 0x26, 0x19, 0x09, 0x02, 0x42, 0xC0, 0xD0, 0xE0, 0x1C, 0x30, 0x03, 0x0F, 0xFF, 0xC0, 0x3F, 0xFF, 0x0C, 0x00, 0xC3,
    0x80, 0x70, 0xB0, 0x34, 0x24, 0x09, 0x09, 0x86, 0x42, 0x33, 0x10, 0x87, 0x84, 0x20, 0xC1, 0x08, 0x30, 0x42, 0x1E, 0x10, 0x8C, 0xC4, 0x26, 0x19,
    0x09, 0x02, 0x42, 0xC0, 0xD0, 0xE0, 0x1C, 0x30, 0x03, 0x0F, 0xFF, 0xC0, 0x3F, 0xFF, 0x0C, 0x00, 0xC3, 0x80, 0x70, 0xB0, 0x34, 0x24, 0x09, 0x09,
    0x86, 0x42, 0x33, 0x10, 0x87, 0x84, 0x20, 0xC1, 0x08, 0x30, 0x42, 0x1E, 0x10, 0x8C, 0xC4, 0x26, 0x19, 0x09, 0x02, 0x42, 0xC0, 0xD0, 0xE0, 0x1C,
    0x30, 0x03, 0x0F, 0xFF, 0xC0, 0x3F, 0xFF, 0x0C, 0x00, 0xC3, 0x80, 0x70, 0xB0, 0x34, 0x24, 0x09, 0x09, 0x86, 0x42, 0x33, 0x10, 0x87, 0x84, 0x20,
    0xC1, 0x08, 0x30, 0x42, 0x1E, 0x10, 0x8C, 0xC4, 0x26, 0x19, 0x09, 0x02, 0x42, 0xC0, 0xD0, 0xE0, 0x1C, 0x30, 0x03, 0x0F, 0xFF, 0xC0, 0x3F, 0xFF,
    0x0C, 0x00, 0xC3, 0x80, 0x70, 0xB0, 0x34, 0x24, 0x09, 0x09, 0x86, 0x42, 0x33, 0x10, 0x87, 0x84, 0x20, 0xC1, 0x08, 0x30, 0x42, 0x1E, 0x10, 0x8C,
    0xC4, 0x26, 0x19, 0x09, 0x02, 0x42, 0xC0, 0xD0, 0xE0, 0x1C, 0x30, 0x03, 0x0F, 0xFF, 0xC0, 0x73, 0xFF, 0xCE, 0x00, 0x3C, 0x3C, 0x3C, 0x3C, 0x3C,
    0x3C, 0x3C, 0x3C, 0x3C, 0x3C, 0x3C, 0x3C, 0x3C, 0x3C, 0x10, 0x1F, 0xDF, 0xCC, 0xE0, 0x00, 0x00, 0x70, 0x38, 0x1C, 0x0E, 0x07, 0x03, 0x81, 0xC0,
    0xE0, 0x70, 0x38, 0xFF, 0xF0, 0x1E, 0x79, 0xE7, 0x9E, 0x79, 0xE7, 0x9E, 0x79, 0xE7, 0x9E, 0x78, 0x7E, 0xFC, 0x00, 0x03, 0x87, 0x0E, 0x1C, 0x38,
    0x70, 0xE1, 0xC3, 0x87, 0x00, 0x3F, 0xFF, 0x0C, 0x00, 0xC3, 0x80, 0x70, 0xB0, 0x34, 0x24, 0x09, 0x09, 0x86, 0x42, 0x33, 0x10, 0x87, 0x84, 0x20,
    0xC1, 0x08, 0x30, 0x42, 0x1E, 0x10, 0x8C, 0xC4, 0x26, 0x19, 0x09, 0x02, 0x42, 0xC0, 0xD0, 0xE0, 0x1C, 0x30, 0x03, 0x0F, 0xFF, 0xC0, 0x3F, 0xFF,
    0x0C, 0x00, 0xC3, 0x80, 0x70, 0xB0, 0x34, 0x24, 0x09, 0x09, 0x86, 0x42, 0x33, 0x10, 0x87, 0x84, 0x20, 0xC1, 0x08, 0x30, 0x42, 0x1E, 0x10, 0x8C,
    0xC4, 0x26, 0x19, 0x09, 0x02, 0x42, 0xC0, 0xD0, 0xE0, 0x1C, 0x30, 0x03, 0x0F, 0xFF, 0xC0, 0x3F, 0xFF, 0x0C, 0x00, 0xC3, 0x80, 0x70, 0xB0, 0x34,
    0x24, 0x09, 0x09, 0x86, 0x42, 0x33, 0x10, 0x87, 0x84, 0x20, 0xC1, 0x08, 0x30, 0x42, 0x1E, 0x10, 0x8C, 0xC4, 0x26, 0x19, 0x09, 0x02, 0x42, 0xC0,
    0xD0, 0xE0, 0x1C, 0x30, 0x03, 0x0F, 0xFF, 0xC0, 0x3F, 0xFF, 0x0C, 0x00, 0xC3, 0x80, 0x70, 0xB0, 0x34, 0x24, 0x09, 0x09, 0x86, 0x42, 0x33, 0x10,
    0x87, 0x84, 0x20, 0xC1, 0x08, 0x30, 0x42, 0x1E, 0x10, 0x8C, 0xC4, 0x26, 0x19, 0x09, 0x02, 0x42, 0xC0, 0xD0, 0xE0, 0x1C, 0x30, 0x03, 0x0F, 0xFF,
    0xC0, 0x00, 0x38, 0x00, 0xE7, 0x87, 0x9E, 0x0E, 0x78, 0x01, 0xE0, 0x07, 0x80, 0x1E, 0x00, 0x78, 0x01, 0xE0, 0x07, 0x80, 0x1E, 0x00, 0x78, 0x01,
    0xE0, 0x07, 0x80, 0x1E, 0x00, 0x3F, 0xFF, 0x0C, 0x00, 0xC3, 0x80, 0x70, 0xB0, 0x34, 0x24, 0x09, 0x09, 0x86, 0x42, 0x33, 0x10, 0x87, 0x84, 0x20,
    0xC1, 0x08, 0x30, 0x42, 0x1E, 0x10, 0x8C, 0xC4, 0x26, 0x19, 0x09, 0x02, 0x42, 0xC0, 0xD0, 0xE0, 0x1C, 0x30, 0x03, 0x0F, 0xFF, 0xC0, 0x3F, 0xFF,
    0x0C, 0x00, 0xC3, 0x80, 0x70, 0xB0, 0x34, 0x24, 0x09, 0x09, 0x86, 0x42, 0x33, 0x10, 0x87, 0x84, 0x20, 0xC1, 0x08, 0x30, 0x42, 0x1E, 0x10, 0x8C,
    0xC4, 0x26, 0x19, 0x09, 0x02, 0x42, 0xC0, 0xD0, 0xE0, 0x1C, 0x30, 0x03, 0x0F, 0xFF, 0xC0, 0x3F, 0xFF, 0x0C, 0x00, 0xC3, 0x80, 0x70, 0xB0, 0x34,
    0x24, 0x09, 0x09, 0x86, 0x42, 0x33, 0x10, 0x87, 0x84, 0x20, 0xC1, 0x08, 0x30, 0x42, 0x1E, 0x10, 0x8C, 0xC4, 0x26, 0x19, 0x09, 0x02, 0x42, 0xC0,
    0xD0, 0xE0, 0x1C, 0x30, 0x03, 0x0F, 0xFF, 0xC0, 0x3F, 0xFF, 0x0C, 0x00, 0xC3, 0x80, 0x70, 0xB0, 0x34, 0x24, 0x09, 0x09, 0x86, 0x42, 0x33, 0x10,
    0x87, 0x84, 0x20, 0xC1, 0x08, 0x30, 0x42, 0x1E, 0x10, 0x8C, 0xC4, 0x26, 0x19, 0x09, 0x02, 0x42, 0xC0, 0xD0, 0xE0, 0x1C, 0x30, 0x03, 0x0F, 0xFF,
    0xC0, 0x3F, 0xFF, 0x0C, 0x00, 0xC3, 0x80, 0x70, 0xB0, 0x34, 0x24, 0x09, 0x09, 0x86, 0x42, 0x33, 0x10, 0x87, 0x84, 0x20, 0xC1, 0x08, 0x30, 0x42,
    0x1E, 0x10, 0x8C, 0xC4, 0x26, 0x19, 0x09, 0x02, 0x42, 0xC0, 0xD0, 0xE0, 0x1C, 0x30, 0x03, 0x0F, 0xFF, 0xC0, 0x3F, 0xFF, 0x0C, 0x00, 0xC3, 0x80,
    0x70, 0xB0, 0x34, 0x24, 0x09, 0x09, 0x86, 0x42, 0x33, 0x10, 0x87, 0x84, 0x20, 0xC1, 0x08, 0x30, 0x42, 0x1E, 0x10, 0x8C, 0xC4, 0x26, 0x19, 0x09,
    0x02, 0x42, 0xC0, 0xD0, 0xE0, 0x1C, 0x30, 0x03, 0x0F, 0xFF, 0xC0, 0x3F, 0xFF, 0x0C, 0x00, 0xC3, 0x80, 0x70, 0xB0, 0x34, 0x24, 0x09, 0x09, 0x86,
    0x42, 0x33, 0x10, 0x87, 0x84, 0x20, 0xC1, 0x08, 0x30, 0x42, 0x1E, 0x10, 0x8C, 0xC4, 0x26, 0x19, 0x09, 0x02, 0x42, 0xC0, 0xD0, 0xE0, 0x1C, 0x30,
    0x03, 0x0F, 0xFF, 0xC0, 0x3F, 0xFF, 0x0C, 0x00, 0xC3, 0x80, 0x70, 0xB0, 0x34, 0x24, 0x09, 0x09, 0x86, 0x42, 0x33, 0x10, 0x87, 0x84, 0x20, 0xC1,
    0x08, 0x30, 0x42, 0x1E, 0x10, 0x8C, 0xC4, 0x26, 0x19, 0x09, 0x02, 0x42, 0xC0, 0xD0, 0xE0, 0x1C, 0x30, 0x03, 0x0F, 0xFF, 0xC0, 0x78, 0x00, 0x67,
    0x80, 0x0E, 0x78, 0x01, 0xC7, 0x80, 0x38, 0x78, 0x0F, 0x07, 0x80, 0xE0, 0x78, 0x04, 0x07, 0x80, 0x00, 0x78, 0x00, 0x07, 0x80, 0x00, 0x78, 0x00,
    0x07, 0x80, 0x00, 0x7F, 0xC0, 0x07, 0xFC, 0x00, 0x70, 0x00, 0x70, 0x06, 0x70, 0x0E, 0x70, 0x1C, 0x70, 0x38, 0x70, 0xF0, 0x70, 0xE0, 0x70, 0x40,
    0x70, 0x00, 0x70, 0x00, 0x70, 0x00, 0x70, 0x00, 0x78, 0x00, 0x78, 0x00, 0x38, 0x00, 0x3F, 0xFF, 0x0C, 0x00, 0xC3, 0x80, 0x70, 0xB0, 0x34, 0x24,
    0x09, 0x09, 0x86, 0x42, 0x33, 0x10, 0x87, 0x84, 0x20, 0xC1, 0x08, 0x30, 0x42, 0x1E, 0x10, 0x8C, 0xC4, 0x26, 0x19, 0x09, 0x02, 0x42, 0xC0, 0xD0,
    0xE0, 0x1C, 0x30, 0x03, 0x0F, 0xFF, 0xC0, 0x3F, 0xFF, 0x0C, 0x00, 0xC3, 0x80, 0x70, 0xB0, 0x34, 0x24, 0x09, 0x09, 0x86, 0x42, 0x33, 0x10, 0x87,
    0x84, 0x20, 0xC1, 0x08, 0x30, 0x42, 0x1E, 0x10, 0x8C, 0xC4, 0x26, 0x19, 0x09, 0x02, 0x42, 0xC0, 0xD0, 0xE0, 0x1C, 0x30, 0x03, 0x0F, 0xFF, 0xC0,
    0x78, 0x00, 0x03, 0xC1, 0xE3, 0x9E, 0x07, 0x1C, 0xF0, 0x1D, 0xC7, 0x80, 0xFC, 0x3C, 0x03, 0xE1, 0xE0, 0x0E, 0x0F, 0x00, 0x60, 0x78, 0x00, 0x03,
    0xC0, 0x00, 0x1E, 0x00, 0x00, 0xF0, 0x00, 0x07, 0xFC, 0x00, 0x3F, 0xE0, 0x00, 0x70, 0x00, 0x38, 0x00, 0x1C, 0xF1, 0xCE, 0x38, 0xE7, 0x0E, 0xE3,
    0x87, 0xE1, 0xC1, 0xF0, 0xE0, 0x70, 0x70, 0x30, 0x38, 0x00, 0x1C, 0x00, 0x0E, 0x00, 0x07, 0x80, 0x03, 0xC0, 0x00, 0xE0, 0x00, 0x3F, 0xFF, 0x0C,
    0x00, 0xC3, 0x80, 0x70, 0xB0, 0x34, 0x24, 0x09, 0x09, 0x86, 0x42, 0x33, 0x10, 0x87, 0x84, 0x20, 0xC1, 0x08, 0x30, 0x42, 0x1E, 0x10, 0x8C, 0xC4,
    0x26, 0x19, 0x09, 0x02, 0x42, 0xC0, 0xD0, 0xE0, 0x1C, 0x30, 0x03, 0x0F, 0xFF, 0xC0, 0x3F, 0xFF, 0x0C, 0x00, 0xC3, 0x80, 0x70, 0xB0, 0x34, 0x24,
    0x09, 0x09, 0x86, 0x42, 0x33, 0x10, 0x87, 0x84, 0x20, 0xC1, 0x08, 0x30, 0x42, 0x1E, 0x10, 0x8C, 0xC4, 0x26, 0x19, 0x09, 0x02, 0x42, 0xC0, 0xD0,
    0xE0, 0x1C, 0x30, 0x03, 0x0F, 0xFF, 0xC0, 0x3F, 0xFF, 0x0C, 0x00, 0xC3, 0x80, 0x70, 0xB0, 0x34, 0x24, 0x09, 0x09, 0x86, 0x42, 0x33, 0x10, 0x87,
    0x84, 0x20, 0xC1, 0x08, 0x30, 0x42, 0x1E, 0x10, 0x8C, 0xC4, 0x26, 0x19, 0x09, 0x02, 0x42, 0xC0, 0xD0, 0xE0, 0x1C, 0x30, 0x03, 0x0F, 0xFF, 0xC0,
    0x3F, 0xFF, 0x0C, 0x00, 0xC3, 0x80, 0x70, 0xB0, 0x34, 0x24, 0x09, 0x09, 0x86, 0x42, 0x33, 0x10, 0x87, 0x84, 0x20, 0xC1, 0x08, 0x30, 0x42, 0x1E,
    0x10, 0x8C, 0xC4, 0x26, 0x19, 0x09, 0x02, 0x42, 0xC0, 0xD0, 0xE0, 0x1C, 0x30, 0x03, 0x0F, 0xFF, 0xC0, 0x00, 0x80, 0x0E, 0x00, 0xF0, 0x06, 0x00,
    0x00, 0x3C, 0x39, 0xE1, 0xCF, 0x8E, 0x7C, 0x73, 0xF3, 0x9D, 0x9C, 0xEE, 0xE7, 0x37, 0x39, 0xF9, 0xC7, 0xCE, 0x3E, 0x70, 0xF3, 0x87, 0x9C, 0x1C,
    0x00, 0x00, 0x18, 0x03, 0xC0, 0x78, 0x07, 0x00, 0x00, 0x00, 0x07, 0x78, 0x7F, 0xC7, 0xFC, 0x71, 0xC7, 0x1C, 0x71, 0xC7, 0x1C, 0x71, 0xC7, 0x1C,
    0x71, 0xC0, 0x3F, 0xFF, 0x0C, 0x00, 0xC3, 0x80, 0x70, 0xB0, 0x34, 0x24, 0x09, 0x09, 0x86, 0x42, 0x33, 0x10, 0x87, 0x84, 0x20, 0xC1, 0x08, 0x30,
    0x42, 0x1E, 0x10, 0x8C, 0xC4, 0x26, 0x19, 0x09, 0x02, 0x42, 0xC0, 0xD0, 0xE0, 0x1C, 0x30, 0x03, 0x0F, 0xFF, 0xC0, 0x3F, 0xFF, 0x0C, 0x00, 0xC3,
    0x80, 0x70, 0xB0, 0x34, 0x24, 0x09, 0x09, 0x86, 0x42, 0x33, 0x10, 0x87, 0x84, 0x20, 0xC1, 0x08, 0x30, 0x42, 0x1E, 0x10, 0x8C, 0xC4, 0x26, 0x19,
    0x09, 0x02, 0x42, 0xC0, 0xD0, 0xE0, 0x1C, 0x30, 0x03, 0x0F, 0xFF, 0xC0, 0x0C, 0xC0, 0x7E, 0x01, 0xE0, 0x00, 0x07, 0x87, 0x3C, 0x39, 0xF1, 0xCF,
    0x8E, 0x7E, 0x73, 0xB3, 0x9D, 0xDC, 0xE6, 0xE7, 0x3F, 0x38, 0xF9, 0xC7, 0xCE, 0x1E, 0x70, 0xF3, 0x83, 0x80, 0x18, 0xC1, 0xDC, 0x0F, 0x80, 0x70,
    0x00, 0x00, 0x00, 0x77, 0x87, 0xFC, 0x7F, 0xC7, 0x1C, 0x71, 0xC7, 0x1C, 0x71, 0xC7, 0x1C, 0x71, 0xC7, 0x1C, 0x3F, 0xFF, 0x0C, 0x00, 0xC3, 0x80,
    0x70, 0xB0, 0x34, 0x24, 0x09, 0x09, 0x86, 0x42, 0x33, 0x10, 0x87, 0x84, 0x20, 0xC1, 0x08, 0x30, 0x42, 0x1E, 0x10, 0x8C, 0xC4, 0x26, 0x19, 0x09,
    0x02, 0x42, 0xC0, 0xD0, 0xE0, 0x1C, 0x30, 0x03, 0x0F, 0xFF, 0xC0, 0x3F, 0xFF, 0x0C, 0x00, 0xC3, 0x80, 0x70, 0xB0, 0x34, 0x24, 0x09, 0x09, 0x86,
    0x42, 0x33, 0x10, 0x87, 0x84, 0x20, 0xC1, 0x08, 0x30, 0x42, 0x1E, 0x10, 0x8C, 0xC4, 0x26, 0x19, 0x09, 0x02, 0x42, 0xC0, 0xD0, 0xE0, 0x1C, 0x30,
    0x03, 0x0F, 0xFF, 0xC0, 0x3F, 0xFF, 0x0C, 0x00, 0xC3, 0x80, 0x70, 0xB0, 0x34, 0x24, 0x09, 0x09, 0x86, 0x42, 0x33, 0x10, 0x87, 0x84, 0x20, 0xC1,
    0x08, 0x30, 0x42, 0x1E, 0x10, 0x8C, 0xC4, 0x26, 0x19, 0x09, 0x02, 0x42, 0xC0, 0xD0, 0xE0, 0x1C, 0x30, 0x03, 0x0F, 0xFF, 0xC0, 0x0F, 0xC0, 0x3F,
    0x00, 0x00, 0x03, 0xF0, 0x1F, 0xE0, 0xFF, 0xC7, 0x87, 0x1C, 0x1E, 0x70, 0x39, 0xC0, 0xE7, 0x03, 0x9C, 0x0E, 0x70, 0x79, 0xE1, 0xC3, 0xFF, 0x07,
    0xF8, 0x0F, 0xC0, 0x1F, 0x87, 0xF0, 0x00, 0x00, 0x01, 0xF0, 0x7F, 0x1E, 0xF3, 0x8E, 0x71, 0xEE, 0x3D, 0xC7, 0x3D, 0xE3, 0xF8, 0x3E, 0x00, 0x0C,
    0xC0, 0x3F, 0x00, 0x78, 0x00, 0x00, 0x0F, 0xC0, 0x7F, 0x83, 0xFF, 0x1E, 0x1C, 0x70, 0x79, 0xC0, 0xE7, 0x03, 0x9C, 0x0E, 0x70, 0x39, 0xC1, 0xE7,
    0x87, 0x0F, 0xFC, 0x1F, 0xE0, 0x3F, 0x00, 0x31, 0x87, 0x70, 0x7E, 0x07, 0x00, 0x00, 0x00, 0x07, 0xC1, 0xFC, 0x7B, 0xCE, 0x39, 0xC7, 0xB8, 0xF7,
    0x1C, 0xF7, 0x8F, 0xE0, 0xF8, 0x3F, 0xFF, 0x0C, 0x00, 0xC3, 0x80, 0x70, 0xB0, 0x34, 0x24, 0x09, 0x09, 0x86, 0x42, 0x33, 0x10, 0x87, 0x84, 0x20,
    0xC1, 0x08, 0x30, 0x42, 0x1E, 0x10, 0x8C, 0xC4, 0x26, 0x19, 0x09, 0x02, 0x42, 0xC0, 0xD0, 0xE0, 0x1C, 0x30, 0x03, 0x0F, 0xFF, 0xC0, 0x3F, 0xFF,
    0x0C, 0x00, 0xC3, 0x80, 0x70, 0xB0, 0x34, 0x24, 0x09, 0x09, 0x86, 0x42, 0x33, 0x10, 0x87, 0x84, 0x20, 0xC1, 0x08, 0x30, 0x42, 0x1E, 0x10, 0x8C,
    0xC4, 0x26, 0x19, 0x09, 0x02, 0x42, 0xC0, 0xD0, 0xE0, 0x1C, 0x30, 0x03, 0x0F, 0xFF, 0xC0, 0x0F, 0xFF, 0x87, 0xFF, 0xE3, 0xEF, 0x01, 0xE3, 0x80,
    0x70, 0xE0, 0x1C, 0x3C, 0x07, 0x0F, 0xF1, 0xC3, 0xFC, 0x70, 0xE0, 0x1C, 0x38, 0x07, 0x8E, 0x00, 0xFB, 0xC0, 0x1F, 0xFF, 0x83, 0xFF, 0xE0, 0x1F,
    0x3C, 0x1F, 0xFF, 0x1E, 0xFD, 0xCE, 0x38, 0xE7, 0x1F, 0xF3, 0x8F, 0xF9, 0xC7, 0x80, 0xF7, 0xE4, 0x3F, 0xFF, 0x0F, 0x9F, 0x00, 0x7F, 0x80, 0x19,
    0xFF, 0x80, 0xE7, 0x9E, 0x07, 0x1E, 0x38, 0x38, 0x78, 0xE3, 0xC1, 0xE3, 0x8E, 0x07, 0x9E, 0x10, 0x1F, 0xF8, 0x00, 0x7F, 0x80, 0x01, 0xEF, 0x00,
    0x07, 0x9C, 0x00, 0x1E, 0x78, 0x00, 0x78, 0xE0, 0x01, 0xE3, 0xC0, 0x00, 0x00, 0x01, 0x80, 0x00, 0xE0, 0x00, 0x70, 0x00, 0x38, 0x77, 0x3C, 0x1F,
    0xCE, 0x07, 0xE1, 0x01, 0xE0, 0x00, 0x70, 0x00, 0x1C, 0x00, 0x07, 0x00, 0x01, 0xC0, 0x00, 0x70, 0x00, 0x1C, 0x00, 0x00, 0x3F, 0xFF, 0x0C, 0x00,
    0xC3, 0x80, 0x70, 0xB0, 0x34, 0x24, 0x09, 0x09, 0x86, 0x42, 0x33, 0x10, 0x87, 0x84, 0x20, 0xC1, 0x08, 0x30, 0x42, 0x1E, 0x10, 0x8C, 0xC4, 0x26,
    0x19, 0x09, 0x02, 0x42, 0xC0, 0xD0, 0xE0, 0x1C, 0x30, 0x03, 0x0F, 0xFF, 0xC0, 0x3F, 0xFF, 0x0C, 0x00, 0xC3, 0x80, 0x70, 0xB0, 0x34, 0x24, 0x09,
    0x09, 0x86, 0x42, 0x33, 0x10, 0x87, 0x84, 0x20, 0xC1, 0x08, 0x30, 0x42, 0x1E, 0x10, 0x8C, 0xC4, 0x26, 0x19, 0x09, 0x02, 0x42, 0xC0, 0xD0, 0xE0,
    0x1C, 0x30, 0x03, 0x0F, 0xFF, 0xC0, 0x7F, 0x80, 0x00, 0xFF, 0xDE, 0x39, 0xE7, 0x9C, 0x73, 0xC7, 0x1D, 0xC7, 0x8E, 0x3F, 0x0F, 0x1C, 0x3E, 0x1E,
    0x78, 0x38, 0x3F, 0xF0, 0x60, 0x7F, 0x80, 0x00, 0xF7, 0x80, 0x01, 0xE7, 0x00, 0x03, 0xCF, 0x00, 0x07, 0x8E, 0x00, 0x0F, 0x1E, 0x00, 0x00, 0x00,
    0xF1, 0xC0, 0x0E, 0x38, 0x00, 0xEE, 0x3B, 0x9F, 0x87, 0xF1, 0xF0, 0xFC, 0x1C, 0x1E, 0x03, 0x03, 0x80, 0x00, 0x70, 0x00, 0x0E, 0x00, 0x01, 0xC0,
    0x00, 0x38, 0x00, 0x07, 0x00, 0x00, 0x1F, 0x80, 0x31, 0xFE, 0x03, 0x9F, 0xF0, 0x38, 0xE0, 0x03, 0x87, 0x80, 0x78, 0x3F, 0x03, 0x80, 0xFE, 0x08,
    0x01, 0xF8, 0x00, 0x03, 0xC0, 0x00, 0x0F, 0x00, 0x08, 0x78, 0x00, 0xFF, 0x80, 0x07, 0xFC, 0x00, 0x0F, 0x80, 0x00, 0x00, 0x00, 0xC0, 0x00, 0x38,
    0x00, 0x0E, 0x00, 0x03, 0x83, 0xE1, 0xE0, 0xFE, 0x38, 0x1C, 0x82, 0x03, 0x80, 0x00, 0x7E, 0x00, 0x03, 0xE0, 0x00, 0x1C, 0x00, 0x33, 0x80, 0x0F,
    0xF0, 0x00, 0x7C, 0x00, 0x00, 0x3F, 0xFF, 0x0C, 0x00, 0xC3, 0x80, 0x70, 0xB0, 0x34, 0x24, 0x09, 0x09, 0x86, 0x42, 0x33, 0x10, 0x87, 0x84, 0x20,
    0xC1, 0x08, 0x30, 0x42, 0x1E, 0x10, 0x8C, 0xC4, 0x26, 0x19, 0x09, 0x02, 0x42, 0xC0, 0xD0, 0xE0, 0x1C, 0x30, 0x03, 0x0F, 0xFF, 0xC0, 0x3F, 0xFF,
    0x0C, 0x00, 0xC3, 0x80, 0x70, 0xB0, 0x34, 0x24, 0x09, 0x09, 0x86, 0x42, 0x33, 0x10, 0x87, 0x84, 0x20, 0xC1, 0x08, 0x30, 0x42, 0x1E, 0x10, 0x8C,
    0xC4, 0x26, 0x19, 0x09, 0x02, 0x42, 0xC0, 0xD0, 0xE0, 0x1C, 0x30, 0x03, 0x0F, 0xFF, 0xC0, 0x3F, 0xFF, 0x0C, 0x00, 0xC3, 0x80, 0x70, 0xB0, 0x34,
    0x24, 0x09, 0x09, 0x86, 0x42, 0x33, 0x10, 0x87, 0x84, 0x20, 0xC1, 0x08, 0x30, 0x42, 0x1E, 0x10, 0x8C, 0xC4, 0x26, 0x19, 0x09, 0x02, 0x42, 0xC0,
    0xD0, 0xE0, 0x1C, 0x30, 0x03, 0x0F, 0xFF, 0xC0, 0x3F, 0xFF, 0x0C, 0x00, 0xC3, 0x80, 0x70, 0xB0, 0x34, 0x24, 0x09, 0x09, 0x86, 0x42, 0x33, 0x10,
    0x87, 0x84, 0x20, 0xC1, 0x08, 0x30, 0x42, 0x1E, 0x10, 0x8C, 0xC4, 0x26, 0x19, 0x09, 0x02, 0x42, 0xC0, 0xD0, 0xE0, 0x1C, 0x30, 0x03, 0x0F, 0xFF,
    0xC0, 0x1F, 0x80, 0x00, 0xFF, 0x78, 0xE7, 0xFC, 0xE3, 0x9C, 0x01, 0xDC, 0x78, 0x07, 0xE1, 0xF8, 0x0F, 0x83, 0xF8, 0x1C, 0x03, 0xF0, 0x60, 0x03,
    0xC0, 0x00, 0x07, 0x80, 0x02, 0x1E, 0x00, 0x1F, 0xF0, 0x00, 0x7F, 0xC0, 0x00, 0x7C, 0x00, 0x00, 0x00, 0x78, 0xE0, 0x03, 0x8E, 0x00, 0x1D, 0xC3,
    0xE1, 0xF8, 0x7F, 0x0F, 0x87, 0x20, 0x70, 0x70, 0x06, 0x07, 0xE0, 0x00, 0x1F, 0x00, 0x00, 0x70, 0x00, 0x67, 0x00, 0x0F, 0xF0, 0x00, 0x3E, 0x00,
    0x00, 0x3F, 0xFF, 0x0C, 0x00, 0xC3, 0x80, 0x70, 0xB0, 0x34, 0x24, 0x09, 0x09, 0x86, 0x42, 0x33, 0x10, 0x87, 0x84, 0x20, 0xC1, 0x08, 0x30, 0x42,
    0x1E, 0x10, 0x8C, 0xC4, 0x26, 0x19, 0x09, 0x02, 0x42, 0xC0, 0xD0, 0xE0, 0x1C, 0x30, 0x03, 0x0F, 0xFF, 0xC0, 0x3F, 0xFF, 0x0C, 0x00, 0xC3, 0x80,
    0x70, 0xB0, 0x34, 0x24, 0x09, 0x09, 0x86, 0x42, 0x33, 0x10, 0x87, 0x84, 0x20, 0xC1, 0x08, 0x30, 0x42, 0x1E, 0x10, 0x8C, 0xC4, 0x26, 0x19, 0x09,
    0x02, 0x42, 0xC0, 0xD0, 0xE0, 0x1C, 0x30, 0x03, 0x0F, 0xFF, 0xC0, 0xFF, 0xE0, 0x03, 0xFF, 0xF8, 0xE0, 0xE0, 0xE3, 0x83, 0x81, 0xDC, 0x0E, 0x07,
    0xE0, 0x38, 0x0F, 0x80, 0xE0, 0x1C, 0x03, 0x80, 0x60, 0x0E, 0x00, 0x00, 0x38, 0x00, 0x00, 0xE0, 0x00, 0x03, 0x80, 0x00, 0x0E, 0x00, 0x00, 0x38,
    0x00, 0x00, 0x38, 0xF1, 0xC7, 0x0E, 0x38, 0xE0, 0xEE, 0x7F, 0x1F, 0x8F, 0xE1, 0xF0, 0xF0, 0x1C, 0x0E, 0x03, 0x01, 0xC0, 0x00, 0x38, 0x00, 0x07,
    0x00, 0x00, 0xE0, 0x00, 0x1F, 0x00, 0x01, 0xE0, 0x00, 0x3F, 0xFF, 0x0C, 0x00, 0xC3, 0x80, 0x70, 0xB0, 0x34, 0x24, 0x09, 0x09, 0x86, 0x42, 0x33,
    0x10, 0x87, 0x84, 0x20, 0xC1, 0x08, 0x30, 0x42, 0x1E, 0x10, 0x8C, 0xC4, 0x26, 0x19, 0x09, 0x02, 0x42, 0xC0, 0xD0, 0xE0, 0x1C, 0x30, 0x03, 0x0F,
    0xFF, 0xC0, 0x3F, 0xFF, 0x0C, 0x00, 0xC3, 0x80, 0x70, 0xB0, 0x34, 0x24, 0x09, 0x09, 0x86, 0x42, 0x33, 0x10, 0x87, 0x84, 0x20, 0xC1, 0x08, 0x30,
    0x42, 0x1E, 0x10, 0x8C, 0xC4, 0x26, 0x19, 0x09, 0x02, 0x42, 0xC0, 0xD0, 0xE0, 0x1C, 0x30, 0x03, 0x0F, 0xFF, 0xC0, 0x0E, 0x60, 0xFF, 0x06, 0xF0,
    0x00, 0x07, 0x07, 0x38, 0x39, 0xC1, 0xCE, 0x0E, 0x70, 0x73, 0x83, 0x9C, 0x1C, 0xE0, 0xE7, 0x87, 0x1C, 0x38, 0xE1, 0xC7, 0xFC, 0x1F, 0xE0, 0x7C,
    0x00, 0x08, 0x03, 0xF8, 0xFE, 0x19, 0xC0, 0x00, 0x00, 0x1C, 0x73, 0x8E, 0x71, 0xCE, 0x39, 0xC7, 0x38, 0xE7, 0x1C, 0xFF, 0x8F, 0xF1, 0xF6, 0x1F,
    0xC0, 0x7E, 0x00, 0x00, 0xE0, 0xE7, 0x07, 0x38, 0x39, 0xC1, 0xCE, 0x0E, 0x70, 0x73, 0x83, 0x9C, 0x1C, 0xF0, 0xE3, 0x87, 0x1C, 0x38, 0xFF, 0x83,
    0xFC, 0x0F, 0x80, 0x1F, 0x83, 0xF0, 0x00, 0x00, 0x07, 0x1C, 0xE3, 0x9C, 0x73, 0x8E, 0x71, 0xCE, 0x39, 0xC7, 0x3F, 0xE3, 0xFC, 0x7D, 0x80, 0x18,
    0xC0, 0x7E, 0x03, 0xE0, 0x00, 0x07, 0x07, 0x38, 0x39, 0xC1, 0xCE, 0x0E, 0x70, 0x73, 0x83, 0x9C, 0x1C, 0xE0, 0xE7, 0x87, 0x1C, 0x38, 0xE1, 0xC7,
    0xFC, 0x1F, 0xE0, 0x7C, 0x00, 0x31, 0x87, 0x30, 0x7E, 0x07, 0x00, 0x00, 0x00, 0x1C, 0x73, 0x8E, 0x71, 0xCE, 0x39, 0xC7, 0x38, 0xE7, 0x1C, 0xFF,
    0x8F, 0xF1, 0xF6, 0x3F, 0xFF, 0x0C, 0x00, 0xC3, 0x80, 0x70, 0xB0, 0x34, 0x24, 0x09, 0x09, 0x86, 0x42, 0x33, 0x10, 0x87, 0x84, 0x20, 0xC1, 0x08,
    0x30, 0x42, 0x1E, 0x10, 0x8C, 0xC4, 0x26, 0x19, 0x09, 0x02, 0x42, 0xC0, 0xD0, 0xE0, 0x1C, 0x30, 0x03, 0x0F, 0xFF, 0xC0, 0x3F, 0xFF, 0x0C, 0x00,
    0xC3, 0x80, 0x70, 0xB0, 0x34, 0x24, 0x09, 0x09, 0x86, 0x42, 0x33, 0x10, 0x87, 0x84, 0x20, 0xC1, 0x08, 0x30, 0x42, 0x1E, 0x10, 0x8C, 0xC4, 0x26,
    0x19, 0x09, 0x02, 0x42, 0xC0, 0xD0, 0xE0, 0x1C, 0x30, 0x03, 0x0F, 0xFF, 0xC0, 0x3F, 0xFF, 0x0C, 0x00, 0xC3, 0x80, 0x70, 0xB0, 0x34, 0x24, 0x09,
    0x09, 0x86, 0x42, 0x33, 0x10, 0x87, 0x84, 0x20, 0xC1, 0x08, 0x30, 0x42, 0x1E, 0x10, 0x8C, 0xC4, 0x26, 0x19, 0x09, 0x02, 0x42, 0xC0, 0xD0, 0xE0,
    0x1C, 0x30, 0x03, 0x0F, 0xFF, 0xC0, 0x3F, 0xFF, 0x0C, 0x00, 0xC3, 0x80, 0x70, 0xB0, 0x34, 0x24, 0x09, 0x09, 0x86, 0x42, 0x33, 0x10, 0x87, 0x84,
    0x20, 0xC1, 0x08, 0x30, 0x42, 0x1E, 0x10, 0x8C, 0xC4, 0x26, 0x19, 0x09, 0x02, 0x42, 0xC0, 0xD0, 0xE0, 0x1C, 0x30, 0x03, 0x0F, 0xFF, 0xC0, 0x3F,
    0xFF, 0x0C, 0x00, 0xC3, 0x80, 0x70, 0xB0, 0x34, 0x24, 0x09, 0x09, 0x86, 0x42, 0x33, 0x10, 0x87, 0x84, 0x20, 0xC1, 0x08, 0x30, 0x42, 0x1E, 0x10,
    0x8C, 0xC4, 0x26, 0x19, 0x09, 0x02, 0x42, 0xC0, 0xD0, 0xE0, 0x1C, 0x30, 0x03, 0x0F, 0xFF, 0xC0, 0x3F, 0xFF, 0x0C, 0x00, 0xC3, 0x80, 0x70, 0xB0,
    0x34, 0x24, 0x09, 0x09, 0x86, 0x42, 0x33, 0x10, 0x87, 0x84, 0x20, 0xC1, 0x08, 0x30, 0x42, 0x1E, 0x10, 0x8C, 0xC4, 0x26, 0x19, 0x09, 0x02, 0x42,
    0xC0, 0xD0, 0xE0, 0x1C, 0x30, 0x03, 0x0F, 0xFF, 0xC0, 0x3F, 0xFF, 0x0C, 0x00, 0xC3, 0x80, 0x70, 0xB0, 0x34, 0x24, 0x09, 0x09, 0x86, 0x42, 0x33,
    0x10, 0x87, 0x84, 0x20, 0xC1, 0x08, 0x30, 0x42, 0x1E, 0x10, 0x8C, 0xC4, 0x26, 0x19, 0x09, 0x02, 0x42, 0xC0, 0xD0, 0xE0, 0x1C, 0x30, 0x03, 0x0F,
    0xFF, 0xC0, 0x3F, 0xFF, 0x0C, 0x00, 0xC3, 0x80, 0x70, 0xB0, 0x34, 0x24, 0x09, 0x09, 0x86, 0x42, 0x33, 0x10, 0x87, 0x84, 0x20, 0xC1, 0x08, 0x30,
    0x42, 0x1E, 0x10, 0x8C, 0xC4, 0x26, 0x19, 0x09, 0x02, 0x42, 0xC0, 0xD0, 0xE0, 0x1C, 0x30, 0x03, 0x0F, 0xFF, 0xC0, 0x3F, 0xFF, 0x0C, 0x00, 0xC3,
    0x80, 0x70, 0xB0, 0x34, 0x24, 0x09, 0x09, 0x86, 0x42, 0x33, 0x10, 0x87, 0x84, 0x20, 0xC1, 0x08, 0x30, 0x42, 0x1E, 0x10, 0x8C, 0xC4, 0x26, 0x19,
    0x09, 0x02, 0x42, 0xC0, 0xD0, 0xE0, 0x1C, 0x30, 0x03, 0x0F, 0xFF, 0xC0, 0x3F, 0xFF, 0x0C, 0x00, 0xC3, 0x80, 0x70, 0xB0, 0x34, 0x24, 0x09, 0x09,
    0x86, 0x42, 0x33, 0x10, 0x87, 0x84, 0x20, 0xC1, 0x08, 0x30, 0x42, 0x1E, 0x10, 0x8C, 0xC4, 0x26, 0x19, 0x09, 0x02, 0x42, 0xC0, 0xD0, 0xE0, 0x1C,
    0x30, 0x03, 0x0F, 0xFF, 0xC0, 0x3F, 0xFF, 0x0C, 0x00, 0xC3, 0x80, 0x70, 0xB0, 0x34, 0x24, 0x09, 0x09, 0x86, 0x42, 0x33, 0x10, 0x87, 0x84, 0x20,
    0xC1, 0x08, 0x30, 0x42, 0x1E, 0x10, 0x8C, 0xC4, 0x26, 0x19, 0x09, 0x02, 0x42, 0xC0, 0xD0, 0xE0, 0x1C, 0x30, 0x03, 0x0F, 0xFF, 0xC0, 0x7F, 0xC0,
    0x33, 0xFE, 0x03, 0x80, 0xF0, 0x38, 0x07, 0x03, 0x80, 0x78, 0x78, 0x03, 0x83, 0x80, 0x3C, 0x08, 0x01, 0xC0, 0x00, 0x1C, 0x00, 0x01, 0xE0, 0x00,
    0x0E, 0x00, 0x00, 0xF0, 0x00, 0x07, 0xFE, 0x00, 0x3F, 0xF0, 0x00, 0x00, 0x00, 0xC0, 0x00, 0x38, 0x00, 0x0E, 0x00, 0x03, 0x87, 0xF9, 0xE0, 0xFF,
    0x38, 0x01, 0xC2, 0x00, 0x70, 0x00, 0x1E, 0x00, 0x03, 0x80, 0x00, 0xE0, 0x00, 0x3C, 0x00, 0x07, 0xF8, 0x01, 0xFF, 0x00, 0x00, 0x00, 0x01, 0xC0,
    0x00, 0x39, 0xFF, 0x0F, 0x3F, 0xE0, 0xE0, 0x3C, 0x00, 0x07, 0x00, 0x01, 0xE0, 0x00, 0x38, 0x00, 0x0F, 0x00, 0x01, 0xC0, 0x00, 0x70, 0x00, 0x1E,
    0x00, 0x03, 0x80, 0x00, 0xF0, 0x00, 0x1F, 0xF8, 0x03, 0xFF, 0x00, 0x00, 0x07, 0x00, 0x03, 0x80, 0x03, 0xC0, 0x00, 0xE0, 0x00, 0x00, 0x00, 0x01,
    0xFE, 0x00, 0xFF, 0x00, 0x07, 0x00, 0x07, 0x00, 0x07, 0x80, 0x03, 0x80, 0x03, 0x80, 0x03, 0xC0, 0x01, 0xFE, 0x01, 0xFF, 0x00, 0x7F, 0xC0, 0x01,
    0xFF, 0x78, 0xE0, 0x3C, 0xE3, 0x80, 0xE1, 0xDC, 0x07, 0x87, 0xE0, 0x1C, 0x0F, 0x80, 0xF0, 0x1C, 0x03, 0x80, 0x60, 0x1C, 0x00, 0x00, 0xF0, 0x00,
    0x03, 0x80, 0x00, 0x1E, 0x00, 0x00, 0x7F, 0xE0, 0x01, 0xFF, 0x80, 0x00, 0x00, 0x78, 0xE0, 0x03, 0x8E, 0x00, 0x1D, 0xC7, 0xF9, 0xF8, 0x7F, 0x8F,
    0x80, 0x70, 0x70, 0x0E, 0x06, 0x01, 0xE0, 0x00, 0x1C, 0x00, 0x03, 0x80, 0x00, 0x78, 0x00, 0x07, 0xF8, 0x00, 0xFF, 0x80, 0x00, 0x3F, 0xFF, 0x0C,
    0x00, 0xC3, 0x80, 0x70, 0xB0, 0x34, 0x24, 0x09, 0x09, 0x86, 0x42, 0x33, 0x10, 0x87, 0x84, 0x20, 0xC1, 0x08, 0x30, 0x42, 0x1E, 0x10, 0x8C, 0xC4,
    0x26, 0x19, 0x09, 0x02, 0x42, 0xC0, 0xD0, 0xE0, 0x1C, 0x30, 0x03, 0x0F, 0xFF, 0xC0, 0x08, 0xC0, 0x7E, 0x01, 0xE0, 0x00, 0x00, 0x78, 0x07, 0xC0,
    0x3E, 0x01, 0xF8, 0x0D, 0xC0, 0xEE, 0x07, 0x38, 0x39, 0xC3, 0xFE, 0x1F, 0xF0, 0xE1, 0xCE, 0x0E, 0x70, 0x73, 0x83, 0xC0, 0x31, 0x87, 0x70, 0x7C,
    0x07, 0x00, 0x00, 0x00, 0x07, 0xC3, 0xFC, 0x33, 0x80, 0x70, 0x7F, 0x3F, 0xE7, 0x3C, 0xE7, 0x9F, 0xF1, 0xEE, 0x66, 0x7E, 0x3C, 0x00, 0x3C, 0x3C,
    0x3C, 0x3C, 0x3C, 0x3C, 0x3C, 0x3C, 0x3C, 0x3C, 0x3C, 0x3C, 0x3C, 0x3C, 0xC6, 0xEE, 0x7C, 0x38, 0x00, 0x00, 0x38, 0x38, 0x38, 0x38, 0x38, 0x38,
    0x38, 0x38, 0x38, 0x38, 0x08, 0x40, 0x3F, 0x00, 0x78, 0x00, 0x00, 0x0F, 0xC0, 0x7F, 0x83, 0xFF, 0x1E, 0x1C, 0x70, 0x79, 0xC0, 0xE7, 0x03, 0x9C,
    0x0E, 0x70, 0x39, 0xC1, 0xE7, 0x87, 0x0F, 0xFC, 0x1F, 0xE0, 0x3F, 0x00, 0x31, 0x87, 0x70, 0x7C, 0x07, 0x00, 0x00, 0x00, 0x07, 0xC1, 0xFC, 0x7B,
    0xCE, 0x39, 0xC7, 0xB8, 0xF7, 0x1C, 0xF7, 0x8F, 0xE0, 0xF8, 0x18, 0xC0, 0x7E, 0x01, 0xE0, 0x00, 0x07, 0x07, 0x38, 0x39, 0xC1, 0xCE, 0x0E, 0x70,
    0x73, 0x83, 0x9C, 0x1C, 0xE0, 0xE7, 0x87, 0x1C, 0x38, 0xE1, 0xC7, 0xFC, 0x1F, 0xE0, 0x7C, 0x00, 0x31, 0x87, 0x70, 0x7C, 0x07, 0x00, 0x00, 0x00,
    0x1C, 0x73, 0x8E, 0x71, 0xCE, 0x39, 0xC7, 0x38, 0xE7, 0x1C, 0xFF, 0x8F, 0xF1, 0xF6, 0x1F, 0xC0, 0x7C, 0x00, 0x00, 0x39, 0x81, 0xCC, 0x00, 0x01,
    0xC1, 0xCE, 0x0E, 0x70, 0x73, 0x83, 0x9C, 0x1C, 0xE0, 0xE7, 0x07, 0x38, 0x39, 0xE1, 0xC7, 0x0E, 0x38, 0x71, 0xFF, 0x07, 0xF8, 0x1F, 0x00, 0x1F,
    0x03, 0xF0, 0x00, 0x1C, 0xC3, 0x98, 0x00, 0x00, 0x03, 0x8E, 0x71, 0xCE, 0x39, 0xC7, 0x38, 0xE7, 0x1C, 0xE3, 0x9F, 0xF1, 0xFE, 0x3E, 0xC0, 0x01,
    0x80, 0x1C, 0x00, 0xC0, 0x04, 0x01, 0xCC, 0x0E, 0x60, 0x00, 0x0E, 0x0E, 0x70, 0x73, 0x83, 0x9C, 0x1C, 0xE0, 0xE7, 0x07, 0x38, 0x39, 0xC1, 0xCF,
    0x0E, 0x38, 0x71, 0xC3, 0x8F, 0xF8, 0x3F, 0xC0, 0xF8, 0x00, 0x02, 0x00, 0xE0, 0x18, 0x02, 0x03, 0x98, 0x73, 0x00, 0x00, 0x00, 0x71, 0xCE, 0x39,
    0xC7, 0x38, 0xE7, 0x1C, 0xE3, 0x9C, 0x73, 0xFE, 0x3F, 0xC7, 0xD8, 0x08, 0x80, 0x7E, 0x01, 0xE0, 0x00, 0x01, 0xCC, 0x0E, 0x60, 0x00, 0x0E, 0x0E,
    0x70, 0x73, 0x83, 0x9C, 0x1C, 0xE0, 0xE7, 0x07, 0x38, 0x39, 0xC1, 0xCF, 0x0E, 0x38, 0x71, 0xC3, 0x8F, 0xF8, 0x3F, 0xC0, 0xF8, 0x00, 0x11, 0x03,
    0xF0, 0x3C, 0x00, 0x03, 0x98, 0x73, 0x00, 0x00, 0x00, 0x71, 0xCE, 0x39, 0xC7, 0x38, 0xE7, 0x1C, 0xE3, 0x9C, 0x73, 0xFE, 0x3F, 0xC7, 0xD8, 0x04,
    0x00, 0x70, 0x01, 0xC0, 0x04, 0x01, 0xCC, 0x0E, 0x60, 0x00, 0x0E, 0x0E, 0x70, 0x73, 0x83, 0x9C, 0x1C, 0xE0, 0xE7, 0x07, 0x38, 0x39, 0xC1, 0xCF,
    0x0E, 0x38, 0x71, 0xC3, 0x8F, 0xF8, 0x3F, 0xC0, 0xF8, 0x00, 0x08, 0x01, 0x80, 0x38, 0x02, 0x03, 0x98, 0x73, 0x00, 0x00, 0x00, 0x71, 0xCE, 0x39,
    0xC7, 0x38, 0xE7, 0x1C, 0xE3, 0x9C, 0x73, 0xFE, 0x3F, 0xC7, 0xD8, 0x0C, 0x00, 0x70, 0x03, 0xC0, 0x0E, 0x00, 0x00, 0x3C, 0x39, 0xE1, 0xCF, 0x8E,
    0x7C, 0x73, 0xF3, 0x9D, 0x9C, 0xEE, 0xE7, 0x37, 0x39, 0xF9, 0xC7, 0xCE, 0x3E, 0x70, 0xF3, 0x87, 0x9C, 0x1C, 0x08, 0x01, 0xC0, 0x1C, 0x00, 0xE0,
    0x06, 0x00, 0x00, 0x00, 0x07, 0x78, 0x7F, 0xC7, 0xFC, 0x71, 0xC7, 0x1C, 0x71, 0xC7, 0x1C, 0x71, 0xC7, 0x1C, 0x71, 0xC0, 0x00, 0x40, 0x01, 0xC0,
    0x07, 0x80, 0x1C, 0x00, 0x00, 0x0F, 0x07, 0x9E, 0x0F, 0x3E, 0x1E, 0x7C, 0x7C, 0xF8, 0xF9, 0xF9, 0xF3, 0xB7, 0xE7, 0x6D, 0xCE, 0xFB, 0x9C, 0xF7,
    0x39, 0xCE, 0x73, 0x9C, 0xE2, 0x39, 0xC0, 0x70, 0x00, 0x00, 0x00, 0x18, 0x00, 0x1C, 0x00, 0x1C, 0x00, 0x0C, 0x00, 0x00, 0x00, 0x00, 0x00, 0xEF,
    0x3C, 0x7F, 0xFF, 0x3F, 0xFF, 0x9C, 0x71, 0xCE, 0x38, 0xE7, 0x1C, 0x73, 0x8E, 0x39, 0xC7, 0x1C, 0xE3, 0x8E, 0x71, 0xC7, 0x00, 0x30, 0xC3, 0x1E,
    0x79, 0xE3, 0x0C, 0x30, 0x00, 0x00, 0x00, 0x00, 0x00, 0x00, 0x00, 0x00, 0x00, 0x00, 0x00, 0x7F, 0xFF, 0xBF, 0xFF, 0xFF, 0xFF, 0xFC, 0x00, 0x00,
    0x00, 0x00, 0x00, 0x00, 0x00, 0x00, 0x00, 0x00, 0x00, 0x00, 0x00, 0x00, 0x03, 0x00, 0x00, 0xC0, 0x00, 0x30, 0x00, 0x0C, 0x00, 0x03, 0x00, 0x00,
    0xC7, 0xE0, 0xFF, 0xFD, 0xFF, 0xFC, 0x7F, 0xC0, 0x18, 0xC0, 0x00, 0x30, 0x00, 0x0C, 0x04, 0x03, 0x03, 0x80, 0xC0, 0xE0, 0x38, 0x38, 0x0F, 0xFE,
    0x03, 0xFF, 0x00, 0x00, 0x00, 0x3F, 0xFF, 0x0F, 0xFF, 0xC0, 0x00, 0x00, 0x00, 0x00, 0x00, 0x00, 0x00, 0x00, 0x01, 0xFF, 0xE0, 0x7F, 0xF8, 0x00,
    0x00, 0x00, 0x00, 0x00, 0x00, 0x00, 0x00, 0x00, 0x00, 0x00, 0x1F, 0xFF, 0xE7, 0xFF, 0xF8, 0x01, 0xC0, 0x00, 0x70, 0x00, 0x1C, 0x00, 0x07, 0x00,
    0x01, 0xC0, 0x00, 0x70, 0x00, 0x1F, 0xF0, 0x07, 0xFC, 0x01, 0xC0, 0x00, 0x70, 0x00, 0x1C, 0x00, 0x07, 0x00, 0x01, 0xC0, 0x00, 0x70, 0x00, 0x1C,
    0x01, 0xFF, 0xFE, 0x7F, 0xFF, 0x80, 0x00, 0x00, 0x1F, 0xFF, 0xE7, 0xFF, 0xF8, 0x07, 0x00, 0x01, 0xC0, 0x00, 0x78, 0x00, 0x1F, 0x00, 0x07, 0xF0,
    0x01, 0xFF, 0x00, 0x73, 0xC0, 0x1C, 0x70, 0x07, 0x00, 0x01, 0xC0, 0x00, 0x70, 0x00, 0x1C, 0x00, 0x07, 0x00, 0x01, 0xC0, 0x00, 0x00, 0x00, 0x1F,
    0xFF, 0xE7, 0xFF, 0xF8, 0x03, 0x80, 0x01, 0xE0, 0x00, 0xF4, 0x00, 0x7F, 0x80, 0x3F, 0xF0, 0x1F, 0xDF, 0x0F, 0x31, 0xE7, 0x8C, 0x3D, 0xC3, 0x06,
    0x00, 0xC0, 0x00, 0x30, 0x00, 0x0C, 0x00, 0x03, 0x00, 0x00, 0xC0, 0x00, 0x00, 0x00, 0x00, 0x60, 0x00, 0x3C, 0x00, 0x0E, 0x00, 0x7F, 0xFF, 0x9F,
    0xFF, 0xE0, 0xF0, 0x00, 0x39, 0x80, 0x1C, 0x60, 0x0F, 0xFF, 0xC3, 0xFF, 0xF0, 0x03, 0x80, 0x08, 0x64, 0x07, 0x1B, 0x81, 0xC6, 0x70, 0xE1, 0x9C,
    0x78, 0xE3, 0x9C, 0xF8, 0x62, 0x1C, 0x00, 0x00, 0xC0, 0x00, 0x30, 0x00, 0x0C, 0x01, 0xFF, 0xFE, 0x7F, 0xFF, 0x9C, 0x70, 0xE7, 0x0C, 0x39, 0xC3,
    0x0E, 0x70, 0xC3, 0x9C, 0x70, 0xE7, 0xFF, 0xF9, 0xFF, 0xFE, 0x70, 0xC3, 0x80, 0x30, 0x00, 0x0C, 0x00, 0x03, 0x00, 0x00, 0xC0, 0x00, 0x30, 0x00,
    0x01, 0x00, 0x00, 0x70, 0x00, 0x38, 0x00, 0x1E, 0x00, 0x0F, 0x1C, 0x07, 0x8F, 0x03, 0xC3, 0x81, 0xE1, 0xC0, 0x70, 0xE0, 0x00, 0x79, 0x00, 0x3D,
    0xC0, 0x1E, 0x38, 0x0F, 0x07, 0x07, 0xFF, 0xC3, 0xFF, 0xF8, 0xFF, 0xFE, 0x00, 0x01, 0x80, 0x03, 0x00, 0x00, 0xC0, 0x00, 0x30, 0x00, 0x0C, 0x00,
    0x07, 0x00, 0x1F, 0xFF, 0x07, 0xFF, 0xC0, 0x1C, 0x70, 0x07, 0x1C, 0x01, 0xC7, 0x00, 0x71, 0xC0, 0x38, 0x70, 0x0E, 0x1C, 0x07, 0x87, 0x61, 0xC1,
    0xDD, 0xE0, 0x77, 0xF8, 0x1F, 0xD8, 0x03, 0xE0, 0x00, 0x00, 0x00, 0x00, 0x0F, 0xFF, 0xE3, 0xFF, 0xF8, 0x01, 0x8C, 0x0E, 0x67, 0x03, 0xF9, 0x82,
    0x76, 0x00, 0xE1, 0x80, 0x3C, 0xE0, 0x02, 0x38, 0x07, 0xFF, 0xF9, 0xFF, 0xFE, 0x01, 0xC0, 0x00, 0xFE, 0x00, 0x7F, 0xE0, 0xFC, 0x7C, 0x7C, 0x07,
    0x9C, 0x00, 0x40, 0x1F, 0xFE, 0x0F, 0xFF, 0xC3, 0xFF, 0xF0, 0x00, 0x00, 0x00, 0x00, 0x00, 0x00, 0x00, 0x00, 0x00, 0x00, 0x00, 0x00, 0x00, 0x00,
    0x00, 0x00, 0x00, 0x00, 0x00, 0x00, 0x7F, 0xFF, 0x9F, 0xFF, 0xE7, 0xFF, 0xF8, 0x00, 0x00, 0x0F, 0xFF, 0xC3, 0xFF, 0xF0, 0x06, 0x00, 0x03, 0x80,
    0x00, 0xE0, 0x01, 0xFF, 0xC0, 0x7F, 0xF0, 0x03, 0x9C, 0x00, 0xC7, 0x00, 0x71, 0xC0, 0x1C, 0x70, 0x07, 0x1C, 0x01, 0xC7, 0x07, 0xFF, 0xF9, 0xFF,
    0xFE, 0x01, 0xC0, 0x00, 0x70, 0x00, 0x1C, 0x00, 0x07, 0x00, 0x01, 0xC0, 0x00, 0x78, 0x00, 0x1E, 0x00, 0x0F, 0x80, 0x03, 0xF0, 0x00, 0xFC, 0x00,
    0x73, 0x80, 0x3C, 0xF0, 0x0E, 0x1C, 0x0F, 0x03, 0xC7, 0xC0, 0x79, 0xC0, 0x0E, 0x20, 0x01, 0x00, 0x0C, 0x18, 0x03, 0x8E, 0x01, 0xC3, 0x80, 0x70,
    0xE0, 0x18, 0x38, 0x0E, 0x0E, 0x07, 0x83, 0x83, 0xEF, 0xFF, 0x7B, 0xFF, 0xD6, 0x0E, 0x01, 0x83, 0x80, 0x60, 0xE0, 0x18, 0x38, 0x06, 0x0E, 0x01,
    0x83, 0x80, 0x60, 0xE0, 0x18, 0x38, 0x06, 0x0E, 0x00, 0x00, 0x00, 0x00, 0x30, 0x00, 0x1E, 0x00, 0x0F, 0xC0, 0x07, 0xF8, 0x03, 0xCF, 0x83, 0xF9,
    0xF1, 0xF7, 0x9E, 0x70, 0xF3, 0x88, 0x18, 0x01, 0xFF, 0xF0, 0x7F, 0xFC, 0x00, 0x1E, 0x00, 0x07, 0x00, 0x03, 0xC0, 0x01, 0xE0, 0x00, 0x70, 0x00,
    0x38, 0x00, 0x06, 0x00, 0x0C, 0x18, 0x07, 0x06, 0x01, 0xD9, 0x80, 0x66, 0x6E, 0x39, 0x9F, 0x9E, 0x7F, 0xEF, 0x9F, 0x9B, 0xFF, 0xE6, 0x7F, 0x99,
    0x8E, 0x66, 0xE3, 0x99, 0xF8, 0xE6, 0x7C, 0x39, 0x98, 0x0E, 0x60, 0x73, 0x98, 0x1C, 0xE7, 0x07, 0x39, 0xFF, 0x8E, 0x3F, 0xC0, 0x00, 0x00, 0x19,
    0x80, 0x07, 0xEF, 0xE1, 0x9F, 0xF8, 0xE3, 0x0E, 0x3B, 0xC3, 0x9D, 0xC0, 0xE7, 0x70, 0x3B, 0xDC, 0x0E, 0x77, 0x03, 0x9D, 0xC0, 0xE3, 0x70, 0x38,
    0xDC, 0x0E, 0x37, 0x03, 0x8D, 0xC0, 0xE3, 0x70, 0x38, 0xDC, 0x0E, 0x37, 0x0F, 0x8D, 0xC3, 0xC0, 0x00, 0xC0, 0x00, 0x78, 0x00, 0x3E, 0x00, 0x1F,
    0xE0, 0x0F, 0x3C, 0x0F, 0x87, 0xE7, 0xFF, 0xF9, 0xDF, 0xEE, 0x00, 0x00, 0x00, 0x00, 0x07, 0xFF, 0xF9, 0xFF, 0xFE, 0x07, 0x98, 0x03, 0xC7, 0x01,
    0xE1, 0xE0, 0xFF, 0xFC, 0x3F, 0xFF, 0x86, 0x00, 0xC0, 0x0C, 0xC0, 0x07, 0x70, 0x01, 0xDC, 0x00, 0x77, 0x00, 0x39, 0xFF, 0xCE, 0xFF, 0xE7, 0xF3,
    0x9B, 0xFC, 0xE6, 0xFA, 0x39, 0x9E, 0x7F, 0xC3, 0x9F, 0xB0, 0xE6, 0xEE, 0x3B, 0xBB, 0x8E, 0xEE, 0xE3, 0xF3, 0x98, 0xE0, 0xE4, 0x38, 0xF8, 0x0E,
    0x1C, 0x00, 0x19, 0x8C, 0x07, 0x63, 0x01, 0x98, 0xC0, 0xE6, 0x30, 0x3F, 0xFF, 0xDF, 0xFF, 0xF7, 0x99, 0xBB, 0xE6, 0xFE, 0xF9, 0xBF, 0x1F, 0xFF,
    0xC3, 0xFE, 0xF0, 0xF9, 0xBC, 0x3E, 0x66, 0x0F, 0x9B, 0x83, 0xFE, 0xF0, 0xFF, 0xFE, 0x3E, 0x39, 0x8E, 0x04, 0x20, 0x06, 0x38, 0x01, 0xCE, 0x00,
    0x63, 0x80, 0x38, 0xE0, 0x0E, 0x18, 0x03, 0x86, 0x00, 0xE1, 0xC0, 0x38, 0x70, 0x1C, 0x0C, 0x07, 0x03, 0x81, 0xC0, 0xE0, 0xE0, 0x1C, 0x78, 0x07,
    0x9C, 0x00, 0xE6, 0x00, 0x18, 0x00, 0x00, 0x00, 0xC0, 0x00, 0x70, 0x00, 0x1E, 0x00, 0x03, 0x80, 0x00, 0xE0, 0x1F, 0xFF, 0xE7, 0xFF, 0xF9, 0xFF,
    0xFE, 0x00, 0x00, 0x01, 0x86, 0x00, 0xE3, 0xC0, 0x38, 0x70, 0x1C, 0x0E, 0x0F, 0x03, 0xC3, 0x80, 0x71, 0xE0, 0x1E, 0x70, 0x03, 0x88, 0x00, 0x40,
    0x0C, 0x0C, 0x03, 0x83, 0x80, 0xE1, 0xC0, 0x18, 0x70, 0x3F, 0xFF, 0x0F, 0xFF, 0xC0, 0x1E, 0x00, 0x03, 0x80, 0x00, 0xE0, 0x1F, 0xFF, 0xE7, 0xFF,
    0xF8, 0x07, 0xC0, 0x03, 0xF0, 0x01, 0xEF, 0x01, 0xF3, 0xE1, 0xF8, 0x3F, 0x7C, 0x07, 0x8C, 0x00, 0x60, 0x7F, 0xFF, 0x9F, 0xFF, 0xE7, 0x60, 0x39,
    0xD8, 0x0E, 0x0F, 0xFE, 0x03, 0xFF, 0x80, 0xE0, 0x00, 0x38, 0x00, 0x0F, 0xFE, 0x03, 0xFF, 0x80, 0x00, 0x61, 0xFF, 0xD8, 0x7F, 0xFE, 0x00, 0x03,
    0x80, 0x00, 0xE0, 0x03, 0xF0, 0x00, 0xF8, 0x00, 0x06, 0x18, 0x01, 0xCE, 0x00, 0xE1, 0xC0, 0x38, 0x78, 0x1C, 0x0E, 0x0F, 0x01, 0xC7, 0x80, 0x79,
    0xFF, 0xFE, 0x7F, 0xFF, 0x80, 0xE3, 0x80, 0x38, 0xE0, 0x0C, 0x38, 0x07, 0x0E, 0x01, 0xC3, 0x80, 0xE0, 0xE0, 0xF8, 0x70, 0x7C, 0x7C, 0x0C, 0x1F,
    0x00, 0x00, 0x00, 0x0C, 0x0E, 0x07, 0x83, 0x80, 0xE1, 0xC1, 0xFF, 0xFE, 0x7F, 0xFF, 0x80, 0x00, 0x03, 0xFB, 0xB0, 0xFE, 0xEC, 0x31, 0xBB, 0x0F,
    0xEE, 0xC3, 0xFB, 0xB0, 0xC6, 0xEC, 0x3F, 0xBB, 0x0F, 0xEE, 0xC3, 0x19, 0x30, 0xC6, 0x0C, 0x37, 0x8F, 0x0D, 0xC3, 0xC0, 0x00, 0x00, 0x07, 0x30,
    0x01, 0xCC, 0x00, 0x73, 0x00, 0x1C, 0xC4, 0x07, 0x33, 0x9F, 0xCD, 0xE7, 0xF3, 0xF0, 0x1C, 0xF0, 0x07, 0x38, 0x01, 0xCC, 0x00, 0x73, 0x00, 0x3C,
    0xC0, 0x7F, 0x31, 0xFF, 0xCC, 0x77, 0x73, 0x1C, 0x1C, 0xFE, 0x07, 0x3F, 0x81, 0x80, 0x00, 0x00, 0xC0, 0x00, 0x30, 0x00, 0x0C, 0x00, 0x03, 0x00,
    0x00, 0xC0, 0x00, 0x30, 0x00, 0x0C, 0x01, 0xFF, 0xFF, 0x7F, 0xFF, 0xDF, 0xFF, 0xE0, 0x0C, 0x00, 0x03, 0x00, 0x00, 0xC0, 0x00, 0x30, 0x00, 0x0C,
    0x00, 0x03, 0x00, 0x00, 0xC0, 0x00, 0x30, 0x00, 0x00, 0x0C, 0x00, 0x7F, 0x83, 0xFF, 0xE0, 0xFF, 0x80, 0x30, 0xC0, 0x00, 0x30, 0x00, 0x0C, 0x00,
    0x07, 0x00, 0x7F, 0xFF, 0x9F, 0xFF, 0xE0, 0x0C, 0x00, 0x03, 0x00, 0x00, 0xC0, 0x00, 0x30, 0x00, 0x0C, 0x00, 0x03, 0x00, 0x00, 0xC0, 0x00, 0x30,
    0x00, 0x00, 0xC0, 0x00, 0x30, 0x03, 0xFF, 0xF0, 0xFF, 0xFC, 0x00, 0xC0, 0x1F, 0xFF, 0xE7, 0xFF, 0xF8, 0x39, 0x9C, 0x1F, 0xE7, 0x0F, 0xF8, 0x01,
    0xCE, 0x01, 0xFF, 0xFE, 0x7F, 0xFF, 0x80, 0x78, 0x00, 0x7B, 0xE0, 0xFC, 0xFE, 0x7E, 0x0F, 0x8E, 0x00, 0x60, 0x00, 0xC0, 0x00, 0x30, 0x07, 0xFF,
    0xF9, 0xFF, 0xFE, 0x00, 0xC0, 0x1F, 0xFF, 0xE7, 0xFF, 0xF9, 0xCC, 0xCE, 0x73, 0x33, 0x9C, 0xCC, 0xE7, 0x7F, 0xB9, 0xDF, 0xEE, 0x70, 0xC3, 0x9F,
    0xFF, 0xE7, 0xFF, 0xF9, 0xC3, 0x0E, 0x70, 0xDF, 0x0C, 0x33, 0xC0, 0x00, 0xC0, 0x00, 0x30, 0x00, 0x1E, 0x00, 0xFF, 0xFC, 0x3F, 0xFF, 0x00, 0x30,
    0x00, 0x0C, 0x00, 0x07, 0x80, 0x7F, 0xFF, 0xDF, 0xFF, 0xF0, 0x78, 0x80, 0x1C, 0x70, 0x0E, 0x1C, 0x07, 0x03, 0x83, 0xFF, 0xF0, 0xFF, 0xFC, 0x3F,
    0xFF, 0x80, 0x00, 0xC0, 0x07, 0x00, 0x01, 0xC0, 0x00, 0x70, 0x01, 0xFF, 0xFE, 0x7F, 0xFF, 0x81, 0xC0, 0x00, 0x60, 0x00, 0x1F, 0xF8, 0x0F, 0xFE,
    0x03, 0xE3, 0x80, 0xF9, 0xC0, 0x77, 0x70, 0x1D, 0xF8, 0x0E, 0x3E, 0x07, 0x9F, 0xC3, 0xDF, 0xFE, 0x67, 0x8F, 0x81, 0x80, 0xC0, 0x3F, 0xFF, 0x0F,
    0xFF, 0xC3, 0x80, 0x70, 0xC0, 0x0C, 0x30, 0x03, 0x0C, 0x00, 0xC3, 0x00, 0x30, 0xC0, 0x0C, 0x30, 0x03, 0x0C, 0x00, 0xC3, 0x00, 0x30, 0xE0, 0x1C,
    0x3F, 0xFF, 0x0F, 0xFF, 0xC3, 0x00, 0x30, 0xC0, 0x0C, 0x01, 0x80, 0x00, 0xE0, 0x00, 0x38, 0x01, 0xFF, 0xFE, 0x7F, 0xFF, 0x81, 0xC0, 0x00, 0x60,
    0x00, 0x38, 0x00, 0x0E, 0x00, 0x07, 0xFF, 0xC3, 0xFF, 0xF1, 0xF8, 0x1C, 0xFE, 0x07, 0x1B, 0x81, 0xC0, 0xE0, 0x70, 0x3F, 0xFC, 0x0F, 0xFF, 0x03,
    0x81, 0xC0, 0x00, 0x60, 0x00, 0x18, 0x07, 0xEE, 0x01, 0xFB, 0xFE, 0x6F, 0xFF, 0x9B, 0xF0, 0x06, 0xF8, 0x01, 0xBF, 0xFC, 0x6E, 0xFF, 0x1B, 0x87,
    0x86, 0xE3, 0xC1, 0xF9, 0xC0, 0x7E, 0xE0, 0x18, 0x70, 0x76, 0x1C, 0x1C, 0x07, 0xFE, 0x00, 0xFF, 0x80, 0x00, 0x00, 0x00, 0x1E, 0x07, 0xFF, 0xC3,
    0xFF, 0xC0, 0xF0, 0x00, 0x38, 0x00, 0x0F, 0xFF, 0xF3, 0xFF, 0xFC, 0xE0, 0x00, 0x38, 0x00, 0x0E, 0x00, 0x03, 0xFF, 0xF0, 0xFF, 0xFC, 0x3F, 0x03,
    0x1D, 0xC0, 0xC7, 0x70, 0x31, 0xDF, 0xFC, 0xE7, 0xFF, 0x19, 0xC0, 0xC0, 0x00, 0x02, 0x00, 0x07, 0xC7, 0xEF, 0xF1, 0xFB, 0xE0, 0x6E, 0xE0, 0x1B,
    0xB8, 0x06, 0xEF, 0xF9, 0xBB, 0xFE, 0x6E, 0xE7, 0x1B, 0xB9, 0xC6, 0xEE, 0x71, 0xFB, 0x9C, 0x7E, 0xC7, 0x1C, 0x71, 0xC6, 0x1C, 0x70, 0x07, 0x1C,
    0x03, 0x87, 0x00, 0x61, 0xC0, 0x00, 0x00, 0x00, 0x00, 0x00, 0xFF, 0xE7, 0xFF, 0xF9, 0xF7, 0xF6, 0x7D, 0xFD, 0x9F, 0xFF, 0x67, 0xFF, 0xF9, 0xF7,
    0xFC, 0x7D, 0xFF, 0x9F, 0x7F, 0x67, 0xFF, 0xD9, 0xFF, 0xF6, 0x7F, 0x7D, 0x98, 0xDF, 0xE6, 0x76, 0xF8, 0x1D, 0xB0, 0x06, 0xEC, 0x01, 0x3B, 0x00,
    0x00, 0xC0, 0x1F, 0xFF, 0xE7, 0xFF, 0xF8, 0x7F, 0xFC, 0x3F, 0xFF, 0x00, 0x00, 0x01, 0xFF, 0xE0, 0x7F, 0xF8, 0x1F, 0xFE, 0x03, 0xFF, 0x80, 0xE1,
    0xC3, 0xFF, 0xFF, 0x7F, 0xFF, 0x87, 0xFF, 0x81, 0xFF, 0xE0, 0x60, 0x18, 0x1F, 0xFE, 0x07, 0xFF, 0x80, 0x01, 0xFF, 0x9F, 0xFF, 0xE7, 0xFF, 0xF9,
    0xBF, 0xFE, 0x6F, 0xC3, 0x9B, 0xFF, 0xE6, 0xFF, 0xF1, 0xBF, 0xFE, 0x6F, 0xFF, 0x9B, 0xE6, 0x67, 0xF9, 0x99, 0xFF, 0xF6, 0x61, 0xE5, 0x98, 0x7F,
    0xE0, 0x0F, 0xF8, 0x00, 0x1E, 0x00, 0x07, 0x00, 0x00, 0x00, 0x00, 0x00, 0x1F, 0xFF, 0xE7, 0xFF, 0xF9, 0xCC, 0xCE, 0x73, 0x33, 0x9C, 0xCC, 0xE7,
    0x73, 0x39, 0xDC, 0xCE, 0x77, 0x33, 0x9F, 0x8F, 0xE7, 0xE3, 0xF9, 0xF0, 0x0E, 0x70, 0x03, 0x9F, 0xFF, 0xE7, 0xFF, 0xF9, 0xC0, 0x0E, 0x20, 0x00,
    0x00, 0x00, 0x00, 0x1F, 0xFF, 0xE7, 0xFF, 0xF9, 0xC0, 0x0E, 0x70, 0x03, 0x9D, 0xFE, 0xE7, 0x7F, 0xB9, 0xDC, 0xEE, 0x77, 0x3B, 0x9D, 0xCE, 0xE7,
    0x73, 0xB9, 0xDF, 0xEE, 0x77, 0xFB, 0x9C, 0x00, 0xE7, 0x00, 0x39, 0xFF, 0xFE, 0x7F, 0xFF, 0x9C, 0x00, 0xE0, 0x7F, 0xFF, 0x9F, 0xFF, 0xE7, 0x00,
    0x39, 0xFF, 0xFE, 0x7F, 0xFF, 0x9C, 0x30, 0xE7, 0x0C, 0x39, 0xDF, 0xEE, 0x77, 0xFB, 0x9C, 0x36, 0xE7, 0x0D, 0xB9, 0xFF, 0xFE, 0x7F, 0xFF, 0x9C,
    0x00, 0xE7, 0xFF, 0xF9, 0xFF, 0xFE, 0x70, 0x03, 0x80, 0x03, 0x80, 0x00, 0xE0, 0x00, 0x38, 0x01, 0xFF, 0xFE, 0x7F, 0xFF, 0x83, 0x80, 0x00, 0xE3,
    0x80, 0x70, 0xE0, 0x3C, 0x38, 0x1E, 0x7F, 0xEF, 0x9F, 0xF9, 0xE0, 0xE0, 0x18, 0x38, 0x06, 0x0E, 0x01, 0x83, 0x80, 0x6F, 0xFE, 0x1B, 0xFF, 0x86,
    0x00, 0x00, 0x1C, 0x38, 0x07, 0x0E, 0x01, 0xC3, 0x80, 0xFF, 0xE0, 0x3F, 0xF8, 0x0E, 0x7E, 0x07, 0x1F, 0xE1, 0xC6, 0xFC, 0xFF, 0xBF, 0x1F, 0xEE,
    0xE0, 0xF3, 0x98, 0x1C, 0xE4, 0x0F, 0x38, 0x07, 0x8E, 0x03, 0xC3, 0x81, 0xE0, 0xE0, 0x70, 0x38, 0x08, 0x0E, 0x00, 0x01, 0xC0, 0x00, 0xF0, 0x00,
    0x7F, 0xE0, 0x7F, 0xF8, 0x3E, 0x3C, 0x0F, 0xDE, 0x00, 0x7F, 0x00, 0x1F, 0xE0, 0x7F, 0xF8, 0x1F, 0x3F, 0xE2, 0x3F, 0xF8, 0x3E, 0x1C, 0x1F, 0xCF,
    0x03, 0x3F, 0x80, 0x1F, 0xC0, 0xFF, 0xC0, 0x7F, 0xC0, 0x1F, 0x00, 0x00, 0x00, 0xC0, 0x00, 0x70, 0x00, 0x1C, 0x00, 0x07, 0x00, 0x01, 0xC0, 0x1F,
    0xFF, 0xE7, 0xFF, 0xF8, 0x07, 0x80, 0x01, 0xE0, 0x00, 0xFC, 0x00, 0x3F, 0x00, 0x1E, 0xE0, 0x07, 0x3C, 0x03, 0x87, 0x83, 0xE0, 0xF1, 0xF0, 0x3E,
    0x78, 0x07, 0x88, 0x00, 0x40, 0x00, 0x00, 0x0F, 0xFF, 0xC3, 0xFF, 0xF0, 0x07, 0x00, 0x01, 0xC0, 0x00, 0x70, 0x07, 0xFF, 0xF9, 0xFF, 0xFE, 0x01,
    0xE0, 0x00, 0xF8, 0x00, 0x3F, 0x00, 0x1E, 0xE0, 0x0F, 0x3C, 0x07, 0x87, 0xC7, 0xC0, 0xFD, 0xE0, 0x1E, 0x20, 0x01, 0x80, 0x01, 0x80, 0x00, 0xE0,
    0x00, 0x38, 0x00, 0x0E, 0x00, 0x7F, 0xFF, 0x9F, 0xFF, 0xE7, 0xFF, 0xF8, 0x38, 0x70, 0x0E, 0x1C, 0x07, 0x87, 0x01, 0xE3, 0x80, 0x7F, 0xE0, 0x07,
    0xF0, 0x00, 0x7E, 0x00, 0x7F, 0xE1, 0xFE, 0x7E, 0x7E, 0x07, 0x9E, 0x00, 0xC0, 0x38, 0x0C, 0x0E, 0x07, 0x03, 0x8F, 0xC0, 0xE3, 0xF0, 0xFE, 0xFF,
    0xBF, 0xBF, 0xE3, 0x6F, 0xF9, 0xDF, 0xF6, 0x77, 0xFD, 0x9B, 0xBF, 0x67, 0xEF, 0xD9, 0xF3, 0xFE, 0x3C, 0xFF, 0x07, 0xBB, 0x63, 0xFE, 0x1D, 0xFB,
    0x86, 0xF0, 0xFF, 0x98, 0x1F, 0xE0, 0x00, 0x00, 0x38, 0x00, 0x0E, 0x3F, 0xE3, 0x8F, 0xF8, 0xE0, 0x1C, 0xFF, 0x07, 0x3F, 0xC3, 0x83, 0x71, 0xC1,
    0xDC, 0x70, 0x77, 0xFF, 0xD9, 0xFF, 0xF7, 0xE1, 0xC0, 0xF8, 0x70, 0x1E, 0x1C, 0x07, 0xC7, 0x03, 0xF1, 0xC1, 0xEC, 0x70, 0xF0, 0x7C, 0x18, 0x1E,
    0x00, 0x38, 0x00, 0x0E, 0x7F, 0xC3, 0x9F, 0xF0, 0xE0, 0x1C, 0xFE, 0xC7, 0x3F, 0xB1, 0xC3, 0x6C, 0x71, 0xDB, 0x18, 0x76, 0xFF, 0x9B, 0xFF, 0xE7,
    0xE0, 0x19, 0xF0, 0x06, 0x3D, 0xFF, 0x87, 0x7F, 0xE3, 0xE0, 0x39, 0xF8, 0x0C, 0x70, 0x1F, 0x18, 0x03, 0x80, 0x00, 0x00, 0x0F, 0xFF, 0x83, 0xFF,
    0xF0, 0x00, 0xF8, 0x00, 0x7C, 0x00, 0x3C, 0x00, 0x0E, 0x00, 0x03, 0x00, 0x7F, 0xFF, 0x9F, 0xFF, 0xE0, 0x0E, 0x00, 0x03, 0x00, 0x00, 0xC0, 0x00,
    0x30, 0x00, 0x0C, 0x00, 0x03, 0x00, 0x0F, 0xC0, 0x01, 0xF0, 0x00, 0x00, 0x00, 0x00, 0x00, 0x02, 0x71, 0x81, 0xCC, 0x70, 0x73, 0xB8, 0x7F, 0xFF,
    0x9F, 0xFF, 0xE6, 0x00, 0x19, 0x80, 0x06, 0x0F, 0xFC, 0x03, 0xFF, 0x00, 0x0F, 0x80, 0x03, 0x80, 0x7F, 0xFF, 0x9F, 0xFF, 0xE0, 0x0C, 0x00, 0x03,
    0x00, 0x00, 0xC0, 0x01, 0xF0, 0x00, 0x78, 0x00, 0x00, 0x00, 0x00, 0x30, 0x00, 0x1C, 0x01, 0xFF, 0xFE, 0x7F, 0xFF, 0x9C, 0x00, 0xE7, 0xFF, 0xF8,
    0x3F, 0xF0, 0x07, 0xC6, 0x0F, 0xF3, 0xC7, 0xDF, 0xE0, 0xDF, 0xF0, 0x3F, 0xFC, 0x1F, 0x7B, 0x83, 0x7F, 0xE0, 0x7D, 0xDC, 0x7E, 0xE3, 0xDC, 0xF8,
    0x60, 0x3C, 0x00, 0x00, 0xC0, 0x00, 0x30, 0x00, 0x0C, 0x00, 0x03, 0x00, 0x00, 0xC0, 0x07, 0x33, 0x81, 0xCC, 0xE0, 0xE3, 0x1C, 0x38, 0xC7, 0x0E,
    0x30, 0xE7, 0x0C, 0x39, 0xC3, 0x0F, 0xF0, 0xC1, 0xD8, 0x30, 0x70, 0x0C, 0x00, 0x07, 0x00, 0x0F, 0xC0, 0x01, 0xF0, 0x00, 0x00, 0x00, 0x01, 0xC0,
    0x00, 0x70, 0x00, 0x1C, 0x00, 0x77, 0x38, 0x1D, 0xC6, 0x0E, 0x71, 0xC3, 0x9C, 0x39, 0xC7, 0x0E, 0x71, 0xC1, 0x88, 0x71, 0x00, 0x1C, 0xE0, 0x02,
    0x70, 0x00, 0x7C, 0x00, 0xFC, 0x07, 0xFE, 0x01, 0xFE, 0x00, 0x78, 0x00, 0x00, 0x00, 0xC0, 0x00, 0x30, 0x00, 0x0C, 0x00, 0x03, 0x00, 0x70, 0xC3,
    0x9C, 0x30, 0xE7, 0x0C, 0x39, 0xC3, 0x0E, 0x70, 0xC3, 0x9C, 0x30, 0xE7, 0x0C, 0x39, 0xC3, 0x0E, 0x70, 0xC3, 0x9C, 0x30, 0xE7, 0xFF, 0xF9, 0xFF,
    0xFE, 0x00, 0x03, 0x80, 0x00, 0xE0, 0x03, 0x80, 0x00, 0xE0, 0x00, 0x30, 0x01, 0xFF, 0xFE, 0x7F, 0xFF, 0x81, 0xC0, 0x00, 0x60, 0x00, 0x38, 0x00,
    0x0F, 0xFF, 0x83, 0xFF, 0xE1, 0xC3, 0x00, 0x60, 0xC0, 0x38, 0x30, 0x1C, 0x0C, 0x0F, 0x03, 0x01, 0xBF, 0xFF, 0x0F, 0xFF, 0xC0, 0x00, 0x00, 0x0C,
    0x00, 0x03, 0xFF, 0xE6, 0xFF, 0xF9, 0xB8, 0x60, 0x6E, 0x18, 0x1B, 0xFF, 0xE6, 0xFF, 0xF9, 0xBF, 0x66, 0x6D, 0xD9, 0x9B, 0x76, 0x66, 0xDD, 0x99,
    0xB7, 0x66, 0x0D, 0xD9, 0x87, 0x77, 0xE1, 0x9D, 0xB0, 0xE0, 0x60, 0x30, 0x18, 0x04, 0x06, 0x00, 0x00, 0x00, 0x03, 0x80, 0x00, 0xE0, 0x00, 0x7F,
    0xFE, 0x1F, 0xFF, 0x8E, 0x18, 0x07, 0x86, 0x01, 0xC1, 0x80, 0x7F, 0xFF, 0x07, 0xFF, 0xC1, 0xC6, 0x00, 0x71, 0x80, 0x1C, 0x60, 0x3F, 0xFF, 0xFF,
    0xFF, 0xFC, 0x01, 0x80, 0x00, 0x60, 0x00, 0x18, 0x00, 0x06, 0x00, 0x7F, 0xFF, 0x9F, 0xFF, 0xE0, 0x61, 0xC0, 0x18, 0x70, 0x06, 0x1C, 0x01, 0x87,
    0x00, 0x61, 0xC1, 0xFF, 0xFE, 0x7F, 0xFF, 0x83, 0x87, 0x00, 0xE1, 0xC0, 0x38, 0x70, 0x1C, 0x1C, 0x0F, 0x07, 0x07, 0x81, 0xC1, 0xE0, 0x70, 0x20,
    0x1C, 0x00, 0x01, 0x00, 0x00, 0xE0, 0x00, 0x3E, 0x00, 0x03, 0xC0, 0x00, 0x70, 0x01, 0xC8, 0x02, 0x70, 0x70, 0xDC, 0x1C, 0x77, 0x03, 0x9D, 0xC0,
    0xE7, 0x70, 0x39, 0xDC, 0x07, 0x77, 0x0D, 0xD9, 0xC3, 0x62, 0x70, 0xC0, 0x1F, 0xF0, 0x03, 0xF8, 0x00, 0x00, 0x00, 0x0C, 0x00, 0x03, 0x1F, 0xE0,
    0xC7, 0xF9, 0xFF, 0x8E, 0x7F, 0xFF, 0x87, 0x1F, 0xE3, 0xF6, 0x38, 0xFF, 0xFE, 0x7F, 0x7F, 0x9B, 0x1F, 0xE4, 0xC7, 0xF8, 0x33, 0x00, 0x37, 0xE3,
    0x1F, 0xB9, 0xC7, 0xE6, 0xF9, 0xF8, 0x77, 0x67, 0xFD, 0x81, 0xFE, 0x00, 0x01, 0x30, 0x0F, 0xED, 0x87, 0xFF, 0x71, 0xF8, 0xCE, 0x0E, 0x33, 0x83,
    0x8C, 0x07, 0xFF, 0xF9, 0xFF, 0xFE, 0x0E, 0x38, 0x03, 0x8E, 0xE1, 0xFF, 0xF3, 0xFF, 0x7C, 0x7E, 0x1E, 0x13, 0x8F, 0x20, 0xE7, 0xDC, 0x3F, 0xFF,
    0x7E, 0xCF, 0x8F, 0x01, 0xE0, 0x00, 0x0E, 0x01, 0xFF, 0x83, 0xFF, 0xE0, 0xFF, 0x80, 0x00, 0xC0, 0x00, 0x30, 0x03, 0xFF, 0xF0, 0xFF, 0xFC, 0x00,
    0xC0, 0x00, 0x30, 0x07, 0xFF, 0xFD, 0xFF, 0xFF, 0x00, 0xC0, 0x00, 0x30, 0x00, 0x0C, 0x00, 0x03, 0x00, 0x0F, 0xC0, 0x03, 0xE0, 0x00, 0x00, 0x00,
    0x1F, 0xFF, 0x07, 0xFF, 0xC1, 0x80, 0x70, 0x60, 0x1C, 0x18, 0x07, 0x06, 0x01, 0xC1, 0x80, 0x70, 0x7F, 0xFC, 0x1F, 0xFF, 0x06, 0x01, 0xC1, 0x80,
    0x70, 0x60, 0x1C, 0x18, 0x07, 0x07, 0xFF, 0xC1, 0xFF, 0xF0, 0x60, 0x1C, 0x18, 0x06, 0x00, 0x00, 0x07, 0x00, 0x01, 0xC7, 0xF0, 0x71, 0xFC, 0x1C,
    0x67, 0xFF, 0xD9, 0xFF, 0xF6, 0x70, 0x71, 0xFD, 0x9C, 0x7F, 0xE7, 0x19, 0xDD, 0xC6, 0x73, 0xF1, 0x9C, 0xDC, 0x7F, 0x07, 0x1F, 0xC1, 0xC6, 0x00,
    0x71, 0x80, 0x1C, 0x60, 0x3F, 0x00, 0x0F, 0x80, 0x00, 0x00, 0x7F, 0x7F, 0x9F, 0xDF, 0xE6, 0x76, 0x19, 0x9D, 0x86, 0x67, 0x7F, 0x9F, 0xDF, 0xE7,
    0xF6, 0x19, 0x9D, 0x86, 0x67, 0xE1, 0x99, 0xFF, 0xE7, 0xFF, 0xF9, 0xFF, 0x86, 0x60, 0xC1, 0x98, 0x70, 0x60, 0x3C, 0x38, 0x0E, 0x3E, 0x03, 0x0F,
    0x00, 0x00, 0x00, 0x3F, 0xFF, 0x0F, 0xFF, 0xC3, 0xFF, 0xF0, 0xFF, 0xFC, 0x38, 0x07, 0x0F, 0xFF, 0xC1, 0xFF, 0xE1, 0xFF, 0xFE, 0x7F, 0xFF, 0x82,
    0x38, 0x01, 0xCE, 0x00, 0x73, 0xFC, 0x1C, 0xFF, 0x0F, 0xB8, 0x03, 0xFE, 0x01, 0xDF, 0xFE, 0x61, 0xFF, 0x80, 0x00, 0x00, 0x1F, 0xFE, 0x07, 0xFF,
    0x81, 0xC0, 0xE0, 0x70, 0x18, 0x1C, 0x06, 0x07, 0xFF, 0x81, 0xFF, 0xE0, 0x70, 0x18, 0x1C, 0x06, 0x07, 0xFF, 0x81, 0xFF, 0xE0, 0xE0, 0x38, 0x38,
    0x06, 0x0E, 0x01, 0x87, 0x00, 0xE3, 0xC1, 0xF8, 0x60, 0x3C, 0x00, 0x00, 0x00, 0x03, 0x80, 0x00, 0xE0, 0x07, 0xFF, 0xF9, 0xFF, 0xFE, 0x0E, 0x00,
    0x03, 0x80, 0x01, 0xFF, 0xE0, 0x7F, 0xF8, 0x3E, 0x06, 0x1F, 0xFF, 0x86, 0xFF, 0xE1, 0x38, 0x18, 0x0F, 0xFE, 0x03, 0xFF, 0x80, 0xE0, 0x60, 0x38,
    0x18, 0x0E, 0x3E, 0x03, 0x8F, 0x80, 0x3F, 0x3F, 0x8F, 0xCF, 0xE3, 0x33, 0x38, 0xCC, 0xCE, 0x3F, 0x3F, 0x8F, 0xCF, 0xE3, 0x33, 0x38, 0xCC, 0xCE,
    0x3F, 0x3F, 0x8F, 0xDF, 0xE3, 0x37, 0x39, 0xCD, 0xCE, 0x73, 0x73, 0x9C, 0xF8, 0xE6, 0x3E, 0x3B, 0xBF, 0xBE, 0x67, 0xC7, 0x00, 0x00, 0x00, 0x00,
    0xC0, 0x00, 0x30, 0x00, 0x0C, 0x00, 0x03, 0x00, 0x01, 0xE0, 0x1F, 0xFF, 0xE7, 0xFF, 0xF8, 0x0F, 0xC0, 0x03, 0xF0, 0x01, 0xFE, 0x00, 0xFF, 0xC0,
    0x7B, 0x78, 0x3C, 0xCF, 0x1E, 0x31, 0xEF, 0x0C, 0x3D, 0x83, 0x06, 0x00, 0xC0, 0x00, 0x30, 0x00, 0x00, 0xC0, 0x00, 0x30, 0x03, 0xFF, 0xF8, 0xFF,
    0xFE, 0x18, 0xC6, 0x07, 0x33, 0x80, 0xCC, 0xE0, 0x33, 0x30, 0x7F, 0xFF, 0x9F, 0xFF, 0xE0, 0x3F, 0x00, 0x1F, 0xE0, 0x0F, 0xFC, 0x07, 0xB7, 0x87,
    0xCC, 0xFB, 0xE3, 0x1F, 0x60, 0xC1, 0x80, 0x30, 0x00, 0x00, 0x60, 0x00, 0x1C, 0x07, 0xF6, 0x03, 0xFD, 0xFE, 0x07, 0xFF, 0x99, 0xFE, 0x67, 0x7D,
    0xB9, 0xFF, 0x6C, 0x3E, 0x98, 0x07, 0x07, 0x01, 0xC3, 0xC0, 0x78, 0xF0, 0x3E, 0x3E, 0x1F, 0xDF, 0x8F, 0x6E, 0x71, 0x87, 0x9E, 0x03, 0xC3, 0xC0,
    0x60, 0x60, 0x00, 0xC0, 0x00, 0x30, 0x00, 0x0C, 0x00, 0x03, 0x08, 0x00, 0xC7, 0x1F, 0xF9, 0xC7, 0xEE, 0xE0, 0x3B, 0xF0, 0x0E, 0xF8, 0x03, 0xBE,
    0x01, 0xCF, 0xC0, 0x73, 0x70, 0x38, 0xCE, 0x1E, 0x33, 0xEF, 0x0C, 0x7D, 0x9F, 0x06, 0x07, 0xC0, 0x00, 0xF0, 0x00, 0x01, 0xC0, 0x00, 0x70, 0x00,
    0x1C, 0x00, 0x47, 0x08, 0x1D, 0xC3, 0x8E, 0x71, 0xC3, 0x9C, 0x70, 0xE7, 0x18, 0x71, 0xEE, 0x00, 0xF8, 0x00, 0x3F, 0x00, 0x1F, 0xC0, 0x0F, 0x3C,
    0x07, 0x87, 0x87, 0xC0, 0xF9, 0xE0, 0x1E, 0x20, 0x01, 0x00, 0x00, 0x0E, 0x0F, 0xFF, 0xC3, 0xFF, 0xE0, 0x33, 0x38, 0x0C, 0xCC, 0x1F, 0xFF, 0xE7,
    0xFF, 0xF9, 0x8C, 0x06, 0x3F, 0xFF, 0x07, 0xFF, 0xC0, 0x60, 0x00, 0x3F, 0xF8, 0x0F, 0xFE, 0x07, 0xF7, 0x03, 0x9F, 0x81, 0xFF, 0xFC, 0x77, 0xFF,
    0x99, 0xC1, 0xC0, 0x06, 0x18, 0x03, 0xCF, 0x03, 0xE1, 0xF1, 0xFC, 0xFE, 0x33, 0xF3, 0x01, 0xFE, 0x03, 0xFF, 0xFB, 0xF8, 0x7E, 0x7F, 0xFF, 0x87,
    0xFF, 0x81, 0x8C, 0x60, 0x63, 0x18, 0x1F, 0xFE, 0x07, 0xFF, 0x81, 0x80, 0x18, 0x70, 0x06, 0x1F, 0xFF, 0x83, 0xFF, 0xC0, 0x08, 0xC0, 0x07, 0x30,
    0x01, 0xCC, 0x00, 0xF3, 0x00, 0x3F, 0xFF, 0x8F, 0xFF, 0xE7, 0x0C, 0x01, 0x83, 0x00, 0x00, 0xC0, 0x07, 0xFF, 0xC1, 0xFF, 0xF0, 0x03, 0x00, 0x00,
    0xC0, 0x00, 0x30, 0x00, 0x0C, 0x01, 0xFF, 0xFE, 0x7F, 0xFF, 0x80, 0x00, 0x00, 0x3F, 0xFF, 0x0F, 0xFF, 0xC3, 0x8C, 0x70, 0xFF, 0xFC, 0x3F, 0xFF,
    0x0E, 0x31, 0xC3, 0xFF, 0xF0, 0xFF, 0xFC, 0x01, 0xC0, 0x00, 0x70, 0x07, 0xFF, 0xF1, 0xFF, 0xFC, 0x03, 0x87, 0x01, 0xC1, 0xC3, 0xE0, 0x71, 0xF1,
    0xF8, 0x70, 0x3E, 0x00, 0x7F, 0xFF, 0x9F, 0xFF, 0xE0, 0x1C, 0x00, 0x07, 0x00, 0x1F, 0xFF, 0x07, 0xFF, 0xC1, 0x80, 0x70, 0x60, 0x1C, 0x18, 0x07,
    0x07, 0xFF, 0xC1, 0xFF, 0xF0, 0x60, 0x1C, 0x18, 0x07, 0x06, 0x01, 0xC1, 0xFF, 0xF0, 0x7F, 0xFC, 0x18, 0x07, 0x00, 0x0C, 0x38, 0x07, 0x0E, 0x01,
    0xC3, 0x01, 0xFD, 0xFE, 0x7F, 0x7F, 0x9C, 0xF8, 0x67, 0x3E, 0x19, 0xCF, 0x46, 0x7F, 0x31, 0x9F, 0xCE, 0x67, 0x31, 0xD9, 0xCC, 0x7E, 0x73, 0x0B,
    0x9C, 0xC0, 0xE7, 0xF0, 0x39, 0xFC, 0x0E, 0x70, 0x1F, 0x08, 0x07, 0x80, 0x00, 0x00, 0x00, 0x3E, 0x0F, 0xFF, 0xC3, 0xFF, 0x00, 0xFF, 0xFC, 0x3F,
    0xFF, 0x00, 0xC0, 0x07, 0xFF, 0xF9, 0xFF, 0xFE, 0x0F, 0xFE, 0x07, 0xFF, 0xC3, 0xE0, 0x71, 0xFF, 0xFC, 0xFF, 0xFF, 0x13, 0xFF, 0xC0, 0xFF, 0xF0,
    0x3F, 0xFC, 0x0F, 0xFF, 0x03, 0x81, 0xC0, 0x00, 0x00, 0x06, 0x0E, 0x03, 0xFB, 0x80, 0xFF, 0xFE, 0x7E, 0x7F, 0xB9, 0x9B, 0x86, 0x0E, 0x60, 0x07,
    0x80, 0x07, 0xF8, 0x07, 0xCF, 0xC7, 0xFF, 0xFD, 0xFF, 0xEE, 0x60, 0x00, 0x07, 0xFF, 0x81, 0xFF, 0xE0, 0x70, 0x38, 0x1F, 0xFE, 0x07, 0xFF, 0x81,
    0xC0, 0xE0, 0x18, 0x18, 0x07, 0x0E, 0x03, 0x83, 0xC0, 0xE1, 0xF8, 0x76, 0xEF, 0x1F, 0xF9, 0xEF, 0xFF, 0xFD, 0xF7, 0xFE, 0x18, 0x00, 0x0E, 0x00,
    0x07, 0xEF, 0xF3, 0xFB, 0xFC, 0x70, 0xC7, 0x00, 0xB1, 0xC3, 0xEC, 0x73, 0xFB, 0xFC, 0x70, 0xFF, 0x00, 0x31, 0xC0, 0x03, 0x80, 0x00, 0xE0, 0xC3,
    0xFF, 0xF0, 0xFF, 0xF8, 0x03, 0x9C, 0x00, 0xEF, 0x07, 0xFF, 0xF9, 0xFF, 0xFE, 0x03, 0xC0, 0x01, 0xE1, 0x01, 0xF3, 0xE1, 0xFF, 0xF8, 0xFF, 0xF8,
    0x19, 0xF0, 0x00, 0x70, 0x38, 0x1C, 0x0E, 0x07, 0xFF, 0x00, 0xFF, 0xC0, 0x18, 0x30, 0x0E, 0xCC, 0xC3, 0xF3, 0xF1, 0xDE, 0xFC, 0x7F, 0xBC, 0x1F,
    0xFC, 0x60, 0x03, 0x1D, 0xFE, 0xFE, 0x7F, 0xBF, 0x9C, 0xEC, 0x07, 0xFB, 0x31, 0xFE, 0xFE, 0x7F, 0xBF, 0x1F, 0xEE, 0x07, 0x3B, 0x1D, 0xCE, 0xC7,
    0x7F, 0xBF, 0x9D, 0xCF, 0xE0, 0x7F, 0xFF, 0x9F, 0xFF, 0xE0, 0x33, 0x00, 0x0C, 0xC0, 0x3F, 0xFF, 0x8F, 0xFF, 0xE3, 0x33, 0x38, 0xDC, 0xCE, 0x37,
    0x33, 0x8F, 0x8F, 0xE3, 0xC3, 0xF8, 0xE0, 0x0E, 0x30, 0x03, 0x8C, 0x00, 0xE3, 0xFF, 0xF8, 0xFF, 0xFE, 0x30, 0x03, 0x80, 0x7F, 0xFF, 0x9F, 0xFF,
    0xE0, 0x33, 0x00, 0xFF, 0xFC, 0x3F, 0xFF, 0x0C, 0xCC, 0xC3, 0xFF, 0xF0, 0xFF, 0xFC, 0x03, 0x80, 0x1F, 0xFF, 0xE7, 0xFF, 0xF8, 0x38, 0x70, 0x1F,
    0xF8, 0x07, 0xFE, 0x00, 0xFF, 0xF1, 0xFF, 0x7E, 0x7C, 0x03, 0x00, 0x00, 0xC6, 0x0C, 0x71, 0xC3, 0x8E, 0xE0, 0x73, 0xB8, 0x09, 0xFF, 0x00, 0x7F,
    0xCF, 0x98, 0x33, 0xE6, 0x0C, 0x19, 0xFF, 0x06, 0x7F, 0xC1, 0x8E, 0xC0, 0x6B, 0xB0, 0x1E, 0xEC, 0x07, 0xFB, 0x03, 0xFC, 0xDC, 0xFF, 0x3F, 0x3F,
    0x8F, 0x8C, 0xC3, 0xE0, 0x00, 0x00, 0x00, 0x38, 0x0C, 0x0E, 0x03, 0x9F, 0xF8, 0x77, 0xFC, 0x08, 0x38, 0x00, 0xFF, 0xEF, 0xBF, 0xFB, 0xE3, 0x6E,
    0x19, 0xFB, 0x06, 0xFE, 0x01, 0x9D, 0x80, 0x6F, 0xFE, 0x1F, 0xFF, 0x87, 0x9D, 0x03, 0xEF, 0xF0, 0xE7, 0x9E, 0x33, 0xC3, 0xC0, 0xE0, 0x60, 0x00,
    0x00, 0x20, 0x6C, 0x1E, 0x3B, 0x03, 0xCC, 0xE0, 0x67, 0xFE, 0x01, 0xFF, 0x80, 0xF3, 0x0F, 0xBC, 0xC3, 0xFF, 0xFE, 0x3B, 0xFF, 0x86, 0x73, 0x01,
    0x9C, 0xC0, 0x67, 0xFE, 0x1F, 0xFF, 0x8F, 0xF3, 0x03, 0xDC, 0xC0, 0xE7, 0xFF, 0x31, 0xFF, 0xC0, 0x70, 0x00, 0x00, 0x00, 0x00, 0x00, 0x00, 0x1C,
    0x06, 0x07, 0x01, 0xC0, 0xC0, 0x3F, 0xFF, 0x8F, 0xFF, 0xE0, 0x10, 0xE0, 0x0E, 0x30, 0x79, 0xFC, 0x1E, 0x3E, 0x01, 0x87, 0x80, 0x63, 0xF8, 0x1B,
    0xEF, 0x07, 0xF1, 0xE3, 0xB0, 0x31, 0xFC, 0x02, 0xFF, 0xFF, 0x98, 0xFF, 0xE0, 0x00, 0x00, 0x00, 0x00, 0x1F, 0xEF, 0xE7, 0xFB, 0xF8, 0x76, 0xEE,
    0x19, 0xBB, 0x9F, 0xEE, 0xC7, 0xFB, 0xF0, 0x66, 0xFC, 0x19, 0xBF, 0x06, 0x6E, 0xE7, 0xFB, 0x99, 0xFE, 0xE6, 0x39, 0xB9, 0x8C, 0x6F, 0xE7, 0x3B,
    0xF1, 0xFE, 0xE0, 0x67, 0x38, 0x09, 0x0E, 0x00, 0x3F, 0xFF, 0x0F, 0xFF, 0xC3, 0x8C, 0x70, 0xFF, 0xFC, 0x3F, 0xFF, 0x0E, 0x31, 0xC3, 0x8C, 0x70,
    0xFF, 0xFC, 0x3F, 0xFF, 0x00, 0x38, 0x03, 0xFF, 0xF0, 0xFF, 0xFC, 0x00, 0xE0, 0x00, 0x38, 0x07, 0xFF, 0xF9, 0xFF, 0xFE, 0x00, 0x00, 0x00, 0x30,
    0x00, 0x0E, 0xFF, 0xE3, 0xBF, 0xF8, 0x70, 0x0E, 0x28, 0x03, 0x9C, 0x00, 0xE7, 0x7F, 0xB9, 0xDF, 0xEE, 0x77, 0x3B, 0x9D, 0xCE, 0xE7, 0x73, 0xB9,
    0xDF, 0xEE, 0x77, 0xFB, 0x9D, 0xC0, 0xE7, 0x20, 0x39, 0xC0, 0x0E, 0x70, 0x0F, 0x9C, 0x03, 0xC0, 0x00, 0x00,
};

constexpr uint16_t GLYPH_COUNT_22 = 440;
constexpr uint32_t BITMAP_BYTES_22 = 19706;
static const MnemosFontGlyph GLYPHS_22[GLYPH_COUNT_22] PROGMEM = {
    {32U, 0U, 0, 0, 0, 0, 5},
    {33U, 0U, 8, 18, 0, -18, 8},
    {34U, 18U, 13, 17, 0, -17, 13},
    {35U, 46U, 13, 17, 0, -17, 13},
    {36U, 74U, 13, 22, 0, -19, 13},
    {37U, 110U, 21, 17, 0, -17, 21},
    {38U, 155U, 16, 17, 0, -17, 16},
    {39U, 189U, 7, 17, 0, -17, 7},
    {40U, 204U, 8, 23, 0, -18, 8},
    {41U, 227U, 8, 23, 0, -18, 8},
    {42U, 250U, 11, 18, 0, -18, 11},
    {43U, 275U, 13, 14, 0, -14, 13},
    {44U, 298U, 7, 9, 0, -4, 7},
    {45U, 306U, 8, 8, 0, -8, 8},
    {46U, 314U, 7, 5, 0, -5, 7},
    {47U, 319U, 9, 22, 0, -18, 9},
    {48U, 344U, 13, 17, 0, -17, 13},
    {49U, 372U, 13, 17, 0, -17, 13},
    {50U, 400U, 13, 17, 0, -17, 13},
    {51U, 428U, 13, 17, 0, -17, 13},
    {52U, 456U, 13, 17, 0, -17, 13},
    {53U, 484U, 13, 17, 0, -17, 13},
    {54U, 512U, 13, 17, 0, -17, 13},
    {55U, 540U, 13, 17, 0, -17, 13},
    {56U, 568U, 13, 17, 0, -17, 13},
    {57U, 596U, 13, 17, 0, -17, 13},
    {58U, 624U, 7, 13, 0, -13, 7},
    {59U, 636U, 7, 18, 0, -13, 7},
    {60U, 652U, 13, 14, 0, -14, 13},
    {61U, 675U, 13, 13, 0, -13, 13},
    {62U, 697U, 13, 14, 0, -14, 13},
    {63U, 720U, 11, 18, 0, -18, 11},
    {64U, 745U, 22, 22, 0, -17, 22},
    {65U, 806U, 16, 17, -1, -17, 14},
    {66U, 840U, 15, 17, 0, -17, 15},
    {67U, 872U, 14, 17, 0, -17, 14},
    {68U, 902U, 16, 17, 0, -17, 16},
    {69U, 936U, 14, 17, 0, -17, 14},
    {70U, 966U, 13, 17, 0, -17, 13},
    {71U, 994U, 16, 17, 0, -17, 16},
    {72U, 1028U, 17, 17, 0, -17, 17},
    {73U, 1065U, 7, 17, 0, -17, 7},
    {74U, 1080U, 13, 17, 0, -17, 12},
    {75U, 1108U, 16, 17, 0, -17, 15},
    {76U, 1142U, 13, 17, 0, -17, 13},
    {77U, 1170U, 19, 17, 0, -17, 19},
    {78U, 1211U, 16, 17, 0, -17, 16},
    {79U, 1245U, 17, 17, 0, -17, 17},
    {80U, 1282U, 15, 17, 0, -17, 15},
    {81U, 1314U, 17, 22, 0, -17, 17},
    {82U, 1361U, 15, 17, 0, -17, 15},
    {83U, 1393U, 14, 17, 0, -17, 14},
    {84U, 1423U, 14, 17, 0, -17, 14},
    {85U, 1453U, 16, 17, 0, -17, 16},
    {86U, 1487U, 15, 17, -1, -17, 14},
    {87U, 1519U, 20, 17, 0, -17, 20},
    {88U, 1562U, 14, 17, 0, -17, 14},
    {89U, 1592U, 14, 17, -1, -17, 13},
    {90U, 1622U, 13, 17, 0, -17, 13},
    {91U, 1650U, 8, 22, 0, -18, 8},
    {92U, 1672U, 9, 22, 0, -18, 9},
    {93U, 1697U, 8, 22, 0, -18, 8},
    {94U, 1719U, 13, 17, 0, -17, 13},
    {95U, 1747U, 13, 3, 0, 0, 12},
    {96U, 1752U, 14, 21, 0, -21, 14},
    {97U, 1789U, 13, 13, 0, -13, 13},
    {98U, 1811U, 14, 18, 0, -18, 14},
    {99U, 1843U, 12, 13, 0, -13, 12},
    {100U, 1863U, 14, 18, 0, -18, 14},
    {101U, 1895U, 13, 13, 0, -13, 13},
    {102U, 1917U, 9, 19, 0, -19, 8},
    {103U, 1939U, 13, 19, 0, -13, 13},
    {104U, 1970U, 14, 18, 0, -18, 14},
    {105U, 2002U, 7, 19, 0, -19, 7},
    {106U, 2019U, 9, 24, -2, -19, 7},
    {107U, 2046U, 14, 19, 0, -19, 13},
    {108U, 2080U, 7, 18, 0, -18, 7},
    {109U, 2096U, 21, 13, 0, -13, 21},
    {110U, 2131U, 14, 13, 0, -13, 14},
    {111U, 2154U, 14, 13, 0, -13, 14},
    {112U, 2177U, 14, 18, 0, -13, 14},
    {113U, 2209U, 14, 18, 0, -13, 14},
    {114U, 2241U, 10, 13, 0, -13, 10},
    {115U, 2258U, 11, 13, 0, -13, 11},
    {116U, 2276U, 9, 17, 0, -17, 9},
    {117U, 2296U, 14, 13, 0, -13, 14},
    {118U, 2319U, 13, 13, 0, -13, 13},
    {119U, 2341U, 19, 13, 0, -13, 19},
    {120U, 2372U, 12, 13, 0, -13, 12},
    {121U, 2392U, 13, 18, 0, -13, 13},
    {122U, 2422U, 11, 13, 0, -13, 11},
    {123U, 2440U, 8, 22, 0, -18, 8},
    {124U, 2462U, 7, 25, 0, -19, 7},
    {125U, 2484U, 8, 22, 0, -18, 8},
    {126U, 2506U, 13, 11, 0, -11, 13},
    {160U, 2524U, 0, 0, 0, 0, 5},
    {161U, 2524U, 8, 18, 0, -13, 8},
    {162U, 2542U, 13, 18, 0, -17, 13},
    {163U, 2572U, 13, 16, 0, -16, 13},
    {164U, 2598U, 13, 15, 0, -15, 13},
    {165U, 2623U, 13, 17, 0, -17, 13},
    {166U, 2651U, 7, 25, 0, -19, 7},
    {167U, 2673U, 22, 21, 0, -18, 22},
    {168U, 2731U, 14, 18, 0, -18, 14},
    {169U, 2763U, 19, 17, 0, -17, 19},
    {170U, 2804U, 9, 18, 0, -18, 9},
    {171U, 2825U, 12, 11, 0, -11, 12},
    {172U, 2842U, 13, 10, 0, -10, 13},
    {173U, 2859U, 0, 0, 0, 0, 1},
    {174U, 2859U, 11, 19, 0, -19, 11},
    {175U, 2886U, 14, 17, 0, -17, 14},
    {176U, 2916U, 9, 17, 0, -17, 9},
    {177U, 2936U, 22, 19, 0, -18, 22},
    {178U, 2989U, 9, 20, 0, -20, 9},
    {179U, 3012U, 9, 20, 0, -20, 9},
    {180U, 3035U, 14, 21, 0, -21, 14},
    {181U, 3072U, 15, 18, 0, -13, 15},
    {182U, 3106U, 22, 20, 0, -17, 22},
    {183U, 3161U, 22, 11, 0, -11, 22},
    {184U, 3192U, 14, 6, 0, 0, 14},
    {185U, 3203U, 9, 19, 0, -19, 9},
    {186U, 3225U, 9, 18, 0, -18, 9},
    {187U, 3246U, 12, 11, 0, -11, 12},
    {188U, 3263U, 20, 17, 0, -17, 20},
    {189U, 3306U, 21, 17, 0, -17, 21},
    {190U, 3351U, 20, 17, 0, -17, 20},
    {191U, 3394U, 11, 18, 0, -13, 11},
    {192U, 3419U, 16, 23, -1, -23, 14},
    {193U, 3465U, 16, 23, -1, -23, 14},
    {194U, 3511U, 16, 22, -1, -22, 14},
    {195U, 3555U, 16, 22, -1, -22, 14},
    {196U, 3599U, 16, 22, -1, -22, 14},
    {197U, 3643U, 16, 23, -1, -23, 14},
    {198U, 3689U, 22, 17, -1, -17, 21},
    {199U, 3736U, 14, 23, 0, -17, 14},
    {200U, 3777U, 14, 23, 0, -23, 14},
    {201U, 3818U, 14, 23, 0, -23, 14},
    {202U, 3859U, 14, 22, 0, -22, 14},
    {203U, 3898U, 14, 22, 0, -22, 14},
    {204U, 3937U, 8, 23, -1, -23, 7},
    {205U, 3960U, 8, 23, 0, -23, 7},
    {206U, 3983U, 9, 22, -1, -22, 7},
    {207U, 4008U, 9, 22, -1, -22, 7},
    {208U, 4033U, 16, 17, 0, -17, 16},
    {209U, 4067U, 16, 22, 0, -22, 16},
    {210U, 4111U, 17, 23, 0, -23, 17},
    {211U, 4160U, 17, 23, 0, -23, 17},
    {212U, 4209U, 17, 22, 0, -22, 17},
    {213U, 4256U, 17, 22, 0, -22, 17},
    {214U, 4303U, 17, 22, 0, -22, 17},
    {215U, 4350U, 22, 15, 0, -15, 22},
    {216U, 4392U, 17, 19, 0, -18, 17},
    {217U, 4433U, 16, 23, 0, -23, 16},
    {218U, 4479U, 16, 23, 0, -23, 16},
    {219U, 4525U, 16, 22, 0, -22, 16},
    {220U, 4569U, 16, 22, 0, -22, 16},
    {221U, 4613U, 14, 23, -1, -23, 13},
    {222U, 4654U, 15, 17, 0, -17, 15},
    {223U, 4686U, 15, 18, 0, -18, 15},
    {224U, 4720U, 13, 21, 0, -21, 13},
    {225U, 4755U, 13, 21, 0, -21, 13},
    {226U, 4790U, 13, 19, 0, -19, 13},
    {227U, 4821U, 13, 19, 0, -19, 13},
    {228U, 4852U, 13, 18, 0, -18, 13},
    {229U, 4882U, 13, 20, 0, -20, 13},
    {230U, 4915U, 20, 13, 0, -13, 20},
    {231U, 4948U, 12, 19, 0, -13, 12},
    {232U, 4977U, 13, 21, 0, -21, 13},
    {233U, 5012U, 13, 21, 0, -21, 13},
    {234U, 5047U, 13, 19, 0, -19, 13},
    {235U, 5078U, 13, 18, 0, -18, 13},
    {236U, 5108U, 9, 21, -2, -21, 7},
    {237U, 5132U, 8, 21, 0, -21, 7},
    {238U, 5153U, 10, 20, -2, -20, 7},
    {239U, 5178U, 9, 19, -1, -19, 7},
    {240U, 5200U, 14, 19, 0, -19, 14},
    {241U, 5234U, 14, 19, 0, -19, 14},
    {242U, 5268U, 14, 21, 0, -21, 14},
    {243U, 5305U, 14, 21, 0, -21, 14},
    {244U, 5342U, 14, 19, 0, -19, 14},
    {245U, 5376U, 14, 19, 0, -19, 14},
    {246U, 5410U, 14, 18, 0, -18, 14},
    {247U, 5442U, 22, 16, 0, -16, 22},
    {248U, 5486U, 14, 15, 0, -14, 14},
    {249U, 5513U, 14, 21, 0, -21, 14},
    {250U, 5550U, 14, 21, 0, -21, 14},
    {251U, 5587U, 14, 20, 0, -20, 14},
    {252U, 5622U, 14, 19, 0, -19, 14},
    {253U, 5656U, 13, 26, 0, -21, 13},
    {254U, 5699U, 14, 23, 0, -18, 14},
    {255U, 5740U, 13, 24, 0, -19, 13},
    {256U, 5779U, 16, 21, -1, -21, 14},
    {257U, 5821U, 13, 18, 0, -18, 13},
    {258U, 5851U, 16, 22, -1, -22, 14},
    {259U, 5895U, 13, 20, 0, -20, 13},
    {260U, 5928U, 22, 24, 0, -20, 22},
    {261U, 5994U, 22, 24, 0, -20, 22},
    {262U, 6060U, 26, 17, 0, -17, 14},
    {263U, 6116U, 24, 16, 0, -16, 12},
    {264U, 6164U, 22, 24, 0, -20, 22},
    {265U, 6230U, 22, 24, 0, -20, 22},
    {266U, 6296U, 23, 19, 0, -19, 14},
    {267U, 6351U, 21, 19, 0, -19, 12},
    {268U, 6401U, 27, 17, 0, -17, 14},
    {269U, 6459U, 25, 16, 0, -16, 12},
    {270U, 6509U, 29, 17, 0, -17, 16},
    {271U, 6571U, 27, 18, 0, -18, 14},
    {272U, 6632U, 16, 17, 0, -17, 16},
    {273U, 6666U, 15, 18, 0, -18, 14},
    {274U, 6700U, 14, 21, 0, -21, 14},
    {275U, 6737U, 13, 18, 0, -18, 13},
    {276U, 6767U, 22, 24, 0, -20, 22},
    {277U, 6833U, 22, 24, 0, -20, 22},
    {278U, 6899U, 23, 19, 0, -19, 14},
    {279U, 6954U, 22, 19, 0, -19, 13},
    {280U, 7007U, 22, 24, 0, -20, 22},
    {281U, 7073U, 22, 24, 0, -20, 22},
    {282U, 7139U, 14, 22, 0, -22, 14},
    {283U, 7178U, 13, 20, 0, -20, 13},
    {284U, 7211U, 22, 24, 0, -20, 22},
    {285U, 7277U, 22, 24, 0, -20, 22},
    {286U, 7343U, 22, 24, 0, -20, 22},
    {287U, 7409U, 22, 24, 0, -20, 22},
    {288U, 7475U, 25, 19, 0, -19, 16},
    {289U, 7535U, 22, 25, 0, -19, 13},
    {290U, 7604U, 22, 24, 0, -20, 22},
    {291U, 7670U, 22, 24, 0, -20, 22},
    {292U, 7736U, 22, 24, 0, -20, 22},
    {293U, 7802U, 22, 24, 0, -20, 22},
    {294U, 7868U, 22, 24, 0, -20, 22},
    {295U, 7934U, 22, 24, 0, -20, 22},
    {296U, 8000U, 11, 22, -2, -22, 7},
    {297U, 8031U, 10, 19, -2, -19, 7},
    {298U, 8055U, 8, 21, 0, -21, 7},
    {299U, 8076U, 8, 18, -1, -18, 7},
    {300U, 8094U, 22, 24, 0, -20, 22},
    {301U, 8160U, 22, 24, 0, -20, 22},
    {302U, 8226U, 22, 24, 0, -20, 22},
    {303U, 8292U, 22, 24, 0, -20, 22},
    {304U, 8358U, 16, 19, 0, -19, 7},
    {305U, 8396U, 22, 24, 0, -20, 22},
    {306U, 8462U, 22, 24, 0, -20, 22},
    {307U, 8528U, 22, 24, 0, -20, 22},
    {308U, 8594U, 22, 24, 0, -20, 22},
    {309U, 8660U, 22, 24, 0, -20, 22},
    {310U, 8726U, 22, 24, 0, -20, 22},
    {311U, 8792U, 22, 24, 0, -20, 22},
    {312U, 8858U, 22, 24, 0, -20, 22},
    {313U, 8924U, 25, 17, 0, -17, 13},
    {314U, 8978U, 19, 18, 0, -18, 7},
    {315U, 9021U, 22, 24, 0, -20, 22},
    {316U, 9087U, 22, 24, 0, -20, 22},
    {317U, 9153U, 26, 17, 0, -17, 13},
    {318U, 9209U, 20, 18, 0, -18, 7},
    {319U, 9254U, 22, 24, 0, -20, 22},
    {320U, 9320U, 22, 24, 0, -20, 22},
    {321U, 9386U, 22, 24, 0, -20, 22},
    {322U, 9452U, 22, 24, 0, -20, 22},
    {323U, 9518U, 16, 23, 0, -23, 16},
    {324U, 9564U, 14, 21, 0, -21, 14},
    {325U, 9601U, 22, 24, 0, -20, 22},
    {326U, 9667U, 22, 24, 0, -20, 22},
    {327U, 9733U, 16, 22, 0, -22, 16},
    {328U, 9777U, 14, 20, 0, -20, 14},
    {329U, 9812U, 22, 24, 0, -20, 22},
    {330U, 9878U, 22, 24, 0, -20, 22},
    {331U, 9944U, 22, 24, 0, -20, 22},
    {332U, 10010U, 17, 21, 0, -21, 17},
    {333U, 10055U, 14, 18, 0, -18, 14},
    {334U, 10087U, 17, 22, 0, -22, 17},
    {335U, 10134U, 14, 20, 0, -20, 14},
    {336U, 10169U, 22, 24, 0, -20, 22},
    {337U, 10235U, 22, 24, 0, -20, 22},
    {338U, 10301U, 22, 17, 0, -17, 22},
    {339U, 10348U, 21, 13, 0, -13, 21},
    {340U, 10383U, 27, 17, 0, -17, 15},
    {341U, 10441U, 22, 16, 0, -16, 10},
    {342U, 10485U, 22, 24, 0, -20, 22},
    {343U, 10551U, 22, 24, 0, -20, 22},
    {344U, 10617U, 28, 17, 0, -17, 15},
    {345U, 10677U, 23, 16, 0, -16, 10},
    {346U, 10723U, 26, 17, 0, -17, 14},
    {347U, 10779U, 23, 16, 0, -16, 11},
    {348U, 10825U, 22, 24, 0, -20, 22},
    {349U, 10891U, 22, 24, 0, -20, 22},
    {350U, 10957U, 22, 24, 0, -20, 22},
    {351U, 11023U, 22, 24, 0, -20, 22},
    {352U, 11089U, 27, 17, 0, -17, 14},
    {353U, 11147U, 24, 16, 0, -16, 11},
    {354U, 11195U, 22, 24, 0, -20, 22},
    {355U, 11261U, 22, 24, 0, -20, 22},
    {356U, 11327U, 27, 17, 0, -17, 14},
    {357U, 11385U, 22, 17, 0, -17, 9},
    {358U, 11432U, 22, 24, 0, -20, 22},
    {359U, 11498U, 22, 24, 0, -20, 22},
    {360U, 11564U, 16, 22, 0, -22, 16},
    {361U, 11608U, 14, 19, 0, -19, 14},
    {362U, 11642U, 16, 21, 0, -21, 16},
    {363U, 11684U, 14, 18, 0, -18, 14},
    {364U, 11716U, 16, 22, 0, -22, 16},
    {365U, 11760U, 14, 20, 0, -20, 14},
    {366U, 11795U, 22, 24, 0, -20, 22},
    {367U, 11861U, 22, 24, 0, -20, 22},
    {368U, 11927U, 22, 24, 0, -20, 22},
    {369U, 11993U, 22, 24, 0, -20, 22},
    {370U, 12059U, 22, 24, 0, -20, 22},
    {371U, 12125U, 22, 24, 0, -20, 22},
    {372U, 12191U, 22, 24, 0, -20, 22},
    {373U, 12257U, 22, 24, 0, -20, 22},
    {374U, 12323U, 22, 24, 0, -20, 22},
    {375U, 12389U, 22, 24, 0, -20, 22},
    {376U, 12455U, 22, 24, 0, -20, 22},
    {377U, 12521U, 25, 17, 0, -17, 13},
    {378U, 12575U, 23, 16, 0, -16, 11},
    {379U, 12621U, 22, 19, 0, -19, 13},
    {380U, 12674U, 20, 19, 0, -19, 11},
    {381U, 12722U, 26, 17, 0, -17, 13},
    {382U, 12778U, 24, 16, 0, -16, 11},
    {383U, 12826U, 22, 24, 0, -20, 22},
    {461U, 12892U, 16, 22, -1, -22, 14},
    {462U, 12936U, 13, 20, 0, -20, 13},
    {463U, 12969U, 9, 22, -1, -22, 7},
    {464U, 12994U, 10, 20, -2, -20, 7},
    {465U, 13019U, 17, 22, 0, -22, 17},
    {466U, 13066U, 14, 20, 0, -20, 14},
    {467U, 13101U, 16, 22, 0, -22, 16},
    {468U, 13145U, 14, 20, 0, -20, 14},
    {469U, 13180U, 16, 24, 0, -24, 16},
    {470U, 13228U, 14, 21, 0, -21, 14},
    {471U, 13265U, 16, 26, 0, -26, 16},
    {472U, 13317U, 14, 23, 0, -23, 14},
    {473U, 13358U, 16, 26, 0, -26, 16},
    {474U, 13410U, 14, 23, 0, -23, 14},
    {475U, 13451U, 16, 26, 0, -26, 16},
    {476U, 13503U, 14, 23, 0, -23, 14},
    {504U, 13544U, 16, 23, 0, -23, 16},
    {505U, 13590U, 14, 21, 0, -21, 14},
    {7742U, 13627U, 19, 23, 0, -23, 19},
    {7743U, 13682U, 21, 21, 0, -21, 21},
    {8230U, 13738U, 22, 10, 0, -10, 22},
    {19968U, 13766U, 22, 10, 0, -10, 22},
    {19971U, 13794U, 22, 21, 0, -19, 22},
    {19977U, 13852U, 22, 19, 0, -17, 22},
    {19978U, 13905U, 22, 21, 0, -19, 22},
    {19979U, 13963U, 22, 20, 0, -17, 22},
    {19981U, 14018U, 22, 20, 0, -17, 22},
    {19996U, 14073U, 22, 23, 0, -20, 22},
    {20013U, 14137U, 22, 22, 0, -19, 22},
    {20040U, 14198U, 22, 21, 0, -19, 22},
    {20061U, 14256U, 22, 22, 0, -19, 22},
    {20080U, 14317U, 22, 21, 0, -18, 22},
    {20108U, 14375U, 22, 17, 0, -16, 22},
    {20116U, 14422U, 22, 19, 0, -17, 22},
    {20154U, 14475U, 22, 21, 0, -18, 22},
    {20160U, 14533U, 22, 22, 0, -19, 22},
    {20170U, 14594U, 22, 23, 0, -20, 22},
    {20182U, 14658U, 22, 22, 0, -19, 22},
    {20204U, 14719U, 22, 22, 0, -19, 22},
    {20250U, 14780U, 22, 22, 0, -19, 22},
    {20320U, 14841U, 22, 22, 0, -19, 22},
    {20570U, 14902U, 22, 22, 0, -19, 22},
    {20843U, 14963U, 22, 20, 0, -17, 22},
    {20845U, 15018U, 22, 22, 0, -19, 22},
    {20851U, 15079U, 22, 22, 0, -19, 22},
    {20889U, 15140U, 22, 21, 0, -18, 22},
    {20998U, 15198U, 22, 22, 0, -19, 22},
    {21069U, 15259U, 22, 22, 0, -19, 22},
    {21271U, 15320U, 22, 22, 0, -19, 22},
    {21313U, 15381U, 22, 22, 0, -19, 22},
    {21315U, 15442U, 22, 22, 0, -19, 22},
    {21334U, 15503U, 22, 22, 0, -19, 22},
    {21335U, 15564U, 22, 22, 0, -19, 22},
    {21435U, 15625U, 22, 22, 0, -19, 22},
    {21451U, 15686U, 22, 22, 0, -19, 22},
    {21475U, 15747U, 22, 20, 0, -17, 22},
    {21491U, 15802U, 22, 22, 0, -19, 22},
    {21507U, 15863U, 22, 22, 0, -19, 22},
    {21518U, 15924U, 22, 22, 0, -19, 22},
    {21548U, 15985U, 22, 22, 0, -19, 22},
    {21738U, 16046U, 22, 23, 0, -19, 22},
    {21916U, 16110U, 22, 22, 0, -19, 22},
    {21917U, 16171U, 22, 21, 0, -18, 22},
    {22235U, 16229U, 22, 20, 0, -17, 22},
    {22238U, 16284U, 22, 21, 0, -18, 22},
    {22269U, 16342U, 22, 21, 0, -18, 22},
    {22312U, 16400U, 22, 22, 0, -19, 22},
    {22806U, 16461U, 22, 22, 0, -19, 22},
    {22810U, 16522U, 22, 22, 0, -19, 22},
    {22823U, 16583U, 22, 22, 0, -19, 22},
    {22825U, 16644U, 22, 20, 0, -17, 22},
    {22899U, 16699U, 22, 22, 0, -19, 22},
    {22905U, 16760U, 22, 22, 0, -19, 22},
    {22909U, 16821U, 22, 22, 0, -19, 22},
    {22920U, 16882U, 22, 23, 0, -19, 22},
    {23376U, 16946U, 22, 21, 0, -18, 22},
    {23398U, 17004U, 22, 22, 0, -19, 22},
    {23478U, 17065U, 22, 24, 0, -20, 22},
    {23567U, 17131U, 22, 22, 0, -19, 22},
    {23569U, 17192U, 22, 21, 0, -18, 22},
    {23665U, 17250U, 22, 22, 0, -19, 22},
    {24038U, 17311U, 22, 21, 0, -19, 22},
    {24072U, 17369U, 22, 22, 0, -19, 22},
    {24180U, 17430U, 22, 22, 0, -19, 22},
    {24320U, 17491U, 22, 21, 0, -18, 22},
    {24515U, 17549U, 22, 22, 0, -19, 22},
    {24819U, 17610U, 22, 22, 0, -19, 22},
    {25105U, 17671U, 22, 22, 0, -19, 22},
    {25163U, 17732U, 22, 22, 0, -19, 22},
    {26085U, 17793U, 22, 21, 0, -18, 22},
    {26102U, 17851U, 22, 22, 0, -19, 22},
    {26126U, 17912U, 22, 21, 0, -18, 22},
    {26159U, 17970U, 22, 21, 0, -18, 22},
    {26376U, 18028U, 22, 21, 0, -18, 22},
    {26377U, 18086U, 22, 22, 0, -19, 22},
    {26379U, 18147U, 22, 21, 0, -18, 22},
    {26408U, 18205U, 22, 22, 0, -19, 22},
    {26469U, 18266U, 22, 22, 0, -19, 22},
    {27426U, 18327U, 22, 22, 0, -19, 22},
    {27700U, 18388U, 22, 22, 0, -19, 22},
    {28779U, 18449U, 22, 21, 0, -18, 22},
    {29233U, 18507U, 22, 22, 0, -19, 22},
    {29240U, 18568U, 22, 22, 0, -19, 22},
    {29983U, 18629U, 22, 21, 0, -19, 22},
    {30007U, 18687U, 22, 22, 0, -18, 22},
    {30334U, 18748U, 22, 21, 0, -18, 22},
    {30340U, 18806U, 22, 22, 0, -19, 22},
    {30475U, 18867U, 22, 22, 0, -19, 22},
    {31572U, 18928U, 22, 22, 0, -19, 22},
    {32473U, 18989U, 22, 22, 0, -19, 22},
    {32769U, 19050U, 22, 22, 0, -19, 22},
    {33021U, 19111U, 22, 22, 0, -19, 22},
    {35199U, 19172U, 22, 21, 0, -18, 22},
    {35201U, 19230U, 22, 21, 0, -18, 22},
    {35828U, 19288U, 22, 22, 0, -19, 22},
    {35835U, 19349U, 22, 22, 0, -19, 22},
    {35841U, 19410U, 22, 22, 0, -19, 22},
    {36825U, 19471U, 22, 22, 0, -19, 22},
    {37027U, 19532U, 22, 21, 0, -18, 22},
    {37324U, 19590U, 22, 20, 0, -18, 22},
    {38382U, 19645U, 22, 22, 0, -19, 22},
};
static const uint8_t BITMAP_22[BITMAP_BYTES_22] PROGMEM = {
    0x00, 0x3C, 0x3C, 0x3C, 0x3C, 0x3C, 0x3C, 0x3C, 0x1C, 0x1C, 0x18, 0x18, 0x00, 0x00, 0x3C, 0x3C, 0x3C, 0x1C, 0x39, 0xE1, 0xCF, 0x0E, 0x78, 0x73,
    0xC3, 0x9E, 0x1C, 0x70, 0xE3, 0x07, 0x18, 0x00, 0x00, 0x00, 0x00, 0x00, 0x00, 0x00, 0x00, 0x00, 0x00, 0x00, 0x00, 0x00, 0x00, 0x00, 0x00, 0x00,
    0x63, 0x03, 0x38, 0x19, 0xC1, 0xCE, 0x3F, 0xF9, 0xFF, 0xC3, 0x98, 0x18, 0xC0, 0xCE, 0x1F, 0xFC, 0xFF, 0xE3, 0x9C, 0x1C, 0xC0, 0xE6, 0x06, 0x30,
    0x31, 0x80, 0x07, 0x00, 0x38, 0x01, 0xC0, 0x3F, 0x83, 0xFE, 0x1E, 0x70, 0xE0, 0x07, 0x00, 0x3C, 0x01, 0xF8, 0x03, 0xF0, 0x0F, 0xC0, 0x1E, 0x00,
    0x78, 0x03, 0xC7, 0x3E, 0x7F, 0xE3, 0xFF, 0x07, 0xE0, 0x0E, 0x00, 0x70, 0x00, 0x00, 0x1E, 0x03, 0x03, 0xF8, 0x30, 0x1D, 0xC1, 0x80, 0xC7, 0x18,
    0x06, 0x39, 0xC0, 0x31, 0xCC, 0x01, 0x8E, 0xE0, 0x0E, 0xE6, 0x7C, 0x3F, 0x77, 0xF0, 0xF3, 0x3B, 0x80, 0x3B, 0x8E, 0x01, 0x9C, 0x70, 0x1C, 0xE3,
    0x80, 0xC3, 0x18, 0x0E, 0x1D, 0xC0, 0x60, 0xFE, 0x07, 0x03, 0xE0, 0x07, 0x80, 0x1F, 0xC0, 0x1F, 0xE0, 0x1C, 0xE0, 0x1C, 0xE0, 0x1D, 0xC0, 0x1F,
    0xC0, 0x1F, 0x87, 0x3F, 0x0F, 0x7F, 0x8E, 0x7F, 0xDE, 0x73, 0xFC, 0xF1, 0xFC, 0x70, 0xFC, 0x7F, 0xFF, 0x3F, 0xFF, 0x1F, 0x86, 0x38, 0x70, 0xE1,
    0xC3, 0x87, 0x0E, 0x1C, 0x00, 0x00, 0x00, 0x00, 0x00, 0x00, 0x00, 0x00, 0x06, 0x0E, 0x0E, 0x1C, 0x1C, 0x3C, 0x38, 0x38, 0x38, 0x38, 0x38, 0x38,
    0x38, 0x38, 0x38, 0x38, 0x38, 0x1C, 0x1C, 0x1C, 0x0E, 0x0E, 0x04, 0x70, 0x70, 0x38, 0x38, 0x38, 0x1C, 0x1C, 0x1C, 0x1C, 0x1E, 0x0E, 0x0E, 0x0E,
    0x1E, 0x1C, 0x1C, 0x1C, 0x1C, 0x38, 0x38, 0x38, 0x70, 0x30, 0x06, 0x01, 0xC0, 0x38, 0x3F, 0xE7, 0xFC, 0x3E, 0x07, 0xC1, 0xDC, 0x11, 0x80, 0x00,
    0x00, 0x00, 0x00, 0x00, 0x00, 0x00, 0x00, 0x00, 0x00, 0x00, 0x00, 0x07, 0x00, 0x38, 0x01, 0xC0, 0x0E, 0x07, 0xFF, 0x3F, 0xF9, 0xFF, 0xC0, 0xE0,
    0x07, 0x00, 0x38, 0x01, 0xC0, 0x0E, 0x00, 0x00, 0x00, 0x00, 0x38, 0xF9, 0xF1, 0xE1, 0xC3, 0x8E, 0x38, 0x60, 0x7E, 0x7E, 0x7E, 0x00, 0x00, 0x00,
    0x00, 0x00, 0x00, 0x71, 0xF3, 0xE3, 0x80, 0x03, 0x03, 0x81, 0xC0, 0xC0, 0xE0, 0x70, 0x38, 0x18, 0x1C, 0x0E, 0x07, 0x03, 0x03, 0x81, 0xC0, 0xE0,
    0x60, 0x70, 0x38, 0x1C, 0x0C, 0x0E, 0x07, 0x00, 0x0F, 0x80, 0xFE, 0x0F, 0xF8, 0x71, 0xC7, 0x8F, 0x38, 0x79, 0xC1, 0xCE, 0x0E, 0x70, 0x73, 0x83,
    0x9C, 0x1C, 0xF1, 0xE7, 0x8F, 0x1C, 0x70, 0xFF, 0x83, 0xF8, 0x0F, 0x80, 0x07, 0x81, 0xFC, 0x0F, 0xE0, 0x3F, 0x00, 0x78, 0x03, 0xC0, 0x1E, 0x00,
    0xF0, 0x07, 0x80, 0x3C, 0x01, 0xE0, 0x0F, 0x00, 0x78, 0x03, 0xC0, 0xFF, 0xC7, 0xFE, 0x3F, 0xF0, 0x1F, 0x81, 0xFE, 0x1F, 0xF8, 0xE3, 0xC0, 0x0E,
    0x00, 0x70, 0x07, 0x80, 0x3C, 0x01, 0xC0, 0x1E, 0x01, 0xE0, 0x1E, 0x01, 0xF0, 0x1F, 0x01, 0xFF, 0xCF, 0xFE, 0x7F, 0xF0, 0x1F, 0x83, 0xFE, 0x1F,
    0xF8, 0x63, 0xC0, 0x0E, 0x00, 0xF0, 0x0F, 0x81, 0xF8, 0x0F, 0xC0, 0x7F, 0x00, 0x3C, 0x01, 0xE0, 0x0F, 0x38, 0x79, 0xFF, 0x8F, 0xFC, 0x1F, 0x80,
    0x03, 0xE0, 0x3F, 0x01, 0xF8, 0x1F, 0xC0, 0xFE, 0x0E, 0xF0, 0xF7, 0x87, 0x3C, 0x79, 0xE3, 0x8F, 0x3F, 0xFF, 0xFF, 0xF7, 0xFF, 0x00, 0xF0, 0x07,
    0x80, 0x3C, 0x01, 0xE0, 0x3F, 0xE1, 0xFF, 0x0F, 0xF8, 0x70, 0x03, 0x80, 0x1C, 0x00, 0xFE, 0x07, 0xFC, 0x3F, 0xE0, 0x07, 0x80, 0x3C, 0x01, 0xE0,
    0x0F, 0x38, 0xF9, 0xFF, 0x8F, 0xF8, 0x1F, 0x80, 0x07, 0xC0, 0xFF, 0x87, 0xFC, 0x78, 0xC3, 0x80, 0x3C, 0x01, 0xE0, 0x0E, 0xF8, 0x7F, 0xE3, 0xE7,
    0x9E, 0x1C, 0xF0, 0xE7, 0x87, 0x1C, 0x78, 0xFF, 0x83, 0xFC, 0x0F, 0x80, 0x7F, 0xF3, 0xFF, 0x9F, 0xFC, 0x01, 0xC0, 0x1C, 0x00, 0xE0, 0x0E, 0x00,
    0x70, 0x07, 0x80, 0x38, 0x01, 0xC0, 0x1E, 0x00, 0xF0, 0x07, 0x80, 0x3C, 0x01, 0xE0, 0x0F, 0x00, 0x0F, 0x80, 0xFE, 0x0F, 0xF8, 0x71, 0xC7, 0x8E,
    0x1C, 0x70, 0xF3, 0x83, 0xF8, 0x1F, 0xC1, 0xFF, 0x1E, 0x7C, 0xE1, 0xE7, 0x07, 0x38, 0x79, 0xFF, 0xC7, 0xFC, 0x1F, 0x80, 0x1F, 0x81, 0xFE, 0x1F,
    0xF8, 0xF1, 0xC7, 0x0F, 0x38, 0x79, 0xC3, 0xCF, 0x3E, 0x3F, 0xF1, 0xFF, 0x81, 0x3C, 0x01, 0xE0, 0x0E, 0x18, 0xF1, 0xFF, 0x0F, 0xF8, 0x1F, 0x00,
    0x00, 0x71, 0xF3, 0xE3, 0x80, 0x00, 0x00, 0x00, 0x71, 0xF3, 0xE3, 0x80, 0x00, 0x71, 0xF3, 0xE3, 0x80, 0x00, 0x00, 0x00, 0x71, 0xF3, 0xE3, 0xC3,
    0x87, 0x1C, 0x70, 0xC0, 0x00, 0x30, 0x07, 0x81, 0xFC, 0x7F, 0x87, 0xE0, 0x3C, 0x01, 0xF8, 0x07, 0xF8, 0x07, 0xF0, 0x07, 0x80, 0x0C, 0x00, 0x00,
    0x00, 0x00, 0x00, 0x7F, 0xF3, 0xFF, 0x9F, 0xFC, 0x00, 0x00, 0x00, 0x00, 0x01, 0xFF, 0xCF, 0xFE, 0x7F, 0xF0, 0x00, 0x00, 0x00, 0x00, 0x00, 0x00,
    0x00, 0x60, 0x03, 0xC0, 0x1F, 0xC0, 0x3F, 0xC0, 0x7F, 0x00, 0x78, 0x0F, 0xC3, 0xFC, 0x7F, 0x03, 0xC0, 0x18, 0x00, 0x00, 0x00, 0x00, 0x00, 0x00,
    0x0F, 0x07, 0xF1, 0xFF, 0x19, 0xE0, 0x1C, 0x03, 0x80, 0xF0, 0x3C, 0x07, 0x01, 0xE0, 0x38, 0x07, 0x00, 0x00, 0x00, 0x03, 0x80, 0xF0, 0x1E, 0x01,
    0xC0, 0x00, 0xFF, 0x00, 0x0F, 0xFF, 0x00, 0x7C, 0x3E, 0x03, 0xC0, 0x3C, 0x1E, 0x00, 0x70, 0x70, 0x00, 0xE3, 0x87, 0xF3, 0x8E, 0x3F, 0xCE, 0x71,
    0xEE, 0x39, 0xC7, 0x38, 0x67, 0x38, 0xE3, 0x9C, 0xE3, 0x8E, 0x73, 0x8E, 0x31, 0xCF, 0x79, 0xC7, 0x1F, 0xFE, 0x0E, 0x3D, 0xF0, 0x38, 0x00, 0x00,
    0x70, 0x00, 0x01, 0xF8, 0x60, 0x01, 0xFF, 0x80, 0x01, 0xFC, 0x00, 0x00, 0x00, 0x00, 0x03, 0xC0, 0x07, 0xE0, 0x07, 0xE0, 0x07, 0xE0, 0x07, 0xF0,
    0x0E, 0x70, 0x0E, 0x70, 0x0E, 0x78, 0x1E, 0x78, 0x1C, 0x38, 0x1F, 0xF8, 0x3F, 0xFC, 0x3F, 0xFC, 0x38, 0x1C, 0x78, 0x1E, 0x78, 0x1E, 0x78, 0x1E,
    0x3F, 0xE0, 0x7F, 0xE0, 0xFF, 0xE1, 0xC3, 0xC3, 0x83, 0x87, 0x07, 0x0E, 0x1E, 0x1F, 0xF8, 0x3F, 0xF8, 0x7F, 0xF8, 0xE0, 0xF1, 0xC0, 0xE3, 0x81,
    0xC7, 0x07, 0x8F, 0xFF, 0x1F, 0xFC, 0x3F, 0xE0, 0x03, 0xF0, 0x3F, 0xE1, 0xFF, 0x8F, 0x8E, 0x3C, 0x01, 0xE0, 0x07, 0x80, 0x1E, 0x00, 0x78, 0x01,
    0xE0, 0x07, 0x80, 0x1E, 0x00, 0x3C, 0x00, 0xF8, 0xE1, 0xFF, 0xC3, 0xFE, 0x07, 0xF0, 0x3F, 0xC0, 0x3F, 0xF0, 0x3F, 0xF8, 0x38, 0x7C, 0x38, 0x3C,
    0x38, 0x3C, 0x38, 0x1E, 0x38, 0x1E, 0x38, 0x1E, 0x38, 0x1E, 0x38, 0x1E, 0x38, 0x3C, 0x38, 0x3C, 0x38, 0x7C, 0x3F, 0xF8, 0x3F, 0xF0, 0x3F, 0xC0,
    0x3F, 0xF0, 0xFF, 0xC3, 0xFF, 0x0E, 0x00, 0x38, 0x00, 0xE0, 0x03, 0x80, 0x0F, 0xF8, 0x3F, 0xE0, 0xFF, 0x83, 0x80, 0x0E, 0x00, 0x38, 0x00, 0xE0,
    0x03, 0xFF, 0x0F, 0xFC, 0x3F, 0xF0, 0x3F, 0xF1, 0xFF, 0x8F, 0xFC, 0x70, 0x03, 0x80, 0x1C, 0x00, 0xE0, 0x07, 0xFC, 0x3F, 0xE1, 0xFF, 0x0E, 0x00,
    0x70, 0x03, 0x80, 0x1C, 0x00, 0xE0, 0x07, 0x00, 0x38, 0x00, 0x03, 0xF0, 0x0F, 0xFC, 0x1F, 0xFC, 0x3E, 0x18, 0x3C, 0x00, 0x78, 0x00, 0x78, 0x00,
    0x78, 0xFC, 0x78, 0xFE, 0x78, 0xFE, 0x78, 0x1E, 0x78, 0x1E, 0x3C, 0x1E, 0x3E, 0x1E, 0x1F, 0xFE, 0x0F, 0xFC, 0x03, 0xF0, 0x38, 0x1E, 0x1C, 0x0F,
    0x0E, 0x07, 0x87, 0x03, 0xC3, 0x81, 0xE1, 0xC0, 0xF0, 0xE0, 0x78, 0x7F, 0xFC, 0x3F, 0xFE, 0x1F, 0xFF, 0x0E, 0x07, 0x87, 0x03, 0xC3, 0x81, 0xE1,
    0xC0, 0xF0, 0xE0, 0x78, 0x70, 0x3C, 0x38, 0x1E, 0x00, 0x38, 0x70, 0xE1, 0xC3, 0x87, 0x0E, 0x1C, 0x38, 0x70, 0xE1, 0xC3, 0x87, 0x0E, 0x1C, 0x38,
    0x01, 0xE0, 0x0F, 0x00, 0x78, 0x03, 0xC0, 0x1E, 0x00, 0xF0, 0x07, 0x80, 0x3C, 0x01, 0xE0, 0x0F, 0x00, 0x78, 0x03, 0xC2, 0x1E, 0x39, 0xE1, 0xFF,
    0x0F, 0xF0, 0x1F, 0x00, 0x38, 0x3C, 0x38, 0x78, 0x38, 0x78, 0x38, 0xF0, 0x39, 0xE0, 0x3B, 0xC0, 0x3F, 0xC0, 0x3F, 0xC0, 0x3F, 0xE0, 0x3F, 0xE0,
    0x3E, 0xF0, 0x3C, 0xF0, 0x3C, 0x78, 0x38, 0x78, 0x38, 0x3C, 0x38, 0x1E, 0x38, 0x1E, 0x38, 0x01, 0xC0, 0x0E, 0x00, 0x70, 0x03, 0x80, 0x1C, 0x00,
    0xE0, 0x07, 0x00, 0x38, 0x01, 0xC0, 0x0E, 0x00, 0x70, 0x03, 0x80, 0x1C, 0x00, 0xFF, 0xC7, 0xFE, 0x3F, 0xF0, 0x3C, 0x07, 0x87, 0x81, 0xF0, 0xF8,
    0x3E, 0x1F, 0x07, 0xC3, 0xE1, 0xF8, 0x7E, 0x3F, 0x0F, 0xC7, 0xE1, 0xFD, 0xDC, 0x3B, 0xBB, 0x87, 0x77, 0x70, 0xE7, 0xCE, 0x1C, 0xF9, 0xC3, 0x9E,
    0x38, 0x71, 0xC7, 0x0E, 0x38, 0xE1, 0xC0, 0x1C, 0x38, 0x03, 0x80, 0x3C, 0x1E, 0x3C, 0x1E, 0x3E, 0x1E, 0x3E, 0x1E, 0x3F, 0x1E, 0x3F, 0x1E, 0x3B,
    0x9E, 0x3B, 0x9E, 0x39, 0xDE, 0x39, 0xDE, 0x38, 0xFE, 0x38, 0xFE, 0x38, 0x7E, 0x38, 0x7E, 0x38, 0x3E, 0x38, 0x3E, 0x38, 0x1E, 0x07, 0xF0, 0x07,
    0xFC, 0x07, 0xFF, 0x07, 0xC7, 0xC3, 0xC1, 0xE3, 0xC0, 0x79, 0xE0, 0x3C, 0xF0, 0x1E, 0x78, 0x0F, 0x3C, 0x07, 0x9E, 0x03, 0xCF, 0x01, 0xE3, 0xC1,
    0xE1, 0xF1, 0xF0, 0x7F, 0xF0, 0x1F, 0xF0, 0x07, 0xF0, 0x00, 0x3F, 0xE0, 0x7F, 0xE0, 0xFF, 0xE1, 0xC1, 0xE3, 0x83, 0xC7, 0x07, 0x8E, 0x0F, 0x1C,
    0x3E, 0x3F, 0xF8, 0x7F, 0xE0, 0xFF, 0x81, 0xC0, 0x03, 0x80, 0x07, 0x00, 0x0E, 0x00, 0x1C, 0x00, 0x38, 0x00, 0x07, 0xF0, 0x07, 0xFC, 0x07, 0xFF,
    0x07, 0xC7, 0xC3, 0xC1, 0xE3, 0xC0, 0x79, 0xE0, 0x3C, 0xF0, 0x1E, 0x78, 0x0F, 0x3C, 0x07, 0x9E, 0x03, 0xCF, 0x01, 0xE3, 0xC1, 0xE1, 0xE1, 0xF0,
    0x7F, 0xF0, 0x1F, 0xF0, 0x07, 0xF0, 0x00, 0xF0, 0x00, 0x3E, 0x00, 0x1F, 0xE0, 0x07, 0xF8, 0x00, 0xF8, 0x3F, 0xE0, 0x7F, 0xF0, 0xFF, 0xE1, 0xC1,
    0xE3, 0x83, 0xC7, 0x07, 0x8E, 0x0F, 0x1C, 0x3E, 0x3F, 0xF8, 0x7F, 0xE0, 0xFF, 0x81, 0xC7, 0x83, 0x8F, 0x07, 0x0F, 0x0E, 0x1E, 0x1C, 0x1E, 0x38,
    0x3C, 0x0F, 0xC0, 0x7F, 0xC3, 0xFF, 0x0F, 0x18, 0x78, 0x01, 0xF0, 0x03, 0xF0, 0x0F, 0xF0, 0x1F, 0xE0, 0x1F, 0xC0, 0x1F, 0x80, 0x1E, 0x20, 0x78,
    0xE1, 0xE7, 0xFF, 0x0F, 0xFC, 0x1F, 0xC0, 0xFF, 0xFB, 0xFF, 0xE7, 0xFF, 0x81, 0xE0, 0x07, 0x80, 0x1E, 0x00, 0x78, 0x01, 0xE0, 0x07, 0x80, 0x1E,
    0x00, 0x78, 0x01, 0xE0, 0x07, 0x80, 0x1E, 0x00, 0x78, 0x01, 0xE0, 0x07, 0x80, 0x38, 0x1E, 0x38, 0x1E, 0x38, 0x1E, 0x38, 0x1E, 0x38, 0x1E, 0x38,
    0x1E, 0x38, 0x1E, 0x38, 0x1E, 0x38, 0x1E, 0x38, 0x1E, 0x38, 0x1E, 0x3C, 0x1E, 0x3C, 0x1C, 0x3E, 0x3C, 0x1F, 0xFC, 0x0F, 0xF8, 0x07, 0xE0, 0x78,
    0x1E, 0xF0, 0x3D, 0xE0, 0x71, 0xC1, 0xE3, 0xC3, 0xC7, 0x87, 0x07, 0x0E, 0x0E, 0x3C, 0x1E, 0x70, 0x3C, 0xE0, 0x39, 0xC0, 0x77, 0x80, 0xFE, 0x00,
    0xFC, 0x01, 0xF8, 0x03, 0xE0, 0x07, 0xC0, 0xF0, 0xF0, 0xFF, 0x0F, 0x0F, 0x70, 0xF0, 0xE7, 0x0F, 0x8E, 0x78, 0xF8, 0xE7, 0x9F, 0x8E, 0x79, 0xF9,
    0xE3, 0x9F, 0x9E, 0x39, 0xDD, 0xC3, 0xB9, 0xDC, 0x3F, 0x9D, 0xC3, 0xF9, 0xDC, 0x3F, 0x9F, 0xC1, 0xF8, 0xFC, 0x1F, 0x0F, 0x81, 0xF0, 0xF8, 0x1F,
    0x0F, 0x80, 0x78, 0x79, 0xE1, 0xE3, 0xCF, 0x0F, 0x3C, 0x1E, 0xE0, 0x7F, 0x80, 0xFC, 0x03, 0xF0, 0x0F, 0x80, 0x3F, 0x01, 0xFC, 0x07, 0x78, 0x3D,
    0xE0, 0xF3, 0xC7, 0x8F, 0x1E, 0x1E, 0xF0, 0x78, 0x78, 0x3D, 0xE0, 0xE3, 0xC7, 0x8F, 0x1E, 0x1C, 0x70, 0x7B, 0xC0, 0xEE, 0x03, 0xF8, 0x0F, 0xC0,
    0x1F, 0x00, 0x78, 0x00, 0xE0, 0x03, 0x80, 0x0E, 0x00, 0x38, 0x00, 0xE0, 0x03, 0x80, 0x7F, 0xFB, 0xFF, 0xCF, 0xFC, 0x01, 0xE0, 0x1E, 0x00, 0xF0,
    0x0F, 0x00, 0xF0, 0x07, 0x80, 0x78, 0x07, 0xC0, 0x3C, 0x03, 0xC0, 0x1E, 0x01, 0xFF, 0xEF, 0xFF, 0x7F, 0xF8, 0x3E, 0x3E, 0x38, 0x38, 0x38, 0x38,
    0x38, 0x38, 0x38, 0x38, 0x38, 0x38, 0x38, 0x38, 0x38, 0x38, 0x38, 0x38, 0x38, 0x38, 0x3E, 0x3E, 0x60, 0x30, 0x1C, 0x0E, 0x07, 0x01, 0x80, 0xE0,
    0x70, 0x38, 0x0C, 0x07, 0x03, 0x81, 0xC0, 0x60, 0x38, 0x1C, 0x0E, 0x03, 0x01, 0xC0, 0xE0, 0x70, 0x18, 0x7C, 0x7C, 0x1C, 0x1C, 0x1C, 0x1C, 0x1C,
    0x1C, 0x1C, 0x1C, 0x1C, 0x1C, 0x1C, 0x1C, 0x1C, 0x1C, 0x1C, 0x1C, 0x1C, 0x1C, 0x7C, 0x7C, 0x07, 0x00, 0x7C, 0x03, 0xE0, 0x1F, 0x01, 0xDC, 0x0E,
    0xE0, 0xE7, 0x87, 0x1C, 0x38, 0xE3, 0x83, 0x80, 0x00, 0x00, 0x00, 0x00, 0x00, 0x00, 0x00, 0x00, 0x00, 0x00, 0x00, 0x00, 0x07, 0xFF, 0xBF, 0xFC,
    0x00, 0x00, 0x20, 0x01, 0xC0, 0x07, 0x80, 0x0F, 0x00, 0x1C, 0x00, 0x30, 0x00, 0x00, 0x00, 0x00, 0x00, 0x00, 0x00, 0x00, 0x00, 0x00, 0x00, 0x00,
    0x00, 0x00, 0x00, 0x00, 0x00, 0x00, 0x00, 0x00, 0x00, 0x00, 0x00, 0x00, 0x00, 0x1F, 0x81, 0xFF, 0x0F, 0xF8, 0x61, 0xC0, 0x0F, 0x07, 0xF8, 0xFF,
    0xCF, 0x9E, 0x78, 0xF3, 0xC7, 0x9F, 0xFC, 0x7F, 0xE1, 0xEF, 0x00, 0x38, 0x01, 0xE0, 0x07, 0x80, 0x1E, 0x00, 0x78, 0x01, 0xEF, 0x87, 0xFF, 0x1F,
    0xFC, 0x7C, 0x79, 0xE1, 0xE7, 0x83, 0x9E, 0x0E, 0x78, 0x79, 0xE1, 0xE7, 0x87, 0x9F, 0xFC, 0x7F, 0xF1, 0xEF, 0x00, 0x0F, 0xC1, 0xFE, 0x3F, 0xC7,
    0xC0, 0x78, 0x07, 0x80, 0x78, 0x07, 0x80, 0x78, 0x07, 0xC4, 0x3F, 0xE1, 0xFE, 0x0F, 0xC0, 0x00, 0x78, 0x01, 0xE0, 0x07, 0x80, 0x1E, 0x00, 0x78,
    0x3D, 0xE1, 0xFF, 0x8F, 0xFE, 0x7C, 0x79, 0xE1, 0xE7, 0x87, 0x9E, 0x1E, 0x78, 0x79, 0xE1, 0xE7, 0x8F, 0x8F, 0xFE, 0x3F, 0xF8, 0x3D, 0xE0, 0x0F,
    0x80, 0xFF, 0x0F, 0xF8, 0xF1, 0xE7, 0x07, 0x3F, 0xF9, 0xFF, 0xCF, 0x00, 0x78, 0x03, 0xC0, 0x0F, 0xF8, 0x3F, 0xC0, 0xFC, 0x00, 0x07, 0x0F, 0xC7,
    0xE7, 0x83, 0xC1, 0xE3, 0xFD, 0xFE, 0x7F, 0x1E, 0x0F, 0x07, 0x83, 0xC1, 0xE0, 0xF0, 0x78, 0x3C, 0x1E, 0x0F, 0x00, 0x0F, 0xF9, 0xFF, 0xCF, 0xFC,
    0xF1, 0xC7, 0x8E, 0x3C, 0x70, 0xE7, 0x87, 0xF8, 0x3F, 0x81, 0x80, 0x1F, 0xE0, 0x7F, 0xE3, 0xFF, 0xB8, 0x3D, 0xC1, 0xEF, 0x1E, 0x7F, 0xF1, 0xFE,
    0x00, 0x00, 0x38, 0x01, 0xE0, 0x07, 0x80, 0x1E, 0x00, 0x78, 0x01, 0xEF, 0x87, 0xFF, 0x1F, 0xFC, 0x7C, 0x79, 0xE1, 0xE7, 0x87, 0x9E, 0x1E, 0x78,
    0x79, 0xE1, 0xE7, 0x87, 0x9E, 0x1E, 0x78, 0x79, 0xE1, 0xE0, 0x10, 0xF1, 0xE1, 0xC0, 0x00, 0x1E, 0x3C, 0x78, 0xF1, 0xE3, 0xC7, 0x8F, 0x1E, 0x3C,
    0x78, 0xF1, 0xE0, 0x04, 0x0F, 0x07, 0x81, 0xC0, 0x00, 0x00, 0x38, 0x1C, 0x0E, 0x07, 0x03, 0x81, 0xC0, 0xE0, 0x70, 0x38, 0x1C, 0x0E, 0x07, 0x03,
    0x83, 0xC1, 0xE3, 0xF1, 0xF0, 0xF0, 0x00, 0x01, 0xE0, 0x07, 0x80, 0x1E, 0x00, 0x78, 0x01, 0xE0, 0x07, 0x87, 0x9E, 0x3C, 0x79, 0xE1, 0xEF, 0x07,
    0xB8, 0x1F, 0xE0, 0x7F, 0x81, 0xFF, 0x07, 0xDE, 0x1E, 0x78, 0x78, 0xF1, 0xE1, 0xC7, 0x87, 0x80, 0x38, 0xF1, 0xE3, 0xC7, 0x8F, 0x1E, 0x3C, 0x78,
    0xF1, 0xE3, 0xC7, 0x8F, 0x0E, 0x1E, 0x3C, 0x3C, 0x7B, 0xE3, 0xC3, 0xFF, 0xFF, 0x1F, 0xFF, 0xF8, 0xF9, 0xF1, 0xE7, 0x87, 0x8F, 0x3C, 0x3C, 0x79,
    0xE1, 0xE3, 0xCF, 0x0F, 0x1E, 0x78, 0x78, 0xF3, 0xC3, 0xC7, 0x9E, 0x1E, 0x3C, 0xF0, 0xF1, 0xE7, 0x87, 0x8F, 0x00, 0x7B, 0xE1, 0xFF, 0xC7, 0xFF,
    0x1F, 0x1E, 0x78, 0x79, 0xE1, 0xE7, 0x87, 0x9E, 0x1E, 0x78, 0x79, 0xE1, 0xE7, 0x87, 0x9E, 0x1E, 0x78, 0x78, 0x0F, 0xC0, 0x7F, 0x83, 0xFF, 0x1E,
    0x3C, 0x78, 0x79, 0xE1, 0xE7, 0x87, 0x9E, 0x1E, 0x78, 0x79, 0xE3, 0xC3, 0xFF, 0x07, 0xF8, 0x0F, 0xC0, 0x7B, 0xE1, 0xFF, 0xC7, 0xFF, 0x1F, 0x1E,
    0x78, 0x79, 0xE0, 0xE7, 0x83, 0x9E, 0x1E, 0x78, 0x79, 0xF1, 0xE7, 0xFF, 0x1F, 0xFC, 0x7B, 0xC1, 0xE0, 0x07, 0x80, 0x1E, 0x00, 0x78, 0x01, 0xE0,
    0x00, 0x0F, 0xB8, 0x7F, 0xE3, 0xFF, 0x9F, 0x1E, 0x78, 0x79, 0xE1, 0xE7, 0x87, 0x9E, 0x1E, 0x78, 0x79, 0xE3, 0xE3, 0xFF, 0x8F, 0xFE, 0x0F, 0x78,
    0x01, 0xE0, 0x07, 0x80, 0x1E, 0x00, 0x78, 0x01, 0xE0, 0x7B, 0xDF, 0xF7, 0xF9, 0xF8, 0x7C, 0x1E, 0x07, 0x81, 0xE0, 0x78, 0x1E, 0x07, 0x81, 0xE0,
    0x78, 0x00, 0x1F, 0x87, 0xF9, 0xFF, 0x3C, 0x47, 0x80, 0x7C, 0x07, 0xE0, 0x7E, 0x03, 0xC4, 0x39, 0xFF, 0x3F, 0xC3, 0xF0, 0x18, 0x1E, 0x0F, 0x07,
    0x8F, 0xFF, 0xFF, 0xFE, 0x78, 0x3C, 0x1E, 0x0F, 0x07, 0x83, 0xC1, 0xE0, 0xFE, 0x3F, 0x0F, 0x80, 0x78, 0x79, 0xE1, 0xE7, 0x87, 0x9E, 0x1E, 0x78,
    0x79, 0xE1, 0xE7, 0x87, 0x9E, 0x1E, 0x78, 0x78, 0xE3, 0xE3, 0xFF, 0x8F, 0xFE, 0x1F, 0x78, 0xF0, 0x73, 0x83, 0x9C, 0x3C, 0xF1, 0xC3, 0x8E, 0x1C,
    0x70, 0xF7, 0x87, 0xB8, 0x1D, 0xC0, 0xFE, 0x07, 0xE0, 0x1F, 0x00, 0xF8, 0x00, 0xF0, 0xE1, 0xCE, 0x1E, 0x39, 0xE7, 0xC7, 0x3C, 0xF9, 0xE7, 0x9F,
    0x3C, 0x73, 0x77, 0x0E, 0xEE, 0xE1, 0xFD, 0xDC, 0x3F, 0xBF, 0x83, 0xF7, 0xE0, 0x7C, 0x7C, 0x0F, 0x8F, 0x81, 0xF1, 0xF0, 0x78, 0xF7, 0x8E, 0x3D,
    0xE3, 0xDC, 0x1F, 0xC0, 0xF8, 0x0F, 0x81, 0xF8, 0x1F, 0xC3, 0xFC, 0x39, 0xE7, 0x9E, 0xF0, 0xF0, 0xF0, 0x73, 0x83, 0x9E, 0x3C, 0xF1, 0xC3, 0x8E,
    0x1E, 0xF0, 0x77, 0x03, 0xB8, 0x1F, 0xC0, 0x7C, 0x03, 0xE0, 0x1F, 0x00, 0x70, 0x03, 0x80, 0x3C, 0x07, 0xC0, 0x7C, 0x03, 0xC0, 0x00, 0x7F, 0xEF,
    0xFD, 0xFF, 0x01, 0xE0, 0x78, 0x1E, 0x03, 0xC0, 0xF0, 0x3C, 0x07, 0x81, 0xFF, 0xBF, 0xF7, 0xFE, 0x0E, 0x1E, 0x1C, 0x3C, 0x3C, 0x1C, 0x1C, 0x1C,
    0x1C, 0x38, 0x78, 0x78, 0x38, 0x1C, 0x1C, 0x1C, 0x1C, 0x3C, 0x3C, 0x1C, 0x1E, 0x0E, 0x38, 0x70, 0xE1, 0xC3, 0x87, 0x0E, 0x1C, 0x38, 0x70, 0xE1,
    0xC3, 0x87, 0x0E, 0x1C, 0x38, 0x70, 0xE1, 0xC3, 0x87, 0x0E, 0x1C, 0x38, 0x70, 0x78, 0x3C, 0x1C, 0x1C, 0x1C, 0x1C, 0x1C, 0x1C, 0x1C, 0x1F, 0x0F,
    0x1C, 0x1C, 0x1C, 0x1C, 0x1C, 0x1C, 0x1C, 0x3C, 0x78, 0x70, 0x00, 0x01, 0xF1, 0x1F, 0xFC, 0xEF, 0xE0, 0x1E, 0x00, 0x00, 0x00, 0x00, 0x00, 0x00,
    0x00, 0x00, 0x00, 0x00, 0x1C, 0x3C, 0x3C, 0x3C, 0x00, 0x00, 0x18, 0x18, 0x1C, 0x1C, 0x3C, 0x3C, 0x3C, 0x3C, 0x3C, 0x3C, 0x3C, 0x00, 0x01, 0x80,
    0x0C, 0x00, 0xE0, 0x1F, 0xC1, 0xFF, 0x1F, 0xF0, 0xF6, 0x0F, 0x30, 0x79, 0x83, 0xCC, 0x0E, 0x60, 0x7B, 0x03, 0xFE, 0x0F, 0xF8, 0x3F, 0x80, 0x30,
    0x01, 0x80, 0x0C, 0x00, 0x07, 0xE0, 0x7F, 0x87, 0xFC, 0x3C, 0x41, 0xC0, 0x0E, 0x00, 0x70, 0x0F, 0xF8, 0x7F, 0xC0, 0x70, 0x03, 0x80, 0x3C, 0x01,
    0xC0, 0x1F, 0xF9, 0xFF, 0xCF, 0xFE, 0x20, 0x23, 0xBF, 0x9F, 0xFC, 0x7F, 0xC7, 0x8F, 0x38, 0x39, 0xC1, 0xCF, 0x1E, 0x3D, 0xE3, 0xFF, 0x1F, 0xFC,
    0xC0, 0x60, 0x00, 0x00, 0x00, 0x00, 0x00, 0x00, 0x07, 0x83, 0xDE, 0x3C, 0xF1, 0xE3, 0x8E, 0x1E, 0xF0, 0x77, 0x03, 0xF0, 0x7F, 0xF3, 0xFF, 0x81,
    0xC0, 0xFF, 0xE7, 0xFF, 0x03, 0x80, 0x1C, 0x00, 0xE0, 0x07, 0x00, 0x38, 0x70, 0xE1, 0xC3, 0x87, 0x0E, 0x1C, 0x38, 0x70, 0xE0, 0x00, 0x06, 0x0E,
    0x1C, 0x38, 0x70, 0xE1, 0xC3, 0x87, 0x0E, 0x1C, 0x38, 0x00, 0x00, 0x00, 0x03, 0xF8, 0x00, 0x1F, 0xF0, 0x00, 0xF1, 0x80, 0x03, 0x80, 0x00, 0x0F,
    0x00, 0x00, 0x1F, 0x80, 0x00, 0xFF, 0x80, 0x03, 0xBF, 0x00, 0x1C, 0x3E, 0x00, 0x78, 0x38, 0x00, 0xF8, 0xE0, 0x03, 0xFF, 0x00, 0x03, 0xF8, 0x00,
    0x03, 0xF0, 0x00, 0x03, 0xC0, 0x00, 0x07, 0x00, 0x0E, 0x3C, 0x00, 0x3F, 0xE0, 0x00, 0x7F, 0x00, 0x00, 0x00, 0x00, 0x00, 0x00, 0x73, 0x83, 0xCE,
    0x07, 0x38, 0x00, 0x00, 0x00, 0x00, 0x00, 0x00, 0x00, 0x00, 0x00, 0x00, 0x00, 0x00, 0x00, 0x00, 0x00, 0x00, 0x00, 0x00, 0x00, 0x00, 0x00, 0x00,
    0x00, 0x00, 0x00, 0x03, 0xF8, 0x01, 0xFF, 0x80, 0x70, 0x38, 0x0C, 0x01, 0x83, 0x1F, 0x38, 0x67, 0xF3, 0x19, 0xE4, 0x63, 0x38, 0x06, 0x67, 0x00,
    0xCC, 0xE0, 0x19, 0x9C, 0x03, 0x33, 0xC8, 0xC3, 0x3F, 0x98, 0x73, 0xE6, 0x07, 0x01, 0xC0, 0x7F, 0xF0, 0x03, 0xF8, 0x00, 0x3E, 0x3F, 0x89, 0xC7,
    0xE7, 0xF3, 0x39, 0x9C, 0xFE, 0x3B, 0x00, 0x00, 0x00, 0x00, 0x00, 0x00, 0x00, 0x00, 0x00, 0x00, 0x00, 0x08, 0xC1, 0xDC, 0x39, 0x87, 0x38, 0x67,
    0x07, 0x70, 0x73, 0x83, 0x9C, 0x1C, 0xC0, 0x84, 0x00, 0x00, 0x7F, 0xF3, 0xFF, 0x9F, 0xFC, 0x00, 0xE0, 0x07, 0x00, 0x38, 0x01, 0xC0, 0x06, 0x00,
    0x00, 0x00, 0x00, 0x00, 0x03, 0xE0, 0xC7, 0x3F, 0xE5, 0xB6, 0xBE, 0xD6, 0x9B, 0xDA, 0x60, 0xC7, 0x70, 0x7C, 0x00, 0x00, 0x00, 0x00, 0x00, 0x00,
    0x00, 0x00, 0x00, 0x00, 0x00, 0x00, 0x1F, 0xE0, 0x7F, 0x80, 0x00, 0x00, 0x00, 0x00, 0x00, 0x00, 0x00, 0x00, 0x00, 0x00, 0x00, 0x00, 0x00, 0x00,
    0x00, 0x00, 0x00, 0x00, 0x00, 0x00, 0x00, 0x00, 0x00, 0x00, 0x00, 0x00, 0x3E, 0x3F, 0x18, 0xCC, 0x66, 0x33, 0xF0, 0xF8, 0x00, 0x00, 0x00, 0x00,
    0x00, 0x00, 0x00, 0x00, 0x00, 0x00, 0x00, 0x00, 0x00, 0x30, 0x00, 0x00, 0xC0, 0x00, 0x03, 0x00, 0x00, 0x0C, 0x00, 0x00, 0x30, 0x00, 0x00, 0xC0,
    0x01, 0xFF, 0xFE, 0x07, 0xFF, 0xF8, 0x00, 0x78, 0x00, 0x00, 0xC0, 0x00, 0x03, 0x00, 0x00, 0x0C, 0x00, 0x00, 0x30, 0x00, 0x00, 0xC0, 0x00, 0x00,
    0x00, 0x00, 0x00, 0x00, 0x1F, 0xFF, 0xE0, 0x7F, 0xFF, 0x80, 0x00, 0x00, 0x00, 0x3E, 0x3F, 0x99, 0xC0, 0xE0, 0x70, 0x70, 0x78, 0x78, 0x7F, 0x3F,
    0x80, 0x00, 0x00, 0x00, 0x00, 0x00, 0x00, 0x00, 0x00, 0x00, 0x00, 0x00, 0x3E, 0x3F, 0x89, 0xC0, 0xE1, 0xE0, 0xF8, 0x0C, 0xCE, 0x7F, 0x1F, 0x00,
    0x00, 0x00, 0x00, 0x00, 0x00, 0x00, 0x00, 0x00, 0x00, 0x00, 0x00, 0x00, 0x00, 0x03, 0x00, 0x0E, 0x00, 0x78, 0x03, 0xC0, 0x1E, 0x00, 0x30, 0x00,
    0x00, 0x00, 0x00, 0x00, 0x00, 0x00, 0x00, 0x00, 0x00, 0x00, 0x00, 0x00, 0x00, 0x00, 0x00, 0x00, 0x00, 0x00, 0x00, 0x00, 0x00, 0x00, 0x00, 0x00,
    0x78, 0x78, 0xF0, 0xF1, 0xE1, 0xE3, 0xC3, 0x87, 0x87, 0x0F, 0x0E, 0x1E, 0x1C, 0x3C, 0x38, 0x78, 0x70, 0xF9, 0xE1, 0xFF, 0xF3, 0xFF, 0xE7, 0xF3,
    0xCF, 0x00, 0x1E, 0x00, 0x3C, 0x00, 0x78, 0x00, 0x00, 0x00, 0x00, 0xFF, 0x00, 0x07, 0xFC, 0x00, 0x3F, 0x70, 0x01, 0xFD, 0xC0, 0x07, 0xF7, 0x00,
    0x1F, 0xDC, 0x00, 0x7F, 0x70, 0x01, 0xFD, 0xC0, 0x03, 0xF7, 0x00, 0x0F, 0xDC, 0x00, 0x0F, 0x70, 0x00, 0x1D, 0xC0, 0x00, 0x77, 0x00, 0x01, 0xDC,
    0x00, 0x07, 0x70, 0x00, 0x1D, 0xC0, 0x00, 0x77, 0x00, 0x01, 0xDC, 0x00, 0x07, 0x70, 0x00, 0x00, 0x00, 0x00, 0x30, 0x00, 0x01, 0xE0, 0x00, 0x0F,
    0xC0, 0x00, 0x3F, 0x00, 0x00, 0xFC, 0x00, 0x01, 0xE0, 0x00, 0x00, 0x00, 0x00, 0x00, 0x00, 0x00, 0x00, 0x00, 0x00, 0x00, 0x00, 0x00, 0x00, 0x00,
    0x03, 0x00, 0x1C, 0x00, 0x78, 0x00, 0x60, 0x0F, 0x80, 0x3C, 0x00, 0x1E, 0x1F, 0x0F, 0x81, 0xC0, 0xE0, 0x70, 0x38, 0x1C, 0x0E, 0x07, 0x00, 0x00,
    0x00, 0x00, 0x00, 0x00, 0x00, 0x00, 0x00, 0x00, 0x00, 0x1E, 0x3F, 0x9D, 0xCC, 0x7E, 0x3B, 0x1D, 0xDC, 0xFE, 0x1E, 0x00, 0x00, 0x00, 0x00, 0x00,
    0x00, 0x00, 0x00, 0x00, 0x00, 0x00, 0x23, 0x07, 0x38, 0x39, 0xC1, 0xDE, 0x0C, 0xE1, 0xCE, 0x1D, 0xC3, 0xB8, 0x73, 0x02, 0x00, 0x00, 0x00, 0x3C,
    0x06, 0x07, 0xC0, 0xE0, 0x7C, 0x0C, 0x01, 0xC1, 0xC0, 0x1C, 0x18, 0x01, 0xC3, 0x80, 0x1C, 0x30, 0x01, 0xC7, 0x1C, 0x1C, 0x63, 0xC1, 0xCE, 0x3C,
    0x08, 0xC6, 0xC0, 0x1C, 0xEC, 0x01, 0x8C, 0xC0, 0x39, 0xFF, 0x03, 0x0F, 0xF0, 0x70, 0x0C, 0x06, 0x00, 0xC0, 0x3C, 0x06, 0x03, 0xE0, 0x60, 0x1F,
    0x07, 0x00, 0x38, 0x30, 0x01, 0xC3, 0x80, 0x0E, 0x18, 0x00, 0x71, 0xC0, 0x03, 0x8C, 0x78, 0x1C, 0xE7, 0xE0, 0xE6, 0x37, 0x03, 0x70, 0x1C, 0x03,
    0x00, 0xC0, 0x38, 0x0E, 0x01, 0x80, 0xE0, 0x1C, 0x0E, 0x00, 0xC0, 0xFE, 0x0E, 0x0F, 0xF0, 0x3E, 0x03, 0x07, 0xF0, 0x60, 0x27, 0x06, 0x00, 0x70,
    0xC0, 0x1E, 0x0C, 0x01, 0xE1, 0x80, 0x07, 0x38, 0x00, 0x33, 0x1E, 0x67, 0x73, 0xE7, 0xF6, 0x3E, 0x3E, 0xE7, 0xE0, 0x0C, 0x6E, 0x01, 0xCE, 0xE0,
    0x18, 0xFF, 0x03, 0x8F, 0xF0, 0x30, 0x0E, 0x07, 0x00, 0xE0, 0x0F, 0x01, 0xE0, 0x3C, 0x07, 0x80, 0x00, 0x00, 0x03, 0xC0, 0x78, 0x0E, 0x03, 0xC0,
    0xF0, 0x1C, 0x07, 0x80, 0xE0, 0x1E, 0x23, 0xFE, 0x3F, 0xC3, 0xE0, 0x04, 0x00, 0x0F, 0x00, 0x0F, 0x80, 0x07, 0xC0, 0x01, 0x80, 0x00, 0x00, 0x03,
    0xC0, 0x07, 0xE0, 0x07, 0xE0, 0x07, 0xE0, 0x07, 0xF0, 0x0E, 0x70, 0x0E, 0x70, 0x0E, 0x78, 0x1E, 0x78, 0x1C, 0x38, 0x1F, 0xF8, 0x3F, 0xFC, 0x3F,
    0xFC, 0x38, 0x1C, 0x78, 0x1E, 0x78, 0x1E, 0x78, 0x1E, 0x00, 0x20, 0x00, 0xF0, 0x01, 0xF0, 0x03, 0xE0, 0x01, 0x80, 0x00, 0x00, 0x03, 0xC0, 0x07,
    0xE0, 0x07, 0xE0, 0x07, 0xE0, 0x07, 0xF0, 0x0E, 0x70, 0x0E, 0x70, 0x0E, 0x78, 0x1E, 0x78, 0x1C, 0x38, 0x1F, 0xF8, 0x3F, 0xFC, 0x3F, 0xFC, 0x38,
    0x1C, 0x78, 0x1E, 0x78, 0x1E, 0x78, 0x1E, 0x03, 0xC0, 0x07, 0xE0, 0x0F, 0xF0, 0x0C, 0x30, 0x00, 0x00, 0x03, 0xC0, 0x07, 0xE0, 0x07, 0xE0, 0x07,
    0xE0, 0x07, 0xF0, 0x0E, 0x70, 0x0E, 0x70, 0x0E, 0x78, 0x1E, 0x78, 0x1C, 0x38, 0x1F, 0xF8, 0x3F, 0xFC, 0x3F, 0xFC, 0x38, 0x1C, 0x78, 0x1E, 0x78,
    0x1E, 0x78, 0x1E, 0x0F, 0x18, 0x0F, 0xF8, 0x1F, 0xF8, 0x1C, 0xF0, 0x00, 0x00, 0x03, 0xC0, 0x07, 0xE0, 0x07, 0xE0, 0x07, 0xE0, 0x07, 0xF0, 0x0E,
    0x70, 0x0E, 0x70, 0x0E, 0x78, 0x1E, 0x78, 0x1C, 0x38, 0x1F, 0xF8, 0x3F, 0xFC, 0x3F, 0xFC, 0x38, 0x1C, 0x78, 0x1E, 0x78, 0x1E, 0x78, 0x1E, 0x00,
    0x00, 0x0E, 0x70, 0x0E, 0x70, 0x0E, 0x70, 0x00, 0x00, 0x03, 0xC0, 0x07, 0xE0, 0x07, 0xE0, 0x07, 0xE0, 0x07, 0xF0, 0x0E, 0x70, 0x0E, 0x70, 0x0E,
    0x78, 0x1E, 0x78, 0x1C, 0x38, 0x1F, 0xF8, 0x3F, 0xFC, 0x3F, 0xFC, 0x38, 0x1C, 0x78, 0x1E, 0x78, 0x1E, 0x78, 0x1E, 0x03, 0xC0, 0x07, 0xE0, 0x06,
    0x60, 0x07, 0xE0, 0x03, 0xC0, 0x00, 0x00, 0x03, 0xC0, 0x07, 0xE0, 0x07, 0xE0, 0x07, 0xE0, 0x07, 0xF0, 0x0E, 0x70, 0x0E, 0x70, 0x0E, 0x78, 0x1E,
    0x78, 0x1C, 0x38, 0x1F, 0xF8, 0x3F, 0xFC, 0x3F, 0xFC, 0x38, 0x1C, 0x78, 0x1E, 0x78, 0x1E, 0x78, 0x1E, 0x00, 0xFF, 0xF8, 0x03, 0xFF, 0xE0, 0x1F,
    0xFF, 0x80, 0x7F, 0x00, 0x03, 0xFC, 0x00, 0x0F, 0xF0, 0x00, 0x7B, 0xC0, 0x01, 0xEF, 0xFC, 0x07, 0x3F, 0xF0, 0x3C, 0xFF, 0xC0, 0xFF, 0xC0, 0x07,
    0xFF, 0x00, 0x1F, 0xFC, 0x00, 0xF0, 0xF0, 0x03, 0xC3, 0xFF, 0x9E, 0x0F, 0xFE, 0x78, 0x3F, 0xF8, 0x03, 0xF0, 0x3F, 0xE1, 0xFF, 0x8F, 0x8E, 0x3C,
    0x01, 0xE0, 0x07, 0x80, 0x1E, 0x00, 0x78, 0x01, 0xE0, 0x07, 0x80, 0x1E, 0x00, 0x3C, 0x00, 0xF8, 0x61, 0xFF, 0xC3, 0xFE, 0x07, 0xF0, 0x07, 0x00,
    0x1C, 0x00, 0x38, 0x00, 0xE0, 0x0F, 0x00, 0x20, 0x00, 0x0C, 0x00, 0x38, 0x01, 0xF0, 0x01, 0xE0, 0x03, 0x00, 0x00, 0x03, 0xFF, 0x0F, 0xFC, 0x3F,
    0xF0, 0xE0, 0x03, 0x80, 0x0E, 0x00, 0x38, 0x00, 0xFF, 0x83, 0xFE, 0x0F, 0xF8, 0x38, 0x00, 0xE0, 0x03, 0x80, 0x0E, 0x00, 0x3F, 0xF0, 0xFF, 0xC3,
    0xFF, 0x00, 0x00, 0x40, 0x03, 0x80, 0x3E, 0x00, 0xF0, 0x03, 0x00, 0x00, 0x03, 0xFF, 0x0F, 0xFC, 0x3F, 0xF0, 0xE0, 0x03, 0x80, 0x0E, 0x00, 0x38,
    0x00, 0xFF, 0x83, 0xFE, 0x0F, 0xF8, 0x38, 0x00, 0xE0, 0x03, 0x80, 0x0E, 0x00, 0x3F, 0xF0, 0xFF, 0xC3, 0xFF, 0x00, 0x07, 0x80, 0x3F, 0x00, 0xEE,
    0x07, 0x18, 0x00, 0x00, 0xFF, 0xC3, 0xFF, 0x0F, 0xFC, 0x38, 0x00, 0xE0, 0x03, 0x80, 0x0E, 0x00, 0x3F, 0xE0, 0xFF, 0x83, 0xFE, 0x0E, 0x00, 0x38,
    0x00, 0xE0, 0x03, 0x80, 0x0F, 0xFC, 0x3F, 0xF0, 0xFF, 0xC0, 0x00, 0x00, 0x73, 0x81, 0xCF, 0x07, 0x18, 0x00, 0x00, 0xFF, 0xC3, 0xFF, 0x0F, 0xFC,
    0x38, 0x00, 0xE0, 0x03, 0x80, 0x0E, 0x00, 0x3F, 0xE0, 0xFF, 0x83, 0xFE, 0x0E, 0x00, 0x38, 0x00, 0xE0, 0x03, 0x80, 0x0F, 0xFC, 0x3F, 0xF0, 0xFF,
    0xC0, 0x20, 0x70, 0x78, 0x3C, 0x0C, 0x00, 0x1C, 0x1C, 0x1C, 0x1C, 0x1C, 0x1C, 0x1C, 0x1C, 0x1C, 0x1C, 0x1C, 0x1C, 0x1C, 0x1C, 0x1C, 0x1C, 0x1C,
    0x06, 0x0E, 0x1F, 0x3C, 0x38, 0x00, 0x38, 0x38, 0x38, 0x38, 0x38, 0x38, 0x38, 0x38, 0x38, 0x38, 0x38, 0x38, 0x38, 0x38, 0x38, 0x38, 0x38, 0x1E,
    0x1F, 0x9D, 0xCC, 0x70, 0x00, 0xE0, 0x70, 0x38, 0x1C, 0x0E, 0x07, 0x03, 0x81, 0xC0, 0xE0, 0x70, 0x38, 0x1C, 0x0E, 0x07, 0x03, 0x81, 0xC0, 0xE0,
    0x00, 0x71, 0xFC, 0xEC, 0x70, 0x00, 0xE0, 0x70, 0x38, 0x1C, 0x0E, 0x07, 0x03, 0x81, 0xC0, 0xE0, 0x70, 0x38, 0x1C, 0x0E, 0x07, 0x03, 0x81, 0xC0,
    0xE0, 0x3F, 0xE0, 0x3F, 0xF8, 0x3F, 0xFC, 0x3C, 0x7C, 0x3C, 0x1E, 0x3C, 0x1E, 0x3C, 0x1E, 0x7F, 0x9E, 0xFF, 0x8E, 0x3C, 0x1E, 0x3C, 0x1E, 0x3C,
    0x1E, 0x3C, 0x3E, 0x3C, 0x7C, 0x3F, 0xFC, 0x3F, 0xF8, 0x3F, 0xE0, 0x07, 0x98, 0x0F, 0xF8, 0x0F, 0xF8, 0x0C, 0xF0, 0x00, 0x00, 0x3C, 0x1E, 0x3C,
    0x1E, 0x3E, 0x1E, 0x3E, 0x1E, 0x3F, 0x1E, 0x3F, 0x1E, 0x3B, 0x9E, 0x3B, 0x9E, 0x39, 0xDE, 0x39, 0xDE, 0x38, 0xFE, 0x38, 0xFE, 0x38, 0x7E, 0x38,
    0x7E, 0x38, 0x3E, 0x38, 0x3E, 0x38, 0x1E, 0x00, 0x00, 0x03, 0x80, 0x03, 0xE0, 0x00, 0xF8, 0x00, 0x1C, 0x00, 0x04, 0x00, 0x1F, 0xC0, 0x1F, 0xF0,
    0x1F, 0xFC, 0x1F, 0x1F, 0x0F, 0x07, 0x8F, 0x01, 0xE7, 0x80, 0xF3, 0xC0, 0x79, 0xE0, 0x3C, 0xF0, 0x1E, 0x78, 0x0F, 0x3C, 0x07, 0x8F, 0x07, 0x87,
    0xC7, 0xC1, 0xFF, 0xC0, 0x7F, 0xC0, 0x1F, 0xC0, 0x00, 0x00, 0x00, 0x38, 0x00, 0x3E, 0x00, 0x3E, 0x00, 0x1C, 0x00, 0x00, 0x00, 0x1F, 0xC0, 0x1F,
    0xF0, 0x1F, 0xFC, 0x1F, 0x1F, 0x0F, 0x07, 0x8F, 0x01, 0xE7, 0x80, 0xF3, 0xC0, 0x79, 0xE0, 0x3C, 0xF0, 0x1E, 0x78, 0x0F, 0x3C, 0x07, 0x8F, 0x07,
    0x87, 0xC7, 0xC1, 0xFF, 0xC0, 0x7F, 0xC0, 0x1F, 0xC0, 0x01, 0xC0, 0x01, 0xF0, 0x01, 0xDC, 0x01, 0xC7, 0x00, 0x00, 0x00, 0x3F, 0x80, 0x3F, 0xE0,
    0x3F, 0xF8, 0x3E, 0x3E, 0x1E, 0x0F, 0x1E, 0x03, 0xCF, 0x01, 0xE7, 0x80, 0xF3, 0xC0, 0x79, 0xE0, 0x3C, 0xF0, 0x1E, 0x78, 0x0F, 0x1E, 0x0F, 0x0F,
    0x8F, 0x83, 0xFF, 0x80, 0xFF, 0x80, 0x3F, 0x80, 0x00, 0x10, 0x07, 0xCC, 0x03, 0xFE, 0x01, 0x9E, 0x00, 0x00, 0x00, 0x3F, 0x80, 0x3F, 0xE0, 0x3F,
    0xF8, 0x3E, 0x3E, 0x1E, 0x0F, 0x1E, 0x03, 0xCF, 0x01, 0xE7, 0x80, 0xF3, 0xC0, 0x79, 0xE0, 0x3C, 0xF0, 0x1E, 0x78, 0x0F, 0x1E, 0x0F, 0x0F, 0x8F,
    0x83, 0xFF, 0x80, 0xFF, 0x80, 0x3F, 0x80, 0x00, 0x00, 0x07, 0x1C, 0x03, 0x9E, 0x01, 0xC7, 0x00, 0x00, 0x00, 0x3F, 0x80, 0x3F, 0xE0, 0x3F, 0xF8,
    0x3E, 0x3E, 0x1E, 0x0F, 0x1E, 0x03, 0xCF, 0x01, 0xE7, 0x80, 0xF3, 0xC0, 0x79, 0xE0, 0x3C, 0xF0, 0x1E, 0x78, 0x0F, 0x1E, 0x0F, 0x0F, 0x8F, 0x83,
    0xFF, 0x80, 0xFF, 0x80, 0x3F, 0x80, 0x04, 0x00, 0x80, 0x38, 0x07, 0x00, 0xF0, 0x3C, 0x01, 0xE1, 0xE0, 0x03, 0xCF, 0x00, 0x07, 0xF8, 0x00, 0x0F,
    0xC0, 0x00, 0x1E, 0x00, 0x00, 0xFC, 0x00, 0x07, 0xF8, 0x00, 0x3C, 0xF0, 0x01, 0xE1, 0xE0, 0x0F, 0x03, 0xC0, 0x38, 0x07, 0x00, 0x00, 0x00, 0x00,
    0x00, 0x02, 0x03, 0xFB, 0x83, 0xFF, 0xC3, 0xFF, 0xC3, 0xE3, 0xE1, 0xE1, 0xF1, 0xE1, 0xFC, 0xF0, 0xFE, 0x78, 0xEF, 0x3C, 0xE7, 0x9E, 0xE3, 0xCF,
    0xF1, 0xE7, 0xF0, 0xF1, 0xF0, 0xF0, 0xF8, 0xF8, 0x7F, 0xF8, 0x7F, 0xF8, 0x3B, 0xF8, 0x08, 0x00, 0x00, 0x06, 0x00, 0x07, 0x00, 0x0F, 0x80, 0x03,
    0xC0, 0x01, 0x80, 0x00, 0x00, 0x38, 0x1E, 0x38, 0x1E, 0x38, 0x1E, 0x38, 0x1E, 0x38, 0x1E, 0x38, 0x1E, 0x38, 0x1E, 0x38, 0x1E, 0x38, 0x1E, 0x38,
    0x1E, 0x38, 0x1E, 0x3C, 0x1E, 0x3C, 0x1C, 0x3E, 0x3C, 0x1F, 0xFC, 0x0F, 0xF8, 0x07, 0xE0, 0x00, 0x20, 0x00, 0x70, 0x01, 0xF0, 0x01, 0xE0, 0x01,
    0x80, 0x00, 0x00, 0x38, 0x1E, 0x38, 0x1E, 0x38, 0x1E, 0x38, 0x1E, 0x38, 0x1E, 0x38, 0x1E, 0x38, 0x1E, 0x38, 0x1E, 0x38, 0x1E, 0x38, 0x1E, 0x38,
    0x1E, 0x3C, 0x1E, 0x3C, 0x1C, 0x3E, 0x3C, 0x1F, 0xFC, 0x0F, 0xF8, 0x07, 0xE0, 0x03, 0xC0, 0x07, 0xE0, 0x0F, 0x70, 0x0E, 0x30, 0x00, 0x00, 0x38,
    0x1E, 0x38, 0x1E, 0x38, 0x1E, 0x38, 0x1E, 0x38, 0x1E, 0x38, 0x1E, 0x38, 0x1E, 0x38, 0x1E, 0x38, 0x1E, 0x38, 0x1E, 0x38, 0x1E, 0x3C, 0x1E, 0x3C,
    0x1C, 0x3E, 0x3C, 0x1F, 0xFC, 0x0F, 0xF8, 0x07, 0xE0, 0x00, 0x00, 0x0E, 0x70, 0x0E, 0x78, 0x0E, 0x30, 0x00, 0x00, 0x38, 0x1E, 0x38, 0x1E, 0x38,
    0x1E, 0x38, 0x1E, 0x38, 0x1E, 0x38, 0x1E, 0x38, 0x1E, 0x38, 0x1E, 0x38, 0x1E, 0x38, 0x1E, 0x38, 0x1E, 0x3C, 0x1E, 0x3C, 0x1C, 0x3E, 0x3C, 0x1F,
    0xFC, 0x0F, 0xF8, 0x07, 0xE0, 0x00, 0x40, 0x03, 0x80, 0x1E, 0x00, 0xF0, 0x03, 0x80, 0x00, 0x07, 0x83, 0xDE, 0x0E, 0x3C, 0x78, 0xF1, 0xE1, 0xC7,
    0x07, 0xBC, 0x0E, 0xE0, 0x3F, 0x80, 0xFC, 0x01, 0xF0, 0x07, 0x80, 0x0E, 0x00, 0x38, 0x00, 0xE0, 0x03, 0x80, 0x0E, 0x00, 0x38, 0x00, 0x38, 0x00,
    0x70, 0x00, 0xFF, 0x01, 0xFF, 0x83, 0xFF, 0x87, 0x0F, 0x8E, 0x0F, 0x1C, 0x1E, 0x38, 0x3C, 0x70, 0x78, 0xE1, 0xF1, 0xFF, 0xC3, 0xFF, 0x07, 0xF8,
    0x0E, 0x00, 0x1C, 0x00, 0x38, 0x00, 0x0F, 0xC0, 0x3F, 0xC0, 0xFF, 0xC1, 0xE3, 0x83, 0x87, 0x07, 0x0E, 0x1E, 0x3C, 0x3C, 0xF0, 0x79, 0xC0, 0xF3,
    0xC1, 0xE7, 0xE3, 0xC7, 0xE7, 0x83, 0xEF, 0x03, 0xDE, 0x07, 0xBC, 0xFF, 0x79, 0xFC, 0xF3, 0xF0, 0x08, 0x00, 0xE0, 0x0F, 0x80, 0x3E, 0x00, 0xF0,
    0x01, 0x80, 0x00, 0x00, 0x00, 0x1F, 0x81, 0xFF, 0x0F, 0xF8, 0x61, 0xC0, 0x0F, 0x07, 0xF8, 0xFF, 0xCF, 0x9E, 0x78, 0xF3, 0xC7, 0x9F, 0xFC, 0x7F,
    0xE1, 0xEF, 0x00, 0x00, 0x40, 0x07, 0x00, 0x78, 0x07, 0x80, 0x78, 0x01, 0x80, 0x00, 0x00, 0x00, 0x1F, 0x81, 0xFF, 0x0F, 0xF8, 0x61, 0xC0, 0x0F,
    0x07, 0xF8, 0xFF, 0xCF, 0x9E, 0x78, 0xF3, 0xC7, 0x9F, 0xFC, 0x7F, 0xE1, 0xEF, 0x00, 0x07, 0x80, 0x7E, 0x07, 0xF8, 0x71, 0xC1, 0x00, 0x00, 0x00,
    0x7E, 0x07, 0xFC, 0x3F, 0xE1, 0x87, 0x00, 0x3C, 0x1F, 0xE3, 0xFF, 0x3E, 0x79, 0xE3, 0xCF, 0x1E, 0x7F, 0xF1, 0xFF, 0x87, 0xBC, 0x1C, 0x60, 0xFB,
    0x8F, 0xF8, 0x77, 0xC0, 0x00, 0x00, 0x00, 0x7E, 0x07, 0xFC, 0x3F, 0xE1, 0x87, 0x00, 0x3C, 0x1F, 0xE3, 0xFF, 0x3E, 0x79, 0xE3, 0xCF, 0x1E, 0x7F,
    0xF1, 0xFF, 0x87, 0xBC, 0x1C, 0xE1, 0xE7, 0x07, 0x38, 0x00, 0x00, 0x00, 0x0F, 0xC0, 0xFF, 0x87, 0xFC, 0x30, 0xE0, 0x07, 0x83, 0xFC, 0x7F, 0xE7,
    0xCF, 0x3C, 0x79, 0xE3, 0xCF, 0xFE, 0x3F, 0xF0, 0xF7, 0x80, 0x00, 0x00, 0x7C, 0x03, 0x70, 0x1B, 0x80, 0xF8, 0x00, 0x00, 0x00, 0x03, 0xF0, 0x3F,
    0xE1, 0xFF, 0x0C, 0x38, 0x01, 0xE0, 0xFF, 0x1F, 0xF9, 0xF3, 0xCF, 0x1E, 0x78, 0xF3, 0xFF, 0x8F, 0xFC, 0x3D, 0xE0, 0x0F, 0x8F, 0x03, 0xFF, 0xFC,
    0x3F, 0xFF, 0xC1, 0x0F, 0x1E, 0x03, 0xF0, 0xE1, 0xFF, 0xFE, 0x3F, 0xFF, 0xE7, 0x8F, 0x00, 0x78, 0xF0, 0x07, 0x8F, 0x80, 0x7F, 0xFF, 0xC3, 0xFB,
    0xFC, 0x1F, 0x1F, 0x80, 0x0F, 0xC1, 0xFE, 0x3F, 0xC7, 0xC0, 0x78, 0x07, 0x80, 0x78, 0x07, 0x80, 0x78, 0x07, 0xC4, 0x3F, 0xE1, 0xFE, 0x0F, 0xC0,
    0x70, 0x07, 0x00, 0x78, 0x03, 0x80, 0xF8, 0x0F, 0x00, 0x08, 0x00, 0xE0, 0x0F, 0x80, 0x3C, 0x00, 0xF0, 0x03, 0x80, 0x00, 0x00, 0x00, 0x0F, 0x80,
    0xFF, 0x0F, 0xF8, 0xF1, 0xE7, 0x07, 0x3F, 0xF9, 0xFF, 0xCF, 0x00, 0x78, 0x03, 0xC0, 0x0F, 0xF8, 0x3F, 0xC0, 0xFC, 0x00, 0x00, 0x80, 0x06, 0x00,
    0x78, 0x07, 0x80, 0x78, 0x01, 0x80, 0x00, 0x00, 0x00, 0x0F, 0x80, 0xFF, 0x0F, 0xF8, 0xF1, 0xE7, 0x07, 0x3F, 0xF9, 0xFF, 0xCF, 0x00, 0x78, 0x03,
    0xC0, 0x0F, 0xF8, 0x3F, 0xC0, 0xFC, 0x00, 0x0F, 0x80, 0x7E, 0x07, 0x78, 0x71, 0xC1, 0x04, 0x00, 0x00, 0x3E, 0x03, 0xFC, 0x3F, 0xE3, 0xC7, 0x9C,
    0x1C, 0xFF, 0xE7, 0xFF, 0x3C, 0x01, 0xE0, 0x0F, 0x00, 0x3F, 0xE0, 0xFF, 0x03, 0xF0, 0x18, 0xE1, 0xE7, 0x0F, 0x38, 0x00, 0x00, 0x00, 0x07, 0xC0,
    0x7F, 0x87, 0xFC, 0x78, 0xF3, 0x83, 0x9F, 0xFC, 0xFF, 0xE7, 0x80, 0x3C, 0x01, 0xE0, 0x07, 0xFC, 0x1F, 0xE0, 0x7E, 0x00, 0x30, 0x3C, 0x1E, 0x07,
    0x81, 0xE0, 0x60, 0x00, 0x00, 0x1E, 0x0F, 0x07, 0x83, 0xC1, 0xE0, 0xF0, 0x78, 0x3C, 0x1E, 0x0F, 0x07, 0x83, 0xC1, 0xE0, 0x04, 0x0E, 0x1F, 0x3E,
    0x38, 0x10, 0x00, 0x00, 0x78, 0x78, 0x78, 0x78, 0x78, 0x78, 0x78, 0x78, 0x78, 0x78, 0x78, 0x78, 0x78, 0x00, 0x07, 0xC3, 0xF9, 0xEE, 0x71, 0xC0,
    0x00, 0x00, 0x78, 0x1E, 0x07, 0x81, 0xE0, 0x78, 0x1E, 0x07, 0x81, 0xE0, 0x78, 0x1E, 0x07, 0x81, 0xE0, 0x78, 0x00, 0x73, 0xB9, 0xFC, 0x60, 0x00,
    0x00, 0xF0, 0x78, 0x3C, 0x1E, 0x0F, 0x07, 0x83, 0xC1, 0xE0, 0xF0, 0x78, 0x3C, 0x1E, 0x0F, 0x00, 0x0C, 0x10, 0x79, 0xC1, 0xFF, 0x01, 0xF0, 0x1F,
    0xC0, 0x67, 0x80, 0x0F, 0x03, 0xFC, 0x3F, 0xF0, 0xFF, 0xE7, 0x87, 0x9E, 0x1E, 0x70, 0x79, 0xC1, 0xE7, 0x87, 0x1E, 0x3C, 0x3F, 0xE0, 0x7F, 0x80,
    0xF8, 0x00, 0x0E, 0x30, 0x7E, 0xC1, 0xFF, 0x06, 0x7C, 0x00, 0x00, 0x00, 0x07, 0xBE, 0x1F, 0xFC, 0x7F, 0xF1, 0xF1, 0xE7, 0x87, 0x9E, 0x1E, 0x78,
    0x79, 0xE1, 0xE7, 0x87, 0x9E, 0x1E, 0x78, 0x79, 0xE1, 0xE7, 0x87, 0x80, 0x08, 0x00, 0x70, 0x03, 0xE0, 0x07, 0xC0, 0x0F, 0x00, 0x0C, 0x00, 0x00,
    0x00, 0x00, 0x0F, 0xC0, 0x7F, 0x83, 0xFF, 0x1E, 0x3C, 0x78, 0x79, 0xE1, 0xE7, 0x87, 0x9E, 0x1E, 0x78, 0x79, 0xE3, 0xC3, 0xFF, 0x07, 0xF8, 0x0F,
    0xC0, 0x00, 0x40, 0x03, 0x80, 0x1E, 0x00, 0xF0, 0x07, 0x80, 0x0C, 0x00, 0x00, 0x00, 0x00, 0x0F, 0xC0, 0x7F, 0x83, 0xFF, 0x1E, 0x3C, 0x78, 0x79,
    0xE1, 0xE7, 0x87, 0x9E, 0x1E, 0x78, 0x79, 0xE3, 0xC3, 0xFF, 0x07, 0xF8, 0x0F, 0xC0, 0x07, 0x80, 0x3F, 0x01, 0xFE, 0x06, 0x38, 0x10, 0x00, 0x00,
    0x00, 0xFC, 0x07, 0xF8, 0x3F, 0xF1, 0xE3, 0xC7, 0x87, 0x9E, 0x1E, 0x78, 0x79, 0xE1, 0xE7, 0x87, 0x9E, 0x3C, 0x3F, 0xF0, 0x7F, 0x80, 0xFC, 0x00,
    0x1E, 0x60, 0x7D, 0xC3, 0xFE, 0x0E, 0xF8, 0x00, 0x00, 0x00, 0x00, 0xFC, 0x07, 0xF8, 0x3F, 0xF1, 0xE3, 0xC7, 0x87, 0x9E, 0x1E, 0x78, 0x79, 0xE1,
    0xE7, 0x87, 0x9E, 0x3C, 0x3F, 0xF0, 0x7F, 0x80, 0xFC, 0x00, 0x1C, 0xE0, 0xF3, 0x81, 0xCE, 0x00, 0x00, 0x00, 0x00, 0x3F, 0x01, 0xFE, 0x0F, 0xFC,
    0x78, 0xF1, 0xE1, 0xE7, 0x87, 0x9E, 0x1E, 0x78, 0x79, 0xE1, 0xE7, 0x8F, 0x0F, 0xFC, 0x1F, 0xE0, 0x3F, 0x00, 0x00, 0x30, 0x00, 0x01, 0xE0, 0x00,
    0x07, 0x80, 0x00, 0x1E, 0x00, 0x00, 0x00, 0x00, 0x00, 0x00, 0x00, 0x00, 0x00, 0x07, 0xFF, 0xF8, 0x1F, 0xFF, 0xE0, 0x00, 0x00, 0x00, 0x00, 0x00,
    0x00, 0x00, 0x00, 0x00, 0x70, 0x00, 0x01, 0xE0, 0x00, 0x07, 0x80, 0x00, 0x0C, 0x00, 0x00, 0x00, 0x3F, 0xE1, 0xFF, 0x0F, 0xFC, 0x78, 0xF1, 0xE7,
    0xE7, 0x3F, 0x9C, 0xDE, 0x7E, 0x79, 0xF9, 0xE7, 0xC7, 0x0F, 0xFC, 0x3F, 0xE1, 0xBF, 0x00, 0x00, 0x00, 0x08, 0x00, 0x70, 0x01, 0xE0, 0x03, 0xC0,
    0x07, 0x80, 0x0C, 0x00, 0x00, 0x00, 0x00, 0x78, 0x79, 0xE1, 0xE7, 0x87, 0x9E, 0x1E, 0x78, 0x79, 0xE1, 0xE7, 0x87, 0x9E, 0x1E, 0x78, 0x78, 0xE3,
    0xE3, 0xFF, 0x8F, 0xFE, 0x1F, 0x78, 0x00, 0x40, 0x03, 0x80, 0x1E, 0x00, 0xF0, 0x07, 0x80, 0x0C, 0x00, 0x00, 0x00, 0x00, 0x78, 0x79, 0xE1, 0xE7,
    0x87, 0x9E, 0x1E, 0x78, 0x79, 0xE1, 0xE7, 0x87, 0x9E, 0x1E, 0x78, 0x78, 0xE3, 0xE3, 0xFF, 0x8F, 0xFE, 0x1F, 0x78, 0x00, 0x00, 0x1E, 0x00, 0xFC,
    0x07, 0xF8, 0x18, 0x60, 0x00, 0x00, 0x00, 0x1E, 0x1E, 0x78, 0x79, 0xE1, 0xE7, 0x87, 0x9E, 0x1E, 0x78, 0x79, 0xE1, 0xE7, 0x87, 0x9E, 0x1E, 0x38,
    0xF8, 0xFF, 0xE3, 0xFF, 0x87, 0xDE, 0x00, 0x00, 0x73, 0x81, 0xCE, 0x07, 0x38, 0x00, 0x00, 0x00, 0x07, 0x87, 0x9E, 0x1E, 0x78, 0x79, 0xE1, 0xE7,
    0x87, 0x9E, 0x1E, 0x78, 0x79, 0xE1, 0xE7, 0x87, 0x8E, 0x3E, 0x3F, 0xF8, 0xFF, 0xE1, 0xF7, 0x80, 0x00, 0xC0, 0x0F, 0x00, 0xF8, 0x07, 0x80, 0x78,
    0x01, 0x00, 0x00, 0x00, 0x00, 0xF0, 0x73, 0x83, 0x9E, 0x3C, 0xF1, 0xC3, 0x8E, 0x1E, 0xF0, 0x77, 0x03, 0xB8, 0x1F, 0xC0, 0x7C, 0x03, 0xE0, 0x1F,
    0x00, 0x70, 0x03, 0x80, 0x3C, 0x07, 0xC0, 0x7C, 0x03, 0xC0, 0x00, 0x38, 0x01, 0xE0, 0x07, 0x80, 0x1E, 0x00, 0x78, 0x01, 0xEF, 0x87, 0xFF, 0x1F,
    0xFC, 0x7C, 0x79, 0xE1, 0xE7, 0x83, 0x9E, 0x0E, 0x78, 0x79, 0xE1, 0xE7, 0xC7, 0x9F, 0xFC, 0x7F, 0xF1, 0xEF, 0x07, 0x80, 0x1E, 0x00, 0x78, 0x01,
    0xE0, 0x07, 0x80, 0x00, 0x00, 0x01, 0xC7, 0x0F, 0x78, 0x31, 0x80, 0x00, 0x00, 0x03, 0xC1, 0xCE, 0x0E, 0x78, 0xF3, 0xC7, 0x0E, 0x38, 0x7B, 0xC1,
    0xDC, 0x0E, 0xE0, 0x7F, 0x01, 0xF0, 0x0F, 0x80, 0x7C, 0x01, 0xC0, 0x0E, 0x00, 0xF0, 0x1F, 0x01, 0xF0, 0x0F, 0x00, 0x0F, 0xF0, 0x0F, 0xF0, 0x00,
    0x00, 0x00, 0x00, 0x03, 0xC0, 0x07, 0xE0, 0x07, 0xE0, 0x07, 0xE0, 0x07, 0xF0, 0x0E, 0x70, 0x0E, 0x70, 0x0E, 0x78, 0x1E, 0x78, 0x1C, 0x38, 0x1F,
    0xF8, 0x3F, 0xFC, 0x3F, 0xFC, 0x38, 0x1C, 0x78, 0x1E, 0x78, 0x1E, 0x78, 0x1E, 0x00, 0x00, 0xFF, 0x07, 0xF8, 0x00, 0x00, 0x00, 0x0F, 0xC0, 0xFF,
    0x87, 0xFC, 0x30, 0xE0, 0x07, 0x83, 0xFC, 0x7F, 0xE7, 0xCF, 0x3C, 0x79, 0xE3, 0xCF, 0xFE, 0x3F, 0xF0, 0xF7, 0x80, 0x0C, 0x30, 0x0E, 0x70, 0x07,
    0xE0, 0x03, 0xC0, 0x00, 0x00, 0x03, 0xC0, 0x07, 0xE0, 0x07, 0xE0, 0x07, 0xE0, 0x07, 0xF0, 0x0E, 0x70, 0x0E, 0x70, 0x0E, 0x78, 0x1E, 0x78, 0x1C,
    0x38, 0x1F, 0xF8, 0x3F, 0xFC, 0x3F, 0xFC, 0x38, 0x1C, 0x78, 0x1E, 0x78, 0x1E, 0x78, 0x1E, 0x00, 0x00, 0xC3, 0x07, 0x38, 0x3F, 0x80, 0xF8, 0x00,
    0x00, 0x00, 0x03, 0xF0, 0x3F, 0xE1, 0xFF, 0x0C, 0x38, 0x01, 0xE0, 0xFF, 0x1F, 0xF9, 0xF3, 0xCF, 0x1E, 0x78, 0xF3, 0xFF, 0x8F, 0xFC, 0x3D, 0xE0,
    0x00, 0x00, 0x00, 0xFF, 0xFF, 0xC3, 0x80, 0x07, 0x0E, 0x00, 0x1C, 0x3C, 0x00, 0xF0, 0xD8, 0x06, 0xC3, 0x30, 0x33, 0x0C, 0x40, 0x8C, 0x31, 0x86,
    0x30, 0xC3, 0x30, 0xC3, 0x07, 0x83, 0x0C, 0x0C, 0x0C, 0x30, 0x30, 0x30, 0xC1, 0xE0, 0xC3, 0x0C, 0xC3, 0x0C, 0x61, 0x8C, 0x31, 0x86, 0x30, 0xCC,
    0x0C, 0xC3, 0x60, 0x1B, 0x0F, 0x00, 0x3C, 0x38, 0x00, 0x70, 0xE0, 0x01, 0xC3, 0xFF, 0xFF, 0x00, 0x00, 0x00, 0x00, 0x00, 0x00, 0xFF, 0xFF, 0xC3,
    0x80, 0x07, 0x0E, 0x00, 0x1C, 0x3C, 0x00, 0xF0, 0xD8, 0x06, 0xC3, 0x30, 0x33, 0x0C, 0x40, 0x8C, 0x31, 0x86, 0x30, 0xC3, 0x30, 0xC3, 0x07, 0x83,
    0x0C, 0x0C, 0x0C, 0x30, 0x30, 0x30, 0xC1, 0xE0, 0xC3, 0x0C, 0xC3, 0x0C, 0x61, 0x8C, 0x31, 0x86, 0x30, 0xCC, 0x0C, 0xC3, 0x60, 0x1B, 0x0F, 0x00,
    0x3C, 0x38, 0x00, 0x70, 0xE0, 0x01, 0xC3, 0xFF, 0xFF, 0x00, 0x00, 0x00, 0x03, 0xF0, 0x00, 0x03, 0xFE, 0x00, 0x41, 0xFF, 0x80, 0x38, 0xF8, 0xE0,
    0x3E, 0x3C, 0x00, 0x1F, 0x1E, 0x00, 0x0F, 0x87, 0x80, 0x07, 0xC1, 0xE0, 0x03, 0xE0, 0x78, 0x00, 0x70, 0x1E, 0x00, 0x08, 0x07, 0x80, 0x00, 0x01,
    0xE0, 0x00, 0x00, 0x3C, 0x00, 0x00, 0x0F, 0x8E, 0x00, 0x01, 0xFF, 0xC0, 0x00, 0x3F, 0xE0, 0x00, 0x07, 0xF0, 0x00, 0x00, 0x00, 0x00, 0x04, 0x00,
    0x00, 0x0E, 0x00, 0x00, 0x3E, 0x0F, 0xC0, 0x7C, 0x1F, 0xE0, 0xF8, 0x3F, 0xC1, 0xF0, 0x7C, 0x03, 0xE0, 0x78, 0x01, 0xC0, 0x78, 0x00, 0x80, 0x78,
    0x00, 0x00, 0x78, 0x00, 0x00, 0x78, 0x00, 0x00, 0x7C, 0x40, 0x00, 0x3F, 0xE0, 0x00, 0x1F, 0xE0, 0x00, 0x0F, 0xC0, 0x00, 0x00, 0x00, 0x00, 0xFF,
    0xFF, 0xC3, 0x80, 0x07, 0x0E, 0x00, 0x1C, 0x3C, 0x00, 0xF0, 0xD8, 0x06, 0xC3, 0x30, 0x33, 0x0C, 0x40, 0x8C, 0x31, 0x86, 0x30, 0xC3, 0x30, 0xC3,
    0x07, 0x83, 0x0C, 0x0C, 0x0C, 0x30, 0x30, 0x30, 0xC1, 0xE0, 0xC3, 0x0C, 0xC3, 0x0C, 0x61, 0x8C, 0x31, 0x86, 0x30, 0xCC, 0x0C, 0xC3, 0x60, 0x1B,
    0x0F, 0x00, 0x3C, 0x38, 0x00, 0x70, 0xE0, 0x01, 0xC3, 0xFF, 0xFF, 0x00, 0x00, 0x00, 0x00, 0x00, 0x00, 0xFF, 0xFF, 0xC3, 0x80, 0x07, 0x0E, 0x00,
    0x1C, 0x3C, 0x00, 0xF0, 0xD8, 0x06, 0xC3, 0x30, 0x33, 0x0C, 0x40, 0x8C, 0x31, 0x86, 0x30, 0xC3, 0x30, 0xC3, 0x07, 0x83, 0x0C, 0x0C, 0x0C, 0x30,
    0x30, 0x30, 0xC1, 0xE0, 0xC3, 0x0C, 0xC3, 0x0C, 0x61, 0x8C, 0x31, 0x86, 0x30, 0xCC, 0x0C, 0xC3, 0x60, 0x1B, 0x0F, 0x00, 0x3C, 0x38, 0x00, 0x70,
    0xE0, 0x01, 0xC3, 0xFF, 0xFF, 0x00, 0x00, 0x00, 0x00, 0x00, 0x0C, 0x00, 0x00, 0x3C, 0x0F, 0xC0, 0xF8, 0x7F, 0xC1, 0xF1, 0xFF, 0x81, 0xC7, 0xC7,
    0x00, 0x0F, 0x00, 0x00, 0x3C, 0x00, 0x00, 0x78, 0x00, 0x00, 0xF0, 0x00, 0x01, 0xE0, 0x00, 0x03, 0xC0, 0x00, 0x07, 0x80, 0x00, 0x0F, 0x00, 0x00,
    0x0F, 0x00, 0x00, 0x1F, 0x1C, 0x00, 0x1F, 0xFC, 0x00, 0x1F, 0xF0, 0x00, 0x1F, 0xC0, 0x00, 0x00, 0x00, 0x30, 0x00, 0x03, 0xC0, 0x00, 0x3E, 0x00,
    0x01, 0xF0, 0x00, 0x07, 0x00, 0x00, 0x00, 0x3F, 0x00, 0x03, 0xFC, 0x00, 0x3F, 0xC0, 0x03, 0xE0, 0x00, 0x1E, 0x00, 0x00, 0xF0, 0x00, 0x07, 0x80,
    0x00, 0x3C, 0x00, 0x01, 0xE0, 0x00, 0x0F, 0x88, 0x00, 0x3F, 0xE0, 0x00, 0xFF, 0x00, 0x03, 0xF0, 0x00, 0x03, 0xF0, 0x00, 0x01, 0xFF, 0x30, 0x00,
    0x7F, 0xE7, 0x07, 0x9F, 0x1C, 0xF1, 0xE3, 0xC0, 0x0F, 0x38, 0xF0, 0x00, 0xEF, 0x1E, 0x00, 0x1F, 0xC3, 0xC0, 0x01, 0xF0, 0x78, 0x00, 0x1E, 0x0F,
    0x00, 0x03, 0x81, 0xE0, 0x00, 0x20, 0x3C, 0x00, 0x00, 0x03, 0xC0, 0x00, 0x00, 0x7C, 0x70, 0x00, 0x07, 0xFF, 0x00, 0x00, 0x7F, 0xC0, 0x00, 0x07,
    0xF0, 0x00, 0x00, 0x00, 0x06, 0x00, 0x00, 0x03, 0x83, 0xC0, 0x01, 0xE3, 0xC1, 0xF8, 0x79, 0xC1, 0xFE, 0x1D, 0xE1, 0xFE, 0x0F, 0xE1, 0xF0, 0x03,
    0xE0, 0xF0, 0x00, 0xF0, 0x78, 0x00, 0x70, 0x3C, 0x00, 0x10, 0x1E, 0x00, 0x00, 0x0F, 0x00, 0x00, 0x07, 0xC4, 0x00, 0x01, 0xFF, 0x00, 0x00, 0x7F,
    0x80, 0x00, 0x1F, 0x80, 0x00, 0x3F, 0xC0, 0x00, 0x01, 0xFF, 0x83, 0x00, 0x0F, 0xFE, 0x1C, 0x1E, 0x70, 0xF8, 0xF1, 0xE3, 0x83, 0xC3, 0xCE, 0x1C,
    0x1E, 0x0E, 0xF0, 0xE0, 0x78, 0x7F, 0x07, 0x03, 0xC1, 0xF0, 0x38, 0x1E, 0x07, 0x81, 0xC0, 0xF0, 0x38, 0x0E, 0x07, 0x80, 0x80, 0x70, 0x78, 0x00,
    0x03, 0x83, 0xC0, 0x00, 0x1C, 0x3E, 0x00, 0x00, 0xFF, 0xE0, 0x00, 0x07, 0xFE, 0x00, 0x00, 0x3F, 0xC0, 0x00, 0x00, 0x00, 0x78, 0x00, 0x00, 0x0F,
    0x00, 0x00, 0x01, 0xE6, 0x00, 0x00, 0x3C, 0xE0, 0xF0, 0x07, 0x9E, 0x3C, 0x1E, 0xF1, 0xE7, 0x07, 0xFE, 0x1D, 0xE1, 0xFF, 0xC3, 0xF8, 0x7C, 0x78,
    0x3E, 0x0F, 0x0F, 0x03, 0xC1, 0xE1, 0xE0, 0x70, 0x3C, 0x3C, 0x04, 0x07, 0x87, 0x80, 0x00, 0xF0, 0xF0, 0x00, 0x1E, 0x3E, 0x00, 0x01, 0xFF, 0xC0,
    0x00, 0x3F, 0xF8, 0x00, 0x01, 0xEF, 0x00, 0x00, 0x3F, 0xE0, 0x3F, 0xF8, 0x3F, 0xFC, 0x3C, 0x7C, 0x3C, 0x1E, 0x3C, 0x1E, 0x3C, 0x1E, 0x7F, 0x9E,
    0xFF, 0x8E, 0x3C, 0x1E, 0x3C, 0x1E, 0x3C, 0x1E, 0x3C, 0x3E, 0x3C, 0x7C, 0x3F, 0xFC, 0x3F, 0xF8, 0x3F, 0xE0, 0x00, 0x78, 0x00, 0xF0, 0x1F, 0xF0,
    0x3F, 0xE0, 0x07, 0x80, 0x0F, 0x01, 0xDE, 0x0F, 0xFC, 0x3F, 0xF8, 0xF9, 0xF1, 0xE1, 0xE3, 0xC3, 0xC7, 0x87, 0x8F, 0x0F, 0x1E, 0x3E, 0x1F, 0xFC,
    0x3F, 0xF8, 0x1E, 0xF0, 0x1F, 0xE0, 0x7F, 0x80, 0x00, 0x00, 0x00, 0x3F, 0xF0, 0xFF, 0xC3, 0xFF, 0x0E, 0x00, 0x38, 0x00, 0xE0, 0x03, 0x80, 0x0F,
    0xF8, 0x3F, 0xE0, 0xFF, 0x83, 0x80, 0x0E, 0x00, 0x38, 0x00, 0xE0, 0x03, 0xFF, 0x0F, 0xFC, 0x3F, 0xF0, 0x00, 0x00, 0xFF, 0x07, 0xF8, 0x00, 0x00,
    0x00, 0x07, 0xC0, 0x7F, 0x87, 0xFC, 0x78, 0xF3, 0x83, 0x9F, 0xFC, 0xFF, 0xE7, 0x80, 0x3C, 0x01, 0xE0, 0x07, 0xFC, 0x1F, 0xE0, 0x7E, 0x00, 0x00,
    0x00, 0x00, 0xFF, 0xFF, 0xC3, 0x80, 0x07, 0x0E, 0x00, 0x1C, 0x3C, 0x00, 0xF0, 0xD8, 0x06, 0xC3, 0x30, 0x33, 0x0C, 0x40, 0x8C, 0x31, 0x86, 0x30,
    0xC3, 0x30, 0xC3, 0x07, 0x83, 0x0C, 0x0C, 0x0C, 0x30, 0x30, 0x30, 0xC1, 0xE0, 0xC3, 0x0C, 0xC3, 0x0C, 0x61, 0x8C, 0x31, 0x86, 0x30, 0xCC, 0x0C,
    0xC3, 0x60, 0x1B, 0x0F, 0x00, 0x3C, 0x38, 0x00, 0x70, 0xE0, 0x01, 0xC3, 0xFF, 0xFF, 0x00, 0x00, 0x00, 0x00, 0x00, 0x00, 0xFF, 0xFF, 0xC3, 0x80,
    0x07, 0x0E, 0x00, 0x1C, 0x3C, 0x00, 0xF0, 0xD8, 0x06, 0xC3, 0x30, 0x33, 0x0C, 0x40, 0x8C, 0x31, 0x86, 0x30, 0xC3, 0x30, 0xC3, 0x07, 0x83, 0x0C,
    0x0C, 0x0C, 0x30, 0x30, 0x30, 0xC1, 0xE0, 0xC3, 0x0C, 0xC3, 0x0C, 0x61, 0x8C, 0x31, 0x86, 0x30, 0xCC, 0x0C, 0xC3, 0x60, 0x1B, 0x0F, 0x00, 0x3C,
    0x38, 0x00, 0x70, 0xE0, 0x01, 0xC3, 0xFF, 0xFF, 0x00, 0x00, 0x00, 0x00, 0x00, 0x0C, 0x00, 0x00, 0x3C, 0xFF, 0xC0, 0xF9, 0xFF, 0x81, 0xF3, 0xFF,
    0x01, 0xC7, 0x00, 0x00, 0x0E, 0x00, 0x00, 0x1C, 0x00, 0x00, 0x38, 0x00, 0x00, 0x7F, 0xC0, 0x00, 0xFF, 0x80, 0x01, 0xFF, 0x00, 0x03, 0x80, 0x00,
    0x07, 0x00, 0x00, 0x0E, 0x00, 0x00, 0x1C, 0x00, 0x00, 0x3F, 0xF0, 0x00, 0x7F, 0xE0, 0x00, 0xFF, 0xC0, 0x00, 0x00, 0x00, 0x18, 0x00, 0x00, 0xF0,
    0x00, 0x07, 0xC0, 0x00, 0x1F, 0x00, 0x00, 0x38, 0x00, 0x00, 0x00, 0xF8, 0x00, 0x07, 0xF8, 0x00, 0x3F, 0xE0, 0x01, 0xE3, 0xC0, 0x07, 0x07, 0x00,
    0x1F, 0xFC, 0x00, 0x7F, 0xF0, 0x01, 0xE0, 0x00, 0x07, 0x80, 0x00, 0x1E, 0x00, 0x00, 0x3F, 0xE0, 0x00, 0x7F, 0x80, 0x00, 0xFC, 0x00, 0x00, 0x00,
    0x00, 0x00, 0xFF, 0xFF, 0xC3, 0x80, 0x07, 0x0E, 0x00, 0x1C, 0x3C, 0x00, 0xF0, 0xD8, 0x06, 0xC3, 0x30, 0x33, 0x0C, 0x40, 0x8C, 0x31, 0x86, 0x30,
    0xC3, 0x30, 0xC3, 0x07, 0x83, 0x0C, 0x0C, 0x0C, 0x30, 0x30, 0x30, 0xC1, 0xE0, 0xC3, 0x0C, 0xC3, 0x0C, 0x61, 0x8C, 0x31, 0x86, 0x30, 0xCC, 0x0C,
    0xC3, 0x60, 0x1B, 0x0F, 0x00, 0x3C, 0x38, 0x00, 0x70, 0xE0, 0x01, 0xC3, 0xFF, 0xFF, 0x00, 0x00, 0x00, 0x00, 0x00, 0x00, 0xFF, 0xFF, 0xC3, 0x80,
    0x07, 0x0E, 0x00, 0x1C, 0x3C, 0x00, 0xF0, 0xD8, 0x06, 0xC3, 0x30, 0x33, 0x0C, 0x40, 0x8C, 0x31, 0x86, 0x30, 0xC3, 0x30, 0xC3, 0x07, 0x83, 0x0C,
    0x0C, 0x0C, 0x30, 0x30, 0x30, 0xC1, 0xE0, 0xC3, 0x0C, 0xC3, 0x0C, 0x61, 0x8C, 0x31, 0x86, 0x30, 0xCC, 0x0C, 0xC3, 0x60, 0x1B, 0x0F, 0x00, 0x3C,
    0x38, 0x00, 0x70, 0xE0, 0x01, 0xC3, 0xFF, 0xFF, 0x00, 0x00, 0x00, 0x08, 0x60, 0x73, 0x80, 0xFC, 0x01, 0xF0, 0x00, 0x00, 0xFF, 0xC3, 0xFF, 0x0F,
    0xFC, 0x38, 0x00, 0xE0, 0x03, 0x80, 0x0E, 0x00, 0x3F, 0xE0, 0xFF, 0x83, 0xFE, 0x0E, 0x00, 0x38, 0x00, 0xE0, 0x03, 0x80, 0x0F, 0xFC, 0x3F, 0xF0,
    0xFF, 0xC0, 0x00, 0x01, 0xC7, 0x07, 0x78, 0x3F, 0x80, 0xF8, 0x00, 0x00, 0x00, 0x01, 0xF0, 0x1F, 0xE1, 0xFF, 0x1E, 0x3C, 0xE0, 0xE7, 0xFF, 0x3F,
    0xF9, 0xE0, 0x0F, 0x00, 0x78, 0x01, 0xFF, 0x07, 0xF8, 0x1F, 0x80, 0x00, 0x00, 0x00, 0xFF, 0xFF, 0xC3, 0x80, 0x07, 0x0E, 0x00, 0x1C, 0x3C, 0x00,
    0xF0, 0xD8, 0x06, 0xC3, 0x30, 0x33, 0x0C, 0x40, 0x8C, 0x31, 0x86, 0x30, 0xC3, 0x30, 0xC3, 0x07, 0x83, 0x0C, 0x0C, 0x0C, 0x30, 0x30, 0x30, 0xC1,
    0xE0, 0xC3, 0x0C, 0xC3, 0x0C, 0x61, 0x8C, 0x31, 0x86, 0x30, 0xCC, 0x0C, 0xC3, 0x60, 0x1B, 0x0F, 0x00, 0x3C, 0x38, 0x00, 0x70, 0xE0, 0x01, 0xC3,
    0xFF, 0xFF, 0x00, 0x00, 0x00, 0x00, 0x00, 0x00, 0xFF, 0xFF, 0xC3, 0x80, 0x07, 0x0E, 0x00, 0x1C, 0x3C, 0x00, 0xF0, 0xD8, 0x06, 0xC3, 0x30, 0x33,
    0x0C, 0x40, 0x8C, 0x31, 0x86, 0x30, 0xC3, 0x30, 0xC3, 0x07, 0x83, 0x0C, 0x0C, 0x0C, 0x30, 0x30, 0x30, 0xC1, 0xE0, 0xC3, 0x0C, 0xC3, 0x0C, 0x61,
    0x8C, 0x31, 0x86, 0x30, 0xCC, 0x0C, 0xC3, 0x60, 0x1B, 0x0F, 0x00, 0x3C, 0x38, 0x00, 0x70, 0xE0, 0x01, 0xC3, 0xFF, 0xFF, 0x00, 0x00, 0x00, 0x00,
    0x00, 0x00, 0xFF, 0xFF, 0xC3, 0x80, 0x07, 0x0E, 0x00, 0x1C, 0x3C, 0x00, 0xF0, 0xD8, 0x06, 0xC3, 0x30, 0x33, 0x0C, 0x40, 0x8C, 0x31, 0x86, 0x30,
    0xC3, 0x30, 0xC3, 0x07, 0x83, 0x0C, 0x0C, 0x0C, 0x30, 0x30, 0x30, 0xC1, 0xE0, 0xC3, 0x0C, 0xC3, 0x0C, 0x61, 0x8C, 0x31, 0x86, 0x30, 0xCC, 0x0C,
    0xC3, 0x60, 0x1B, 0x0F, 0x00, 0x3C, 0x38, 0x00, 0x70, 0xE0, 0x01, 0xC3, 0xFF, 0xFF, 0x00, 0x00, 0x00, 0x00, 0x00, 0x00, 0xFF, 0xFF, 0xC3, 0x80,
    0x07, 0x0E, 0x00, 0x1C, 0x3C, 0x00, 0xF0, 0xD8, 0x06, 0xC3, 0x30, 0x33, 0x0C, 0x40, 0x8C, 0x31, 0x86, 0x30, 0xC3, 0x30, 0xC3, 0x07, 0x83, 0x0C,
    0x0C, 0x0C, 0x30, 0x30, 0x30, 0xC1, 0xE0, 0xC3, 0x0C, 0xC3, 0x0C, 0x61, 0x8C, 0x31, 0x86, 0x30, 0xCC, 0x0C, 0xC3, 0x60, 0x1B, 0x0F, 0x00, 0x3C,
    0x38, 0x00, 0x70, 0xE0, 0x01, 0xC3, 0xFF, 0xFF, 0x00, 0x00, 0x00, 0x00, 0x00, 0x03, 0x00, 0x00, 0x03, 0xC0, 0xFC, 0x03, 0xE1, 0xFF, 0x81, 0xF1,
    0xFF, 0xC0, 0x71, 0xF0, 0xC0, 0x00, 0xF0, 0x00, 0x00, 0xF0, 0x00, 0x00, 0x78, 0x00, 0x00, 0x3C, 0x7E, 0x00, 0x1E, 0x3F, 0x80, 0x0F, 0x1F, 0xC0,
    0x07, 0x81, 0xE0, 0x03, 0xC0, 0xF0, 0x00, 0xF0, 0x78, 0x00, 0x7C, 0x3C, 0x00, 0x1F, 0xFE, 0x00, 0x07, 0xFE, 0x00, 0x00, 0xFC, 0x00, 0x00, 0x00,
    0x00, 0x18, 0x00, 0x00, 0xF0, 0x00, 0x07, 0xC0, 0x00, 0x1F, 0x00, 0x00, 0x38, 0x00, 0x00, 0x00, 0xFF, 0x80, 0x0F, 0xFE, 0x00, 0x3F, 0xF0, 0x01,
    0xE3, 0x80, 0x07, 0x8E, 0x00, 0x1E, 0x38, 0x00, 0x39, 0xE0, 0x00, 0xFF, 0x00, 0x03, 0xF8, 0x00, 0x0C, 0x00, 0x00, 0x7F, 0x80, 0x00, 0xFF, 0xC0,
    0x03, 0xFF, 0x80, 0x1C, 0x1E, 0x00, 0x70, 0x78, 0x01, 0xE3, 0xC0, 0x07, 0xFF, 0x00, 0x0F, 0xF0, 0x00, 0x00, 0x00, 0x00, 0x00, 0x00, 0x00, 0xFF,
    0xFF, 0xC3, 0x80, 0x07, 0x0E, 0x00, 0x1C, 0x3C, 0x00, 0xF0, 0xD8, 0x06, 0xC3, 0x30, 0x33, 0x0C, 0x40, 0x8C, 0x31, 0x86, 0x30, 0xC3, 0x30, 0xC3,
    0x07, 0x83, 0x0C, 0x0C, 0x0C, 0x30, 0x30, 0x30, 0xC1, 0xE0, 0xC3, 0x0C, 0xC3, 0x0C, 0x61, 0x8C, 0x31, 0x86, 0x30, 0xCC, 0x0C, 0xC3, 0x60, 0x1B,
    0x0F, 0x00, 0x3C, 0x38, 0x00, 0x70, 0xE0, 0x01, 0xC3, 0xFF, 0xFF, 0x00, 0x00, 0x00, 0x00, 0x00, 0x00, 0xFF, 0xFF, 0xC3, 0x80, 0x07, 0x0E, 0x00,
    0x1C, 0x3C, 0x00, 0xF0, 0xD8, 0x06, 0xC3, 0x30, 0x33, 0x0C, 0x40, 0x8C, 0x31, 0x86, 0x30, 0xC3, 0x30, 0xC3, 0x07, 0x83, 0x0C, 0x0C, 0x0C, 0x30,
    0x30, 0x30, 0xC1, 0xE0, 0xC3, 0x0C, 0xC3, 0x0C, 0x61, 0x8C, 0x31, 0x86, 0x30, 0xCC, 0x0C, 0xC3, 0x60, 0x1B, 0x0F, 0x00, 0x3C, 0x38, 0x00, 0x70,
    0xE0, 0x01, 0xC3, 0xFF, 0xFF, 0x00, 0x00, 0x00, 0x00, 0x00, 0x00, 0xFF, 0xFF, 0xC3, 0x80, 0x07, 0x0E, 0x00, 0x1C, 0x3C, 0x00, 0xF0, 0xD8, 0x06,
    0xC3, 0x30, 0x33, 0x0C, 0x40, 0x8C, 0x31, 0x86, 0x30, 0xC3, 0x30, 0xC3, 0x07, 0x83, 0x0C, 0x0C, 0x0C, 0x30, 0x30, 0x30, 0xC1, 0xE0, 0xC3, 0x0C,
    0xC3, 0x0C, 0x61, 0x8C, 0x31, 0x86, 0x30, 0xCC, 0x0C, 0xC3, 0x60, 0x1B, 0x0F, 0x00, 0x3C, 0x38, 0x00, 0x70, 0xE0, 0x01, 0xC3, 0xFF, 0xFF, 0x00,
    0x00, 0x00, 0x00, 0x00, 0x00, 0xFF, 0xFF, 0xC3, 0x80, 0x07, 0x0E, 0x00, 0x1C, 0x3C, 0x00, 0xF0, 0xD8, 0x06, 0xC3, 0x30, 0x33, 0x0C, 0x40, 0x8C,
    0x31, 0x86, 0x30, 0xC3, 0x30, 0xC3, 0x07, 0x83, 0x0C, 0x0C, 0x0C, 0x30, 0x30, 0x30, 0xC1, 0xE0, 0xC3, 0x0C, 0xC3, 0x0C, 0x61, 0x8C, 0x31, 0x86,
    0x30, 0xCC, 0x0C, 0xC3, 0x60, 0x1B, 0x0F, 0x00, 0x3C, 0x38, 0x00, 0x70, 0xE0, 0x01, 0xC3, 0xFF, 0xFF, 0x00, 0x00, 0x00, 0x00, 0x00, 0x00, 0xFF,
    0xFF, 0xC3, 0x80, 0x07, 0x0E, 0x00, 0x1C, 0x3C, 0x00, 0xF0, 0xD8, 0x06, 0xC3, 0x30, 0x33, 0x0C, 0x40, 0x8C, 0x31, 0x86, 0x30, 0xC3, 0x30, 0xC3,
    0x07, 0x83, 0x0C, 0x0C, 0x0C, 0x30, 0x30, 0x30, 0xC1, 0xE0, 0xC3, 0x0C, 0xC3, 0x0C, 0x61, 0x8C, 0x31, 0x86, 0x30, 0xCC, 0x0C, 0xC3, 0x60, 0x1B,
    0x0F, 0x00, 0x3C, 0x38, 0x00, 0x70, 0xE0, 0x01, 0xC3, 0xFF, 0xFF, 0x00, 0x00, 0x00, 0x00, 0x00, 0x00, 0xFF, 0xFF, 0xC3, 0x80, 0x07, 0x0E, 0x00,
    0x1C, 0x3C, 0x00, 0xF0, 0xD8, 0x06, 0xC3, 0x30, 0x33, 0x0C, 0x40, 0x8C, 0x31, 0x86, 0x30, 0xC3, 0x30, 0xC3, 0x07, 0x83, 0x0C, 0x0C, 0x0C, 0x30,
    0x30, 0x30, 0xC1, 0xE0, 0xC3, 0x0C, 0xC3, 0x0C, 0x61, 0x8C, 0x31, 0x86, 0x30, 0xCC, 0x0C, 0xC3, 0x60, 0x1B, 0x0F, 0x00, 0x3C, 0x38, 0x00, 0x70,
    0xE0, 0x01, 0xC3, 0xFF, 0xFF, 0x00, 0x00, 0x00, 0x3C, 0xCF, 0xFD, 0xFF, 0x33, 0xC0, 0x00, 0x1C, 0x03, 0x80, 0x70, 0x0E, 0x01, 0xC0, 0x38, 0x07,
    0x00, 0xE0, 0x1C, 0x03, 0x80, 0x70, 0x0E, 0x01, 0xC0, 0x38, 0x07, 0x00, 0xE0, 0x1C, 0x00, 0x38, 0xDF, 0x77, 0xFD, 0x9E, 0x00, 0x00, 0x01, 0xE0,
    0x78, 0x1E, 0x07, 0x81, 0xE0, 0x78, 0x1E, 0x07, 0x81, 0xE0, 0x78, 0x1E, 0x07, 0x81, 0xE0, 0xFF, 0xFF, 0x00, 0x00, 0x38, 0x38, 0x38, 0x38, 0x38,
    0x38, 0x38, 0x38, 0x38, 0x38, 0x38, 0x38, 0x38, 0x38, 0x38, 0x38, 0x38, 0x7F, 0x7F, 0x00, 0x00, 0x00, 0x3C, 0x3C, 0x3C, 0x3C, 0x3C, 0x3C, 0x3C,
    0x3C, 0x3C, 0x3C, 0x3C, 0x3C, 0x3C, 0x00, 0x00, 0x00, 0xFF, 0xFF, 0xC3, 0x80, 0x07, 0x0E, 0x00, 0x1C, 0x3C, 0x00, 0xF0, 0xD8, 0x06, 0xC3, 0x30,
    0x33, 0x0C, 0x40, 0x8C, 0x31, 0x86, 0x30, 0xC3, 0x30, 0xC3, 0x07, 0x83, 0x0C, 0x0C, 0x0C, 0x30, 0x30, 0x30, 0xC1, 0xE0, 0xC3, 0x0C, 0xC3, 0x0C,
    0x61, 0x8C, 0x31, 0x86, 0x30, 0xCC, 0x0C, 0xC3, 0x60, 0x1B, 0x0F, 0x00, 0x3C, 0x38, 0x00, 0x70, 0xE0, 0x01, 0xC3, 0xFF, 0xFF, 0x00, 0x00, 0x00,
    0x00, 0x00, 0x00, 0xFF, 0xFF, 0xC3, 0x80, 0x07, 0x0E, 0x00, 0x1C, 0x3C, 0x00, 0xF0, 0xD8, 0x06, 0xC3, 0x30, 0x33, 0x0C, 0x40, 0x8C, 0x31, 0x86,
    0x30, 0xC3, 0x30, 0xC3, 0x07, 0x83, 0x0C, 0x0C, 0x0C, 0x30, 0x30, 0x30, 0xC1, 0xE0, 0xC3, 0x0C, 0xC3, 0x0C, 0x61, 0x8C, 0x31, 0x86, 0x30, 0xCC,
    0x0C, 0xC3, 0x60, 0x1B, 0x0F, 0x00, 0x3C, 0x38, 0x00, 0x70, 0xE0, 0x01, 0xC3, 0xFF, 0xFF, 0x00, 0x00, 0x00, 0x00, 0x00, 0x00, 0xFF, 0xFF, 0xC3,
    0x80, 0x07, 0x0E, 0x00, 0x1C, 0x3C, 0x00, 0xF0, 0xD8, 0x06, 0xC3, 0x30, 0x33, 0x0C, 0x40, 0x8C, 0x31, 0x86, 0x30, 0xC3, 0x30, 0xC3, 0x07, 0x83,
    0x0C, 0x0C, 0x0C, 0x30, 0x30, 0x30, 0xC1, 0xE0, 0xC3, 0x0C, 0xC3, 0x0C, 0x61, 0x8C, 0x31, 0x86, 0x30, 0xCC, 0x0C, 0xC3, 0x60, 0x1B, 0x0F, 0x00,
    0x3C, 0x38, 0x00, 0x70, 0xE0, 0x01, 0xC3, 0xFF, 0xFF, 0x00, 0x00, 0x00, 0x00, 0x00, 0x00, 0xFF, 0xFF, 0xC3, 0x80, 0x07, 0x0E, 0x00, 0x1C, 0x3C,
    0x00, 0xF0, 0xD8, 0x06, 0xC3, 0x30, 0x33, 0x0C, 0x40, 0x8C, 0x31, 0x86, 0x30, 0xC3, 0x30, 0xC3, 0x07, 0x83, 0x0C, 0x0C, 0x0C, 0x30, 0x30, 0x30,
    0xC1, 0xE0, 0xC3, 0x0C, 0xC3, 0x0C, 0x61, 0x8C, 0x31, 0x86, 0x30, 0xCC, 0x0C, 0xC3, 0x60, 0x1B, 0x0F, 0x00, 0x3C, 0x38, 0x00, 0x70, 0xE0, 0x01,
    0xC3, 0xFF, 0xFF, 0x00, 0x00, 0x00, 0x00, 0x06, 0x00, 0x0F, 0x38, 0x1F, 0x38, 0x1F, 0x38, 0x0E, 0x38, 0x00, 0x38, 0x00, 0x38, 0x00, 0x38, 0x00,
    0x38, 0x00, 0x38, 0x00, 0x38, 0x00, 0x38, 0x00, 0x38, 0x00, 0x38, 0x00, 0x38, 0x00, 0x38, 0x00, 0x38, 0x00, 0x38, 0x00, 0x00, 0x00, 0x00, 0xFF,
    0xFF, 0xC3, 0x80, 0x07, 0x0E, 0x00, 0x1C, 0x3C, 0x00, 0xF0, 0xD8, 0x06, 0xC3, 0x30, 0x33, 0x0C, 0x40, 0x8C, 0x31, 0x86, 0x30, 0xC3, 0x30, 0xC3,
    0x07, 0x83, 0x0C, 0x0C, 0x0C, 0x30, 0x30, 0x30, 0xC1, 0xE0, 0xC3, 0x0C, 0xC3, 0x0C, 0x61, 0x8C, 0x31, 0x86, 0x30, 0xCC, 0x0C, 0xC3, 0x60, 0x1B,
    0x0F, 0x00, 0x3C, 0x38, 0x00, 0x70, 0xE0, 0x01, 0xC3, 0xFF, 0xFF, 0x00, 0x00, 0x00, 0x00, 0x00, 0x00, 0xFF, 0xFF, 0xC3, 0x80, 0x07, 0x0E, 0x00,
    0x1C, 0x3C, 0x00, 0xF0, 0xD8, 0x06, 0xC3, 0x30, 0x33, 0x0C, 0x40, 0x8C, 0x31, 0x86, 0x30, 0xC3, 0x30, 0xC3, 0x07, 0x83, 0x0C, 0x0C, 0x0C, 0x30,
    0x30, 0x30, 0xC1, 0xE0, 0xC3, 0x0C, 0xC3, 0x0C, 0x61, 0x8C, 0x31, 0x86, 0x30, 0xCC, 0x0C, 0xC3, 0x60, 0x1B, 0x0F, 0x00, 0x3C, 0x38, 0x00, 0x70,
    0xE0, 0x01, 0xC3, 0xFF, 0xFF, 0x00, 0x00, 0x00, 0x00, 0x00, 0x00, 0xFF, 0xFF, 0xC3, 0x80, 0x07, 0x0E, 0x00, 0x1C, 0x3C, 0x00, 0xF0, 0xD8, 0x06,
    0xC3, 0x30, 0x33, 0x0C, 0x40, 0x8C, 0x31, 0x86, 0x30, 0xC3, 0x30, 0xC3, 0x07, 0x83, 0x0C, 0x0C, 0x0C, 0x30, 0x30, 0x30, 0xC1, 0xE0, 0xC3, 0x0C,
    0xC3, 0x0C, 0x61, 0x8C, 0x31, 0x86, 0x30, 0xCC, 0x0C, 0xC3, 0x60, 0x1B, 0x0F, 0x00, 0x3C, 0x38, 0x00, 0x70, 0xE0, 0x01, 0xC3, 0xFF, 0xFF, 0x00,
    0x00, 0x00, 0x00, 0x00, 0x00, 0xFF, 0xFF, 0xC3, 0x80, 0x07, 0x0E, 0x00, 0x1C, 0x3C, 0x00, 0xF0, 0xD8, 0x06, 0xC3, 0x30, 0x33, 0x0C, 0x40, 0x8C,
    0x31, 0x86, 0x30, 0xC3, 0x30, 0xC3, 0x07, 0x83, 0x0C, 0x0C, 0x0C, 0x30, 0x30, 0x30, 0xC1, 0xE0, 0xC3, 0x0C, 0xC3, 0x0C, 0x61, 0x8C, 0x31, 0x86,
    0x30, 0xCC, 0x0C, 0xC3, 0x60, 0x1B, 0x0F, 0x00, 0x3C, 0x38, 0x00, 0x70, 0xE0, 0x01, 0xC3, 0xFF, 0xFF, 0x00, 0x00, 0x00, 0x00, 0x00, 0x00, 0xFF,
    0xFF, 0xC3, 0x80, 0x07, 0x0E, 0x00, 0x1C, 0x3C, 0x00, 0xF0, 0xD8, 0x06, 0xC3, 0x30, 0x33, 0x0C, 0x40, 0x8C, 0x31, 0x86, 0x30, 0xC3, 0x30, 0xC3,
    0x07, 0x83, 0x0C, 0x0C, 0x0C, 0x30, 0x30, 0x30, 0xC1, 0xE0, 0xC3, 0x0C, 0xC3, 0x0C, 0x61, 0x8C, 0x31, 0x86, 0x30, 0xCC, 0x0C, 0xC3, 0x60, 0x1B,
    0x0F, 0x00, 0x3C, 0x38, 0x00, 0x70, 0xE0, 0x01, 0xC3, 0xFF, 0xFF, 0x00, 0x00, 0x00, 0x00, 0x00, 0x00, 0xFF, 0xFF, 0xC3, 0x80, 0x07, 0x0E, 0x00,
    0x1C, 0x3C, 0x00, 0xF0, 0xD8, 0x06, 0xC3, 0x30, 0x33, 0x0C, 0x40, 0x8C, 0x31, 0x86, 0x30, 0xC3, 0x30, 0xC3, 0x07, 0x83, 0x0C, 0x0C, 0x0C, 0x30,
    0x30, 0x30, 0xC1, 0xE0, 0xC3, 0x0C, 0xC3, 0x0C, 0x61, 0x8C, 0x31, 0x86, 0x30, 0xCC, 0x0C, 0xC3, 0x60, 0x1B, 0x0F, 0x00, 0x3C, 0x38, 0x00, 0x70,
    0xE0, 0x01, 0xC3, 0xFF, 0xFF, 0x00, 0x00, 0x00, 0x00, 0x00, 0x00, 0xFF, 0xFF, 0xC3, 0x80, 0x07, 0x0E, 0x00, 0x1C, 0x3C, 0x00, 0xF0, 0xD8, 0x06,
    0xC3, 0x30, 0x33, 0x0C, 0x40, 0x8C, 0x31, 0x86, 0x30, 0xC3, 0x30, 0xC3, 0x07, 0x83, 0x0C, 0x0C, 0x0C, 0x30, 0x30, 0x30, 0xC1, 0xE0, 0xC3, 0x0C,
    0xC3, 0x0C, 0x61, 0x8C, 0x31, 0x86, 0x30, 0xCC, 0x0C, 0xC3, 0x60, 0x1B, 0x0F, 0x00, 0x3C, 0x38, 0x00, 0x70, 0xE0, 0x01, 0xC3, 0xFF, 0xFF, 0x00,
    0x00, 0x00, 0x00, 0x00, 0x00, 0xFF, 0xFF, 0xC3, 0x80, 0x07, 0x0E, 0x00, 0x1C, 0x3C, 0x00, 0xF0, 0xD8, 0x06, 0xC3, 0x30, 0x33, 0x0C, 0x40, 0x8C,
    0x31, 0x86, 0x30, 0xC3, 0x30, 0xC3, 0x07, 0x83, 0x0C, 0x0C, 0x0C, 0x30, 0x30, 0x30, 0xC1, 0xE0, 0xC3, 0x0C, 0xC3, 0x0C, 0x61, 0x8C, 0x31, 0x86,
    0x30, 0xCC, 0x0C, 0xC3, 0x60, 0x1B, 0x0F, 0x00, 0x3C, 0x38, 0x00, 0x70, 0xE0, 0x01, 0xC3, 0xFF, 0xFF, 0x00, 0x00, 0x00, 0x38, 0x00, 0x00, 0x1C,
    0x00, 0x01, 0x0E, 0x00, 0x01, 0xC7, 0x00, 0x03, 0xE3, 0x80, 0x03, 0xE1, 0xC0, 0x03, 0xE0, 0xE0, 0x03, 0xE0, 0x70, 0x03, 0xE0, 0x38, 0x00, 0xE0,
    0x1C, 0x00, 0x20, 0x0E, 0x00, 0x00, 0x07, 0x00, 0x00, 0x03, 0x80, 0x00, 0x01, 0xC0, 0x00, 0x00, 0xFF, 0xC0, 0x00, 0x7F, 0xE0, 0x00, 0x3F, 0xF0,
    0x00, 0x00, 0x38, 0x00, 0x0F, 0x00, 0x01, 0xE0, 0x02, 0x3C, 0x00, 0xE7, 0x80, 0x7C, 0xF0, 0x1F, 0x1E, 0x07, 0xC3, 0xC1, 0xF0, 0x78, 0x7C, 0x0F,
    0x07, 0x01, 0xE0, 0x40, 0x3C, 0x00, 0x07, 0x80, 0x00, 0xF0, 0x00, 0x0E, 0x00, 0x01, 0xE0, 0x00, 0x3C, 0x00, 0x03, 0xC0, 0x00, 0x00, 0x00, 0x00,
    0xFF, 0xFF, 0xC3, 0x80, 0x07, 0x0E, 0x00, 0x1C, 0x3C, 0x00, 0xF0, 0xD8, 0x06, 0xC3, 0x30, 0x33, 0x0C, 0x40, 0x8C, 0x31, 0x86, 0x30, 0xC3, 0x30,
    0xC3, 0x07, 0x83, 0x0C, 0x0C, 0x0C, 0x30, 0x30, 0x30, 0xC1, 0xE0, 0xC3, 0x0C, 0xC3, 0x0C, 0x61, 0x8C, 0x31, 0x86, 0x30, 0xCC, 0x0C, 0xC3, 0x60,
    0x1B, 0x0F, 0x00, 0x3C, 0x38, 0x00, 0x70, 0xE0, 0x01, 0xC3, 0xFF, 0xFF, 0x00, 0x00, 0x00, 0x00, 0x00, 0x00, 0xFF, 0xFF, 0xC3, 0x80, 0x07, 0x0E,
    0x00, 0x1C, 0x3C, 0x00, 0xF0, 0xD8, 0x06, 0xC3, 0x30, 0x33, 0x0C, 0x40, 0x8C, 0x31, 0x86, 0x30, 0xC3, 0x30, 0xC3, 0x07, 0x83, 0x0C, 0x0C, 0x0C,
    0x30, 0x30, 0x30, 0xC1, 0xE0, 0xC3, 0x0C, 0xC3, 0x0C, 0x61, 0x8C, 0x31, 0x86, 0x30, 0xCC, 0x0C, 0xC3, 0x60, 0x1B, 0x0F, 0x00, 0x3C, 0x38, 0x00,
    0x70, 0xE0, 0x01, 0xC3, 0xFF, 0xFF, 0x00, 0x00, 0x00, 0x38, 0x00, 0x00, 0x0E, 0x00, 0xC0, 0x03, 0x80, 0x38, 0x3C, 0xE0, 0x0F, 0x1E, 0x38, 0x01,
    0xE7, 0x0E, 0x00, 0x3B, 0xC3, 0x80, 0x0F, 0xE0, 0xE0, 0x01, 0xF0, 0x38, 0x00, 0x3C, 0x0E, 0x00, 0x0E, 0x03, 0x80, 0x01, 0x00, 0xE0, 0x00, 0x00,
    0x38, 0x00, 0x00, 0x0E, 0x00, 0x00, 0x03, 0xFF, 0x00, 0x00, 0xFF, 0xC0, 0x00, 0x3F, 0xF0, 0x00, 0x00, 0x38, 0x00, 0x07, 0x80, 0x00, 0x78, 0xC0,
    0x07, 0x8E, 0x0F, 0x78, 0xF1, 0xE7, 0x87, 0x9C, 0x78, 0x3B, 0xC7, 0x83, 0xF8, 0x78, 0x1F, 0x07, 0x80, 0xF0, 0x78, 0x0E, 0x07, 0x80, 0x40, 0x78,
    0x00, 0x07, 0x80, 0x00, 0x38, 0x00, 0x03, 0xC0, 0x00, 0x3C, 0x00, 0x01, 0xE0, 0x00, 0x00, 0x00, 0x00, 0xFF, 0xFF, 0xC3, 0x80, 0x07, 0x0E, 0x00,
    0x1C, 0x3C, 0x00, 0xF0, 0xD8, 0x06, 0xC3, 0x30, 0x33, 0x0C, 0x40, 0x8C, 0x31, 0x86, 0x30, 0xC3, 0x30, 0xC3, 0x07, 0x83, 0x0C, 0x0C, 0x0C, 0x30,
    0x30, 0x30, 0xC1, 0xE0, 0xC3, 0x0C, 0xC3, 0x0C, 0x61, 0x8C, 0x31, 0x86, 0x30, 0xCC, 0x0C, 0xC3, 0x60, 0x1B, 0x0F, 0x00, 0x3C, 0x38, 0x00, 0x70,
    0xE0, 0x01, 0xC3, 0xFF, 0xFF, 0x00, 0x00, 0x00, 0x00, 0x00, 0x00, 0xFF, 0xFF, 0xC3, 0x80, 0x07, 0x0E, 0x00, 0x1C, 0x3C, 0x00, 0xF0, 0xD8, 0x06,
    0xC3, 0x30, 0x33, 0x0C, 0x40, 0x8C, 0x31, 0x86, 0x30, 0xC3, 0x30, 0xC3, 0x07, 0x83, 0x0C, 0x0C, 0x0C, 0x30, 0x30, 0x30, 0xC1, 0xE0, 0xC3, 0x0C,
    0xC3, 0x0C, 0x61, 0x8C, 0x31, 0x86, 0x30, 0xCC, 0x0C, 0xC3, 0x60, 0x1B, 0x0F, 0x00, 0x3C, 0x38, 0x00, 0x70, 0xE0, 0x01, 0xC3, 0xFF, 0xFF, 0x00,
    0x00, 0x00, 0x00, 0x00, 0x00, 0xFF, 0xFF, 0xC3, 0x80, 0x07, 0x0E, 0x00, 0x1C, 0x3C, 0x00, 0xF0, 0xD8, 0x06, 0xC3, 0x30, 0x33, 0x0C, 0x40, 0x8C,
    0x31, 0x86, 0x30, 0xC3, 0x30, 0xC3, 0x07, 0x83, 0x0C, 0x0C, 0x0C, 0x30, 0x30, 0x30, 0xC1, 0xE0, 0xC3, 0x0C, 0xC3, 0x0C, 0x61, 0x8C, 0x31, 0x86,
    0x30, 0xCC, 0x0C, 0xC3, 0x60, 0x1B, 0x0F, 0x00, 0x3C, 0x38, 0x00, 0x70, 0xE0, 0x01, 0xC3, 0xFF, 0xFF, 0x00, 0x00, 0x00, 0x00, 0x00, 0x00, 0xFF,
    0xFF, 0xC3, 0x80, 0x07, 0x0E, 0x00, 0x1C, 0x3C, 0x00, 0xF0, 0xD8, 0x06, 0xC3, 0x30, 0x33, 0x0C, 0x40, 0x8C, 0x31, 0x86, 0x30, 0xC3, 0x30, 0xC3,
    0x07, 0x83, 0x0C, 0x0C, 0x0C, 0x30, 0x30, 0x30, 0xC1, 0xE0, 0xC3, 0x0C, 0xC3, 0x0C, 0x61, 0x8C, 0x31, 0x86, 0x30, 0xCC, 0x0C, 0xC3, 0x60, 0x1B,
    0x0F, 0x00, 0x3C, 0x38, 0x00, 0x70, 0xE0, 0x01, 0xC3, 0xFF, 0xFF, 0x00, 0x00, 0x00, 0x00, 0x20, 0x00, 0x70, 0x00, 0xF0, 0x01, 0xE0, 0x01, 0xC0,
    0x00, 0x00, 0x3C, 0x1E, 0x3C, 0x1E, 0x3E, 0x1E, 0x3E, 0x1E, 0x3F, 0x1E, 0x3F, 0x1E, 0x3B, 0x9E, 0x3B, 0x9E, 0x39, 0xDE, 0x39, 0xDE, 0x38, 0xFE,
    0x38, 0xFE, 0x38, 0x7E, 0x38, 0x7E, 0x38, 0x3E, 0x38, 0x3E, 0x38, 0x1E, 0x00, 0x60, 0x03, 0xC0, 0x0F, 0x00, 0x78, 0x03, 0xC0, 0x06, 0x00, 0x00,
    0x00, 0x00, 0x7B, 0xE1, 0xFF, 0xC7, 0xFF, 0x1F, 0x1E, 0x78, 0x79, 0xE1, 0xE7, 0x87, 0x9E, 0x1E, 0x78, 0x79, 0xE1, 0xE7, 0x87, 0x9E, 0x1E, 0x78,
    0x78, 0x00, 0x00, 0x00, 0xFF, 0xFF, 0xC3, 0x80, 0x07, 0x0E, 0x00, 0x1C, 0x3C, 0x00, 0xF0, 0xD8, 0x06, 0xC3, 0x30, 0x33, 0x0C, 0x40, 0x8C, 0x31,
    0x86, 0x30, 0xC3, 0x30, 0xC3, 0x07, 0x83, 0x0C, 0x0C, 0x0C, 0x30, 0x30, 0x30, 0xC1, 0xE0, 0xC3, 0x0C, 0xC3, 0x0C, 0x61, 0x8C, 0x31, 0x86, 0x30,
    0xCC, 0x0C, 0xC3, 0x60, 0x1B, 0x0F, 0x00, 0x3C, 0x38, 0x00, 0x70, 0xE0, 0x01, 0xC3, 0xFF, 0xFF, 0x00, 0x00, 0x00, 0x00, 0x00, 0x00, 0xFF, 0xFF,
    0xC3, 0x80, 0x07, 0x0E, 0x00, 0x1C, 0x3C, 0x00, 0xF0, 0xD8, 0x06, 0xC3, 0x30, 0x33, 0x0C, 0x40, 0x8C, 0x31, 0x86, 0x30, 0xC3, 0x30, 0xC3, 0x07,
    0x83, 0x0C, 0x0C, 0x0C, 0x30, 0x30, 0x30, 0xC1, 0xE0, 0xC3, 0x0C, 0xC3, 0x0C, 0x61, 0x8C, 0x31, 0x86, 0x30, 0xCC, 0x0C, 0xC3, 0x60, 0x1B, 0x0F,
    0x00, 0x3C, 0x38, 0x00, 0x70, 0xE0, 0x01, 0xC3, 0xFF, 0xFF, 0x00, 0x00, 0x00, 0x04, 0x10, 0x0E, 0x70, 0x07, 0xF0, 0x03, 0xE0, 0x00, 0x00, 0x3C,
    0x1E, 0x3C, 0x1E, 0x3E, 0x1E, 0x3E, 0x1E, 0x3F, 0x1E, 0x3F, 0x1E, 0x3B, 0x9E, 0x3B, 0x9E, 0x39, 0xDE, 0x39, 0xDE, 0x38, 0xFE, 0x38, 0xFE, 0x38,
    0x7E, 0x38, 0x7E, 0x38, 0x3E, 0x38, 0x3E, 0x38, 0x1E, 0x00, 0x00, 0x71, 0xC0, 0xEF, 0x01, 0xF8, 0x07, 0xC0, 0x00, 0x00, 0x00, 0x1E, 0xF8, 0x7F,
    0xF1, 0xFF, 0xC7, 0xC7, 0x9E, 0x1E, 0x78, 0x79, 0xE1, 0xE7, 0x87, 0x9E, 0x1E, 0x78, 0x79, 0xE1, 0xE7, 0x87, 0x9E, 0x1E, 0x00, 0x00, 0x00, 0xFF,
    0xFF, 0xC3, 0x80, 0x07, 0x0E, 0x00, 0x1C, 0x3C, 0x00, 0xF0, 0xD8, 0x06, 0xC3, 0x30, 0x33, 0x0C, 0x40, 0x8C, 0x31, 0x86, 0x30, 0xC3, 0x30, 0xC3,
    0x07, 0x83, 0x0C, 0x0C, 0x0C, 0x30, 0x30, 0x30, 0xC1, 0xE0, 0xC3, 0x0C, 0xC3, 0x0C, 0x61, 0x8C, 0x31, 0x86, 0x30, 0xCC, 0x0C, 0xC3, 0x60, 0x1B,
    0x0F, 0x00, 0x3C, 0x38, 0x00, 0x70, 0xE0, 0x01, 0xC3, 0xFF, 0xFF, 0x00, 0x00, 0x00, 0x00, 0x00, 0x00, 0xFF, 0xFF, 0xC3, 0x80, 0x07, 0x0E, 0x00,
    0x1C, 0x3C, 0x00, 0xF0, 0xD8, 0x06, 0xC3, 0x30, 0x33, 0x0C, 0x40, 0x8C, 0x31, 0x86, 0x30, 0xC3, 0x30, 0xC3, 0x07, 0x83, 0x0C, 0x0C, 0x0C, 0x30,
    0x30, 0x30, 0xC1, 0xE0, 0xC3, 0x0C, 0xC3, 0x0C, 0x61, 0x8C, 0x31, 0x86, 0x30, 0xCC, 0x0C, 0xC3, 0x60, 0x1B, 0x0F, 0x00, 0x3C, 0x38, 0x00, 0x70,
    0xE0, 0x01, 0xC3, 0xFF, 0xFF, 0x00, 0x00, 0x00, 0x00, 0x00, 0x00, 0xFF, 0xFF, 0xC3, 0x80, 0x07, 0x0E, 0x00, 0x1C, 0x3C, 0x00, 0xF0, 0xD8, 0x06,
    0xC3, 0x30, 0x33, 0x0C, 0x40, 0x8C, 0x31, 0x86, 0x30, 0xC3, 0x30, 0xC3, 0x07, 0x83, 0x0C, 0x0C, 0x0C, 0x30, 0x30, 0x30, 0xC1, 0xE0, 0xC3, 0x0C,
    0xC3, 0x0C, 0x61, 0x8C, 0x31, 0x86, 0x30, 0xCC, 0x0C, 0xC3, 0x60, 0x1B, 0x0F, 0x00, 0x3C, 0x38, 0x00, 0x70, 0xE0, 0x01, 0xC3, 0xFF, 0xFF, 0x00,
    0x00, 0x00, 0x07, 0xF0, 0x03, 0xF8, 0x00, 0x00, 0x00, 0x00, 0x00, 0x7F, 0x00, 0x7F, 0xC0, 0x7F, 0xF0, 0x7C, 0x7C, 0x3C, 0x1E, 0x3C, 0x07, 0x9E,
    0x03, 0xCF, 0x01, 0xE7, 0x80, 0xF3, 0xC0, 0x79, 0xE0, 0x3C, 0xF0, 0x1E, 0x3C, 0x1E, 0x1F, 0x1F, 0x07, 0xFF, 0x01, 0xFF, 0x00, 0x7F, 0x00, 0x00,
    0x00, 0x7F, 0x81, 0xFE, 0x00, 0x00, 0x00, 0x00, 0x3F, 0x01, 0xFE, 0x0F, 0xFC, 0x78, 0xF1, 0xE1, 0xE7, 0x87, 0x9E, 0x1E, 0x78, 0x79, 0xE1, 0xE7,
    0x8F, 0x0F, 0xFC, 0x1F, 0xE0, 0x3F, 0x00, 0x06, 0x30, 0x07, 0x18, 0x01, 0xFC, 0x00, 0x7C, 0x00, 0x00, 0x00, 0x3F, 0x80, 0x3F, 0xE0, 0x3F, 0xF8,
    0x3E, 0x3E, 0x1E, 0x0F, 0x1E, 0x03, 0xCF, 0x01, 0xE7, 0x80, 0xF3, 0xC0, 0x79, 0xE0, 0x3C, 0xF0, 0x1E, 0x78, 0x0F, 0x1E, 0x0F, 0x0F, 0x8F, 0x83,
    0xFF, 0x80, 0xFF, 0x80, 0x3F, 0x80, 0x00, 0x00, 0x61, 0x81, 0xCE, 0x07, 0xF0, 0x0F, 0x80, 0x00, 0x00, 0x00, 0x03, 0xF0, 0x1F, 0xE0, 0xFF, 0xC7,
    0x8F, 0x1E, 0x1E, 0x78, 0x79, 0xE1, 0xE7, 0x87, 0x9E, 0x1E, 0x78, 0xF0, 0xFF, 0xC1, 0xFE, 0x03, 0xF0, 0x00, 0x00, 0x00, 0xFF, 0xFF, 0xC3, 0x80,
    0x07, 0x0E, 0x00, 0x1C, 0x3C, 0x00, 0xF0, 0xD8, 0x06, 0xC3, 0x30, 0x33, 0x0C, 0x40, 0x8C, 0x31, 0x86, 0x30, 0xC3, 0x30, 0xC3, 0x07, 0x83, 0x0C,
    0x0C, 0x0C, 0x30, 0x30, 0x30, 0xC1, 0xE0, 0xC3, 0x0C, 0xC3, 0x0C, 0x61, 0x8C, 0x31, 0x86, 0x30, 0xCC, 0x0C, 0xC3, 0x60, 0x1B, 0x0F, 0x00, 0x3C,
    0x38, 0x00, 0x70, 0xE0, 0x01, 0xC3, 0xFF, 0xFF, 0x00, 0x00, 0x00, 0x00, 0x00, 0x00, 0xFF, 0xFF, 0xC3, 0x80, 0x07, 0x0E, 0x00, 0x1C, 0x3C, 0x00,
    0xF0, 0xD8, 0x06, 0xC3, 0x30, 0x33, 0x0C, 0x40, 0x8C, 0x31, 0x86, 0x30, 0xC3, 0x30, 0xC3, 0x07, 0x83, 0x0C, 0x0C, 0x0C, 0x30, 0x30, 0x30, 0xC1,
    0xE0, 0xC3, 0x0C, 0xC3, 0x0C, 0x61, 0x8C, 0x31, 0x86, 0x30, 0xCC, 0x0C, 0xC3, 0x60, 0x1B, 0x0F, 0x00, 0x3C, 0x38, 0x00, 0x70, 0xE0, 0x01, 0xC3,
    0xFF, 0xFF, 0x00, 0x00, 0x00, 0x03, 0xFF, 0xF0, 0x3F, 0xFF, 0xC1, 0xFF, 0xFF, 0x0F, 0x8F, 0x00, 0x3C, 0x3C, 0x01, 0xE0, 0xF0, 0x07, 0x83, 0xC0,
    0x1E, 0x0F, 0xF8, 0x78, 0x3F, 0xE1, 0xE0, 0xFF, 0x87, 0x83, 0xC0, 0x1E, 0x0F, 0x00, 0x3C, 0x3C, 0x00, 0xF8, 0xF0, 0x01, 0xFF, 0xFF, 0x03, 0xFF,
    0xFE, 0x03, 0xFF, 0xF8, 0x0F, 0x87, 0x80, 0xFE, 0xFF, 0x0F, 0xFF, 0xF8, 0xF1, 0xF1, 0xE7, 0x87, 0x87, 0x3C, 0x3F, 0xF9, 0xE1, 0xFF, 0xCF, 0x0F,
    0x00, 0x78, 0x78, 0x03, 0xC7, 0xE0, 0x0F, 0xFF, 0xF8, 0x3F, 0xBF, 0xC0, 0xF8, 0x7C, 0x00, 0x3F, 0xE0, 0x00, 0x07, 0xFF, 0x00, 0x10, 0xFF, 0xE0,
    0x07, 0x1C, 0x1E, 0x03, 0xE3, 0x83, 0xC0, 0xF8, 0x70, 0x78, 0x3E, 0x0E, 0x0F, 0x0F, 0x81, 0xC3, 0xE3, 0xE0, 0x3F, 0xF8, 0x38, 0x07, 0xFE, 0x02,
    0x00, 0xFF, 0x80, 0x00, 0x1C, 0x78, 0x00, 0x03, 0x8F, 0x00, 0x00, 0x70, 0xF0, 0x00, 0x0E, 0x1E, 0x00, 0x01, 0xC1, 0xE0, 0x00, 0x38, 0x3C, 0x00,
    0x00, 0x00, 0x00, 0x10, 0x00, 0x00, 0xE0, 0x00, 0x0F, 0x9E, 0xF0, 0x7C, 0x7F, 0xC3, 0xE1, 0xFE, 0x1F, 0x07, 0xE0, 0xF8, 0x1F, 0x01, 0xC0, 0x78,
    0x02, 0x01, 0xE0, 0x00, 0x07, 0x80, 0x00, 0x1E, 0x00, 0x00, 0x78, 0x00, 0x01, 0xE0, 0x00, 0x07, 0x80, 0x00, 0x1E, 0x00, 0x00, 0x00, 0x00, 0x00,
    0xFF, 0xFF, 0xC3, 0x80, 0x07, 0x0E, 0x00, 0x1C, 0x3C, 0x00, 0xF0, 0xD8, 0x06, 0xC3, 0x30, 0x33, 0x0C, 0x40, 0x8C, 0x31, 0x86, 0x30, 0xC3, 0x30,
    0xC3, 0x07, 0x83, 0x0C, 0x0C, 0x0C, 0x30, 0x30, 0x30, 0xC1, 0xE0, 0xC3, 0x0C, 0xC3, 0x0C, 0x61, 0x8C, 0x31, 0x86, 0x30, 0xCC, 0x0C, 0xC3, 0x60,
    0x1B, 0x0F, 0x00, 0x3C, 0x38, 0x00, 0x70, 0xE0, 0x01, 0xC3, 0xFF, 0xFF, 0x00, 0x00, 0x00, 0x00, 0x00, 0x00, 0xFF, 0xFF, 0xC3, 0x80, 0x07, 0x0E,
    0x00, 0x1C, 0x3C, 0x00, 0xF0, 0xD8, 0x06, 0xC3, 0x30, 0x33, 0x0C, 0x40, 0x8C, 0x31, 0x86, 0x30, 0xC3, 0x30, 0xC3, 0x07, 0x83, 0x0C, 0x0C, 0x0C,
    0x30, 0x30, 0x30, 0xC1, 0xE0, 0xC3, 0x0C, 0xC3, 0x0C, 0x61, 0x8C, 0x31, 0x86, 0x30, 0xCC, 0x0C, 0xC3, 0x60, 0x1B, 0x0F, 0x00, 0x3C, 0x38, 0x00,
    0x70, 0xE0, 0x01, 0xC3, 0xFF, 0xFF, 0x00, 0x00, 0x00, 0x3F, 0xE0, 0x00, 0x03, 0xFF, 0x8C, 0x00, 0x3F, 0xF8, 0xE0, 0xF3, 0x83, 0xCF, 0x1E, 0x38,
    0x3C, 0x79, 0xC3, 0x83, 0xC3, 0xBC, 0x38, 0x3C, 0x3F, 0x83, 0x87, 0xC1, 0xF0, 0x3F, 0xF8, 0x0F, 0x03, 0xFF, 0x00, 0xE0, 0x3F, 0xE0, 0x04, 0x03,
    0x8F, 0x00, 0x00, 0x38, 0xF0, 0x00, 0x03, 0x87, 0x80, 0x00, 0x38, 0x78, 0x00, 0x03, 0x83, 0xC0, 0x00, 0x38, 0x3C, 0x00, 0x00, 0x00, 0x18, 0x00,
    0x00, 0x38, 0x3C, 0x00, 0x78, 0xF3, 0xDE, 0x79, 0xC7, 0xFC, 0x77, 0x8F, 0xF0, 0xFE, 0x1F, 0x80, 0xF8, 0x3E, 0x00, 0xF0, 0x78, 0x01, 0xC0, 0xF0,
    0x01, 0x01, 0xE0, 0x00, 0x03, 0xC0, 0x00, 0x07, 0x80, 0x00, 0x0F, 0x00, 0x00, 0x1E, 0x00, 0x00, 0x3C, 0x00, 0x00, 0x0F, 0xC0, 0x00, 0x07, 0xFC,
    0x00, 0x43, 0xFF, 0x00, 0x38, 0xF1, 0x80, 0x3E, 0x78, 0x00, 0x1F, 0x1F, 0x00, 0x0F, 0x83, 0xF0, 0x07, 0xC0, 0xFF, 0x03, 0xE0, 0x1F, 0xE0, 0x70,
    0x01, 0xFC, 0x08, 0x00, 0x1F, 0x80, 0x00, 0x01, 0xE0, 0x00, 0x20, 0x78, 0x00, 0x0E, 0x1E, 0x00, 0x07, 0xFF, 0x00, 0x00, 0xFF, 0xC0, 0x00, 0x1F,
    0xC0, 0x00, 0x00, 0x00, 0x00, 0x08, 0x00, 0x00, 0x38, 0x00, 0x01, 0xF0, 0xFC, 0x07, 0xC3, 0xFC, 0x1F, 0x0F, 0xF8, 0x7C, 0x1E, 0x21, 0xF0, 0x3C,
    0x01, 0xC0, 0x3E, 0x01, 0x00, 0x3F, 0x00, 0x00, 0x3F, 0x00, 0x00, 0x1E, 0x00, 0x02, 0x1C, 0x00, 0x0F, 0xF8, 0x00, 0x1F, 0xE0, 0x00, 0x1F, 0x80,
    0x00, 0x00, 0x00, 0x00, 0xFF, 0xFF, 0xC3, 0x80, 0x07, 0x0E, 0x00, 0x1C, 0x3C, 0x00, 0xF0, 0xD8, 0x06, 0xC3, 0x30, 0x33, 0x0C, 0x40, 0x8C, 0x31,
    0x86, 0x30, 0xC3, 0x30, 0xC3, 0x07, 0x83, 0x0C, 0x0C, 0x0C, 0x30, 0x30, 0x30, 0xC1, 0xE0, 0xC3, 0x0C, 0xC3, 0x0C, 0x61, 0x8C, 0x31, 0x86, 0x30,
    0xCC, 0x0C, 0xC3, 0x60, 0x1B, 0x0F, 0x00, 0x3C, 0x38, 0x00, 0x70, 0xE0, 0x01, 0xC3, 0xFF, 0xFF, 0x00, 0x00, 0x00, 0x00, 0x00, 0x00, 0xFF, 0xFF,
    0xC3, 0x80, 0x07, 0x0E, 0x00, 0x1C, 0x3C, 0x00, 0xF0, 0xD8, 0x06, 0xC3, 0x30, 0x33, 0x0C, 0x40, 0x8C, 0x31, 0x86, 0x30, 0xC3, 0x30, 0xC3, 0x07,
    0x83, 0x0C, 0x0C, 0x0C, 0x30, 0x30, 0x30, 0xC1, 0xE0, 0xC3, 0x0C, 0xC3, 0x0C, 0x61, 0x8C, 0x31, 0x86, 0x30, 0xCC, 0x0C, 0xC3, 0x60, 0x1B, 0x0F,
    0x00, 0x3C, 0x38, 0x00, 0x70, 0xE0, 0x01, 0xC3, 0xFF, 0xFF, 0x00, 0x00, 0x00, 0x00, 0x00, 0x00, 0xFF, 0xFF, 0xC3, 0x80, 0x07, 0x0E, 0x00, 0x1C,
    0x3C, 0x00, 0xF0, 0xD8, 0x06, 0xC3, 0x30, 0x33, 0x0C, 0x40, 0x8C, 0x31, 0x86, 0x30, 0xC3, 0x30, 0xC3, 0x07, 0x83, 0x0C, 0x0C, 0x0C, 0x30, 0x30,
    0x30, 0xC1, 0xE0, 0xC3, 0x0C, 0xC3, 0x0C, 0x61, 0x8C, 0x31, 0x86, 0x30, 0xCC, 0x0C, 0xC3, 0x60, 0x1B, 0x0F, 0x00, 0x3C, 0x38, 0x00, 0x70, 0xE0,
    0x01, 0xC3, 0xFF, 0xFF, 0x00, 0x00, 0x00, 0x00, 0x00, 0x00, 0xFF, 0xFF, 0xC3, 0x80, 0x07, 0x0E, 0x00, 0x1C, 0x3C, 0x00, 0xF0, 0xD8, 0x06, 0xC3,
    0x30, 0x33, 0x0C, 0x40, 0x8C, 0x31, 0x86, 0x30, 0xC3, 0x30, 0xC3, 0x07, 0x83, 0x0C, 0x0C, 0x0C, 0x30, 0x30, 0x30, 0xC1, 0xE0, 0xC3, 0x0C, 0xC3,
    0x0C, 0x61, 0x8C, 0x31, 0x86, 0x30, 0xCC, 0x0C, 0xC3, 0x60, 0x1B, 0x0F, 0x00, 0x3C, 0x38, 0x00, 0x70, 0xE0, 0x01, 0xC3, 0xFF, 0xFF, 0x00, 0x00,
    0x00, 0x0F, 0xC0, 0x00, 0x03, 0xFE, 0x30, 0x00, 0xFF, 0xC7, 0x07, 0x9E, 0x30, 0xF1, 0xE7, 0x80, 0x0F, 0x38, 0xF8, 0x00, 0xEF, 0x0F, 0xC0, 0x1F,
    0xC1, 0xFE, 0x01, 0xF0, 0x1F, 0xE0, 0x1E, 0x00, 0xFE, 0x03, 0x80, 0x07, 0xE0, 0x20, 0x00, 0x3C, 0x00, 0x02, 0x07, 0x80, 0x00, 0x70, 0xF0, 0x00,
    0x1F, 0xFC, 0x00, 0x01, 0xFF, 0x80, 0x00, 0x1F, 0xC0, 0x00, 0x00, 0x00, 0x0C, 0x00, 0x00, 0x0E, 0x0F, 0x00, 0x0F, 0x1E, 0x1F, 0x87, 0x9C, 0x3F,
    0xC3, 0xBC, 0x7F, 0xC3, 0xF8, 0x78, 0x81, 0xF0, 0x78, 0x00, 0xF0, 0x3E, 0x00, 0xE0, 0x1F, 0x80, 0x40, 0x0F, 0xC0, 0x00, 0x03, 0xC0, 0x00, 0x21,
    0xC0, 0x00, 0x7F, 0xC0, 0x00, 0x7F, 0x80, 0x00, 0x3F, 0x00, 0x00, 0x00, 0x00, 0x00, 0xFF, 0xFF, 0xC3, 0x80, 0x07, 0x0E, 0x00, 0x1C, 0x3C, 0x00,
    0xF0, 0xD8, 0x06, 0xC3, 0x30, 0x33, 0x0C, 0x40, 0x8C, 0x31, 0x86, 0x30, 0xC3, 0x30, 0xC3, 0x07, 0x83, 0x0C, 0x0C, 0x0C, 0x30, 0x30, 0x30, 0xC1,
    0xE0, 0xC3, 0x0C, 0xC3, 0x0C, 0x61, 0x8C, 0x31, 0x86, 0x30, 0xCC, 0x0C, 0xC3, 0x60, 0x1B, 0x0F, 0x00, 0x3C, 0x38, 0x00, 0x70, 0xE0, 0x01, 0xC3,
    0xFF, 0xFF, 0x00, 0x00, 0x00, 0x00, 0x00, 0x00, 0xFF, 0xFF, 0xC3, 0x80, 0x07, 0x0E, 0x00, 0x1C, 0x3C, 0x00, 0xF0, 0xD8, 0x06, 0xC3, 0x30, 0x33,
    0x0C, 0x40, 0x8C, 0x31, 0x86, 0x30, 0xC3, 0x30, 0xC3, 0x07, 0x83, 0x0C, 0x0C, 0x0C, 0x30, 0x30, 0x30, 0xC1, 0xE0, 0xC3, 0x0C, 0xC3, 0x0C, 0x61,
    0x8C, 0x31, 0x86, 0x30, 0xCC, 0x0C, 0xC3, 0x60, 0x1B, 0x0F, 0x00, 0x3C, 0x38, 0x00, 0x70, 0xE0, 0x01, 0xC3, 0xFF, 0xFF, 0x00, 0x00, 0x00, 0xFF,
    0xF8, 0x00, 0x1F, 0xFF, 0x30, 0x01, 0xFF, 0xE7, 0x07, 0x83, 0xC0, 0xF1, 0xE0, 0x78, 0x0F, 0x38, 0x0F, 0x00, 0xEF, 0x01, 0xE0, 0x1F, 0xC0, 0x3C,
    0x01, 0xF0, 0x07, 0x80, 0x1E, 0x00, 0xF0, 0x03, 0x80, 0x1E, 0x00, 0x20, 0x03, 0xC0, 0x00, 0x00, 0x78, 0x00, 0x00, 0x0F, 0x00, 0x00, 0x01, 0xE0,
    0x00, 0x00, 0x3C, 0x00, 0x00, 0x07, 0x80, 0x00, 0x00, 0x18, 0x00, 0x00, 0xF0, 0xC0, 0x03, 0xC3, 0x83, 0xCF, 0x0F, 0x1E, 0xFF, 0x9E, 0x73, 0xFE,
    0x3B, 0xCF, 0xF8, 0xFE, 0x0F, 0x01, 0xF0, 0x3C, 0x03, 0xC0, 0xF0, 0x0E, 0x03, 0xC0, 0x10, 0x0F, 0x00, 0x00, 0x3C, 0x00, 0x00, 0xF0, 0x00, 0x03,
    0xF8, 0x00, 0x07, 0xE0, 0x00, 0x0F, 0x80, 0x00, 0x00, 0x00, 0x00, 0xFF, 0xFF, 0xC3, 0x80, 0x07, 0x0E, 0x00, 0x1C, 0x3C, 0x00, 0xF0, 0xD8, 0x06,
    0xC3, 0x30, 0x33, 0x0C, 0x40, 0x8C, 0x31, 0x86, 0x30, 0xC3, 0x30, 0xC3, 0x07, 0x83, 0x0C, 0x0C, 0x0C, 0x30, 0x30, 0x30, 0xC1, 0xE0, 0xC3, 0x0C,
    0xC3, 0x0C, 0x61, 0x8C, 0x31, 0x86, 0x30, 0xCC, 0x0C, 0xC3, 0x60, 0x1B, 0x0F, 0x00, 0x3C, 0x38, 0x00, 0x70, 0xE0, 0x01, 0xC3, 0xFF, 0xFF, 0x00,
    0x00, 0x00, 0x00, 0x00, 0x00, 0xFF, 0xFF, 0xC3, 0x80, 0x07, 0x0E, 0x00, 0x1C, 0x3C, 0x00, 0xF0, 0xD8, 0x06, 0xC3, 0x30, 0x33, 0x0C, 0x40, 0x8C,
    0x31, 0x86, 0x30, 0xC3, 0x30, 0xC3, 0x07, 0x83, 0x0C, 0x0C, 0x0C, 0x30, 0x30, 0x30, 0xC1, 0xE0, 0xC3, 0x0C, 0xC3, 0x0C, 0x61, 0x8C, 0x31, 0x86,
    0x30, 0xCC, 0x0C, 0xC3, 0x60, 0x1B, 0x0F, 0x00, 0x3C, 0x38, 0x00, 0x70, 0xE0, 0x01, 0xC3, 0xFF, 0xFF, 0x00, 0x00, 0x00, 0x0F, 0x18, 0x0F, 0xF8,
    0x1F, 0xF8, 0x1C, 0xF0, 0x00, 0x00, 0x38, 0x1E, 0x38, 0x1E, 0x38, 0x1E, 0x38, 0x1E, 0x38, 0x1E, 0x38, 0x1E, 0x38, 0x1E, 0x38, 0x1E, 0x38, 0x1E,
    0x38, 0x1E, 0x38, 0x1E, 0x3C, 0x1E, 0x3C, 0x1C, 0x3E, 0x3C, 0x1F, 0xFC, 0x0F, 0xF8, 0x07, 0xE0, 0x0E, 0x20, 0x7D, 0xC3, 0xFE, 0x0E, 0x78, 0x00,
    0x00, 0x00, 0x07, 0x87, 0x9E, 0x1E, 0x78, 0x79, 0xE1, 0xE7, 0x87, 0x9E, 0x1E, 0x78, 0x79, 0xE1, 0xE7, 0x87, 0x8E, 0x3E, 0x3F, 0xF8, 0xFF, 0xE1,
    0xF7, 0x80, 0x0F, 0xF0, 0x0F, 0xF0, 0x00, 0x00, 0x00, 0x00, 0x38, 0x1E, 0x38, 0x1E, 0x38, 0x1E, 0x38, 0x1E, 0x38, 0x1E, 0x38, 0x1E, 0x38, 0x1E,
    0x38, 0x1E, 0x38, 0x1E, 0x38, 0x1E, 0x38, 0x1E, 0x3C, 0x1E, 0x3C, 0x1C, 0x3E, 0x3C, 0x1F, 0xFC, 0x0F, 0xF8, 0x07, 0xE0, 0x1F, 0xE0, 0x7F, 0x80,
    0x00, 0x00, 0x00, 0x00, 0x01, 0xE1, 0xE7, 0x87, 0x9E, 0x1E, 0x78, 0x79, 0xE1, 0xE7, 0x87, 0x9E, 0x1E, 0x78, 0x79, 0xE1, 0xE3, 0x8F, 0x8F, 0xFE,
    0x3F, 0xF8, 0x7D, 0xE0, 0x0C, 0x30, 0x0E, 0x70, 0x07, 0xF0, 0x03, 0xE0, 0x00, 0x00, 0x38, 0x1E, 0x38, 0x1E, 0x38, 0x1E, 0x38, 0x1E, 0x38, 0x1E,
    0x38, 0x1E, 0x38, 0x1E, 0x38, 0x1E, 0x38, 0x1E, 0x38, 0x1E, 0x38, 0x1E, 0x3C, 0x1E, 0x3C, 0x1C, 0x3E, 0x3C, 0x1F, 0xFC, 0x0F, 0xF8, 0x07, 0xE0,
    0x00, 0x00, 0x61, 0x81, 0xCE, 0x07, 0xF8, 0x0F, 0xC0, 0x00, 0x00, 0x00, 0x1E, 0x1E, 0x78, 0x79, 0xE1, 0xE7, 0x87, 0x9E, 0x1E, 0x78, 0x79, 0xE1,
    0xE7, 0x87, 0x9E, 0x1E, 0x38, 0xF8, 0xFF, 0xE3, 0xFF, 0x87, 0xDE, 0x00, 0x00, 0x00, 0xFF, 0xFF, 0xC3, 0x80, 0x07, 0x0E, 0x00, 0x1C, 0x3C, 0x00,
    0xF0, 0xD8, 0x06, 0xC3, 0x30, 0x33, 0x0C, 0x40, 0x8C, 0x31, 0x86, 0x30, 0xC3, 0x30, 0xC3, 0x07, 0x83, 0x0C, 0x0C, 0x0C, 0x30, 0x30, 0x30, 0xC1,
    0xE0, 0xC3, 0x0C, 0xC3, 0x0C, 0x61, 0x8C, 0x31, 0x86, 0x30, 0xCC, 0x0C, 0xC3, 0x60, 0x1B, 0x0F, 0x00, 0x3C, 0x38, 0x00, 0x70, 0xE0, 0x01, 0xC3,
    0xFF, 0xFF, 0x00, 0x00, 0x00, 0x00, 0x00, 0x00, 0xFF, 0xFF, 0xC3, 0x80, 0x07, 0x0E, 0x00, 0x1C, 0x3C, 0x00, 0xF0, 0xD8, 0x06, 0xC3, 0x30, 0x33,
    0x0C, 0x40, 0x8C, 0x31, 0x86, 0x30, 0xC3, 0x30, 0xC3, 0x07, 0x83, 0x0C, 0x0C, 0x0C, 0x30, 0x30, 0x30, 0xC1, 0xE0, 0xC3, 0x0C, 0xC3, 0x0C, 0x61,
    0x8C, 0x31, 0x86, 0x30, 0xCC, 0x0C, 0xC3, 0x60, 0x1B, 0x0F, 0x00, 0x3C, 0x38, 0x00, 0x70, 0xE0, 0x01, 0xC3, 0xFF, 0xFF, 0x00, 0x00, 0x00, 0x00,
    0x00, 0x00, 0xFF, 0xFF, 0xC3, 0x80, 0x07, 0x0E, 0x00, 0x1C, 0x3C, 0x00, 0xF0, 0xD8, 0x06, 0xC3, 0x30, 0x33, 0x0C, 0x40, 0x8C, 0x31, 0x86, 0x30,
    0xC3, 0x30, 0xC3, 0x07, 0x83, 0x0C, 0x0C, 0x0C, 0x30, 0x30, 0x30, 0xC1, 0xE0, 0xC3, 0x0C, 0xC3, 0x0C, 0x61, 0x8C, 0x31, 0x86, 0x30, 0xCC, 0x0C,
    0xC3, 0x60, 0x1B, 0x0F, 0x00, 0x3C, 0x38, 0x00, 0x70, 0xE0, 0x01, 0xC3, 0xFF, 0xFF, 0x00, 0x00, 0x00, 0x00, 0x00, 0x00, 0xFF, 0xFF, 0xC3, 0x80,
    0x07, 0x0E, 0x00, 0x1C, 0x3C, 0x00, 0xF0, 0xD8, 0x06, 0xC3, 0x30, 0x33, 0x0C, 0x40, 0x8C, 0x31, 0x86, 0x30, 0xC3, 0x30, 0xC3, 0x07, 0x83, 0x0C,
    0x0C, 0x0C, 0x30, 0x30, 0x30, 0xC1, 0xE0, 0xC3, 0x0C, 0xC3, 0x0C, 0x61, 0x8C, 0x31, 0x86, 0x30, 0xCC, 0x0C, 0xC3, 0x60, 0x1B, 0x0F, 0x00, 0x3C,
    0x38, 0x00, 0x70, 0xE0, 0x01, 0xC3, 0xFF, 0xFF, 0x00, 0x00, 0x00, 0x00, 0x00, 0x00, 0xFF, 0xFF, 0xC3, 0x80, 0x07, 0x0E, 0x00, 0x1C, 0x3C, 0x00,
    0xF0, 0xD8, 0x06, 0xC3, 0x30, 0x33, 0x0C, 0x40, 0x8C, 0x31, 0x86, 0x30, 0xC3, 0x30, 0xC3, 0x07, 0x83, 0x0C, 0x0C, 0x0C, 0x30, 0x30, 0x30, 0xC1,
    0xE0, 0xC3, 0x0C, 0xC3, 0x0C, 0x61, 0x8C, 0x31, 0x86, 0x30, 0xCC, 0x0C, 0xC3, 0x60, 0x1B, 0x0F, 0x00, 0x3C, 0x38, 0x00, 0x70, 0xE0, 0x01, 0xC3,
    0xFF, 0xFF, 0x00, 0x00, 0x00, 0x00, 0x00, 0x00, 0xFF, 0xFF, 0xC3, 0x80, 0x07, 0x0E, 0x00, 0x1C, 0x3C, 0x00, 0xF0, 0xD8, 0x06, 0xC3, 0x30, 0x33,
    0x0C, 0x40, 0x8C, 0x31, 0x86, 0x30, 0xC3, 0x30, 0xC3, 0x07, 0x83, 0x0C, 0x0C, 0x0C, 0x30, 0x30, 0x30, 0xC1, 0xE0, 0xC3, 0x0C, 0xC3, 0x0C, 0x61,
    0x8C, 0x31, 0x86, 0x30, 0xCC, 0x0C, 0xC3, 0x60, 0x1B, 0x0F, 0x00, 0x3C, 0x38, 0x00, 0x70, 0xE0, 0x01, 0xC3, 0xFF, 0xFF, 0x00, 0x00, 0x00, 0x00,
    0x00, 0x00, 0xFF, 0xFF, 0xC3, 0x80, 0x07, 0x0E, 0x00, 0x1C, 0x3C, 0x00, 0xF0, 0xD8, 0x06, 0xC3, 0x30, 0x33, 0x0C, 0x40, 0x8C, 0x31, 0x86, 0x30,
    0xC3, 0x30, 0xC3, 0x07, 0x83, 0x0C, 0x0C, 0x0C, 0x30, 0x30, 0x30, 0xC1, 0xE0, 0xC3, 0x0C, 0xC3, 0x0C, 0x61, 0x8C, 0x31, 0x86, 0x30, 0xCC, 0x0C,
    0xC3, 0x60, 0x1B, 0x0F, 0x00, 0x3C, 0x38, 0x00, 0x70, 0xE0, 0x01, 0xC3, 0xFF, 0xFF, 0x00, 0x00, 0x00, 0x00, 0x00, 0x00, 0xFF, 0xFF, 0xC3, 0x80,
    0x07, 0x0E, 0x00, 0x1C, 0x3C, 0x00, 0xF0, 0xD8, 0x06, 0xC3, 0x30, 0x33, 0x0C, 0x40, 0x8C, 0x31, 0x86, 0x30, 0xC3, 0x30, 0xC3, 0x07, 0x83, 0x0C,
    0x0C, 0x0C, 0x30, 0x30, 0x30, 0xC1, 0xE0, 0xC3, 0x0C, 0xC3, 0x0C, 0x61, 0x8C, 0x31, 0x86, 0x30, 0xCC, 0x0C, 0xC3, 0x60, 0x1B, 0x0F, 0x00, 0x3C,
    0x38, 0x00, 0x70, 0xE0, 0x01, 0xC3, 0xFF, 0xFF, 0x00, 0x00, 0x00, 0x00, 0x00, 0x00, 0xFF, 0xFF, 0xC3, 0x80, 0x07, 0x0E, 0x00, 0x1C, 0x3C, 0x00,
    0xF0, 0xD8, 0x06, 0xC3, 0x30, 0x33, 0x0C, 0x40, 0x8C, 0x31, 0x86, 0x30, 0xC3, 0x30, 0xC3, 0x07, 0x83, 0x0C, 0x0C, 0x0C, 0x30, 0x30, 0x30, 0xC1,
    0xE0, 0xC3, 0x0C, 0xC3, 0x0C, 0x61, 0x8C, 0x31, 0x86, 0x30, 0xCC, 0x0C, 0xC3, 0x60, 0x1B, 0x0F, 0x00, 0x3C, 0x38, 0x00, 0x70, 0xE0, 0x01, 0xC3,
    0xFF, 0xFF, 0x00, 0x00, 0x00, 0x00, 0x00, 0x00, 0xFF, 0xFF, 0xC3, 0x80, 0x07, 0x0E, 0x00, 0x1C, 0x3C, 0x00, 0xF0, 0xD8, 0x06, 0xC3, 0x30, 0x33,
    0x0C, 0x40, 0x8C, 0x31, 0x86, 0x30, 0xC3, 0x30, 0xC3, 0x07, 0x83, 0x0C, 0x0C, 0x0C, 0x30, 0x30, 0x30, 0xC1, 0xE0, 0xC3, 0x0C, 0xC3, 0x0C, 0x61,
    0x8C, 0x31, 0x86, 0x30, 0xCC, 0x0C, 0xC3, 0x60, 0x1B, 0x0F, 0x00, 0x3C, 0x38, 0x00, 0x70, 0xE0, 0x01, 0xC3, 0xFF, 0xFF, 0x00, 0x00, 0x00, 0x00,
    0x00, 0x00, 0xFF, 0xFF, 0xC3, 0x80, 0x07, 0x0E, 0x00, 0x1C, 0x3C, 0x00, 0xF0, 0xD8, 0x06, 0xC3, 0x30, 0x33, 0x0C, 0x40, 0x8C, 0x31, 0x86, 0x30,
    0xC3, 0x30, 0xC3, 0x07, 0x83, 0x0C, 0x0C, 0x0C, 0x30, 0x30, 0x30, 0xC1, 0xE0, 0xC3, 0x0C, 0xC3, 0x0C, 0x61, 0x8C, 0x31, 0x86, 0x30, 0xCC, 0x0C,
    0xC3, 0x60, 0x1B, 0x0F, 0x00, 0x3C, 0x38, 0x00, 0x70, 0xE0, 0x01, 0xC3, 0xFF, 0xFF, 0x00, 0x00, 0x00, 0x7F, 0xF8, 0x00, 0x3F, 0xFC, 0x01, 0x0F,
    0xFC, 0x01, 0xC0, 0x1E, 0x03, 0xE0, 0x1E, 0x03, 0xE0, 0x0F, 0x03, 0xE0, 0x0F, 0x03, 0xE0, 0x0F, 0x03, 0xE0, 0x07, 0x80, 0xE0, 0x07, 0x80, 0x20,
    0x07, 0xC0, 0x00, 0x03, 0xC0, 0x00, 0x03, 0xC0, 0x00, 0x01, 0xE0, 0x00, 0x01, 0xFF, 0xE0, 0x00, 0xFF, 0xF0, 0x00, 0x7F, 0xF8, 0x00, 0x00, 0x00,
    0x00, 0x08, 0x00, 0x00, 0x38, 0x00, 0x01, 0xF3, 0xFF, 0x07, 0xC7, 0xFE, 0x1F, 0x0F, 0xF8, 0x7C, 0x00, 0xF1, 0xF0, 0x03, 0xC1, 0xC0, 0x0F, 0x01,
    0x00, 0x1E, 0x00, 0x00, 0x78, 0x00, 0x01, 0xE0, 0x00, 0x03, 0xC0, 0x00, 0x0F, 0xFC, 0x00, 0x1F, 0xF8, 0x00, 0x3F, 0xF0, 0x00, 0x00, 0x00, 0x18,
    0x00, 0x00, 0xF7, 0xFF, 0x87, 0xDF, 0xFE, 0x1F, 0x3F, 0xF0, 0x38, 0x03, 0xC0, 0x00, 0x1E, 0x00, 0x00, 0x78, 0x00, 0x03, 0xC0, 0x00, 0x1E, 0x00,
    0x00, 0x78, 0x00, 0x03, 0xC0, 0x00, 0x1F, 0x00, 0x00, 0x78, 0x00, 0x03, 0xC0, 0x00, 0x0F, 0x00, 0x00, 0x7F, 0xF8, 0x01, 0xFF, 0xE0, 0x07, 0xFF,
    0x80, 0x00, 0x00, 0x00, 0x60, 0x00, 0x0F, 0x00, 0x01, 0xF0, 0x00, 0x1F, 0x00, 0x00, 0xE0, 0x00, 0x00, 0x7F, 0xE0, 0x07, 0xFE, 0x00, 0x7F, 0xC0,
    0x00, 0x3C, 0x00, 0x07, 0x80, 0x00, 0xF0, 0x00, 0x0F, 0x00, 0x01, 0xE0, 0x00, 0x3C, 0x00, 0x03, 0xC0, 0x00, 0x7F, 0xE0, 0x07, 0xFE, 0x00, 0x7F,
    0xE0, 0x00, 0x7F, 0xF8, 0x00, 0x1F, 0xFE, 0xC0, 0x03, 0xFF, 0x38, 0x3C, 0x03, 0xCF, 0x1E, 0x01, 0xE1, 0xE7, 0x00, 0x78, 0x3B, 0xC0, 0x3C, 0x0F,
    0xE0, 0x1E, 0x01, 0xF0, 0x07, 0x80, 0x3C, 0x03, 0xC0, 0x0E, 0x01, 0xF0, 0x01, 0x00, 0x78, 0x00, 0x00, 0x3C, 0x00, 0x00, 0x0F, 0x00, 0x00, 0x07,
    0xFF, 0x80, 0x01, 0xFF, 0xE0, 0x00, 0x7F, 0xF8, 0x00, 0x00, 0x00, 0x0C, 0x00, 0x00, 0x0E, 0x0F, 0x00, 0x0F, 0x1E, 0x7F, 0xE7, 0x9C, 0x7F, 0xE3,
    0xBC, 0x7F, 0xC3, 0xF8, 0x03, 0xC1, 0xF0, 0x07, 0x80, 0xF0, 0x0F, 0x00, 0xE0, 0x0F, 0x00, 0x40, 0x1E, 0x00, 0x00, 0x3C, 0x00, 0x00, 0x3C, 0x00,
    0x00, 0x7F, 0xE0, 0x00, 0x7F, 0xE0, 0x00, 0x7F, 0xE0, 0x00, 0x00, 0x00, 0x00, 0xFF, 0xFF, 0xC3, 0x80, 0x07, 0x0E, 0x00, 0x1C, 0x3C, 0x00, 0xF0,
    0xD8, 0x06, 0xC3, 0x30, 0x33, 0x0C, 0x40, 0x8C, 0x31, 0x86, 0x30, 0xC3, 0x30, 0xC3, 0x07, 0x83, 0x0C, 0x0C, 0x0C, 0x30, 0x30, 0x30, 0xC1, 0xE0,
    0xC3, 0x0C, 0xC3, 0x0C, 0x61, 0x8C, 0x31, 0x86, 0x30, 0xCC, 0x0C, 0xC3, 0x60, 0x1B, 0x0F, 0x00, 0x3C, 0x38, 0x00, 0x70, 0xE0, 0x01, 0xC3, 0xFF,
    0xFF, 0x00, 0x00, 0x00, 0x04, 0x20, 0x0E, 0x70, 0x07, 0xE0, 0x03, 0xC0, 0x00, 0x00, 0x03, 0xC0, 0x07, 0xE0, 0x07, 0xE0, 0x07, 0xE0, 0x07, 0xF0,
    0x0E, 0x70, 0x0E, 0x70, 0x0E, 0x78, 0x1E, 0x78, 0x1C, 0x38, 0x1F, 0xF8, 0x3F, 0xFC, 0x3F, 0xFC, 0x38, 0x1C, 0x78, 0x1E, 0x78, 0x1E, 0x78, 0x1E,
    0x00, 0x00, 0xC7, 0x07, 0xF8, 0x1F, 0x80, 0xF8, 0x00, 0x00, 0x00, 0x03, 0xF0, 0x3F, 0xE1, 0xFF, 0x0C, 0x38, 0x01, 0xE0, 0xFF, 0x1F, 0xF9, 0xF3,
    0xCF, 0x1E, 0x78, 0xF3, 0xFF, 0x8F, 0xFC, 0x3D, 0xE0, 0x41, 0x39, 0xDF, 0xC7, 0xC0, 0x00, 0xE0, 0x70, 0x38, 0x1C, 0x0E, 0x07, 0x03, 0x81, 0xC0,
    0xE0, 0x70, 0x38, 0x1C, 0x0E, 0x07, 0x03, 0x81, 0xC0, 0xE0, 0x00, 0x1C, 0x77, 0xB8, 0xFE, 0x1F, 0x00, 0x00, 0x00, 0x78, 0x1E, 0x07, 0x81, 0xE0,
    0x78, 0x1E, 0x07, 0x81, 0xE0, 0x78, 0x1E, 0x07, 0x81, 0xE0, 0x78, 0x04, 0x10, 0x07, 0xBC, 0x01, 0xFC, 0x00, 0x7C, 0x00, 0x00, 0x00, 0x3F, 0x80,
    0x3F, 0xE0, 0x3F, 0xF8, 0x3E, 0x3E, 0x1E, 0x0F, 0x1E, 0x03, 0xCF, 0x01, 0xE7, 0x80, 0xF3, 0xC0, 0x79, 0xE0, 0x3C, 0xF0, 0x1E, 0x78, 0x0F, 0x1E,
    0x0F, 0x0F, 0x8F, 0x83, 0xFF, 0x80, 0xFF, 0x80, 0x3F, 0x80, 0x00, 0x00, 0x61, 0x81, 0xFE, 0x03, 0xF0, 0x07, 0x80, 0x00, 0x00, 0x00, 0x03, 0xF0,
    0x1F, 0xE0, 0xFF, 0xC7, 0x8F, 0x1E, 0x1E, 0x78, 0x79, 0xE1, 0xE7, 0x87, 0x9E, 0x1E, 0x78, 0xF0, 0xFF, 0xC1, 0xFE, 0x03, 0xF0, 0x04, 0x30, 0x0E,
    0x70, 0x07, 0xE0, 0x03, 0xE0, 0x00, 0x00, 0x38, 0x1E, 0x38, 0x1E, 0x38, 0x1E, 0x38, 0x1E, 0x38, 0x1E, 0x38, 0x1E, 0x38, 0x1E, 0x38, 0x1E, 0x38,
    0x1E, 0x38, 0x1E, 0x38, 0x1E, 0x3C, 0x1E, 0x3C, 0x1C, 0x3E, 0x3C, 0x1F, 0xFC, 0x0F, 0xF8, 0x07, 0xE0, 0x00, 0x00, 0x61, 0x81, 0xFE, 0x03, 0xF0,
    0x07, 0x80, 0x00, 0x00, 0x00, 0x1E, 0x1E, 0x78, 0x79, 0xE1, 0xE7, 0x87, 0x9E, 0x1E, 0x78, 0x79, 0xE1, 0xE7, 0x87, 0x9E, 0x1E, 0x38, 0xF8, 0xFF,
    0xE3, 0xFF, 0x87, 0xDE, 0x0F, 0xF0, 0x07, 0xF0, 0x00, 0x00, 0x0E, 0x30, 0x0E, 0x78, 0x0E, 0x30, 0x00, 0x00, 0x38, 0x1E, 0x38, 0x1E, 0x38, 0x1E,
    0x38, 0x1E, 0x38, 0x1E, 0x38, 0x1E, 0x38, 0x1E, 0x38, 0x1E, 0x38, 0x1E, 0x38, 0x1E, 0x38, 0x1E, 0x3C, 0x1E, 0x3C, 0x1C, 0x3E, 0x3C, 0x1F, 0xFC,
    0x0F, 0xF8, 0x07, 0xE0, 0x1F, 0xE0, 0x7F, 0x80, 0x00, 0x06, 0x18, 0x1C, 0xE0, 0x73, 0x80, 0x00, 0x00, 0x00, 0x78, 0x79, 0xE1, 0xE7, 0x87, 0x9E,
    0x1E, 0x78, 0x79, 0xE1, 0xE7, 0x87, 0x9E, 0x1E, 0x78, 0x78, 0xE3, 0xE3, 0xFF, 0x8F, 0xFE, 0x1F, 0x78, 0x00, 0x00, 0x00, 0xE0, 0x00, 0xE0, 0x01,
    0xC0, 0x01, 0x80, 0x0E, 0x30, 0x0E, 0x78, 0x0E, 0x30, 0x00, 0x00, 0x38, 0x1E, 0x38, 0x1E, 0x38, 0x1E, 0x38, 0x1E, 0x38, 0x1E, 0x38, 0x1E, 0x38,
    0x1E, 0x38, 0x1E, 0x38, 0x1E, 0x38, 0x1E, 0x38, 0x1E, 0x3C, 0x1E, 0x3C, 0x1C, 0x3E, 0x3C, 0x1F, 0xFC, 0x0F, 0xF8, 0x07, 0xE0, 0x00, 0x00, 0x06,
    0x00, 0x38, 0x00, 0xC0, 0x02, 0x00, 0x61, 0x81, 0xCE, 0x07, 0x38, 0x00, 0x00, 0x00, 0x07, 0x87, 0x9E, 0x1E, 0x78, 0x79, 0xE1, 0xE7, 0x87, 0x9E,
    0x1E, 0x78, 0x79, 0xE1, 0xE7, 0x87, 0x8E, 0x3E, 0x3F, 0xF8, 0xFF, 0xE1, 0xF7, 0x80, 0x00, 0x00, 0x06, 0x70, 0x07, 0xE0, 0x03, 0xC0, 0x00, 0x00,
    0x0E, 0x30, 0x0E, 0x78, 0x0E, 0x30, 0x00, 0x00, 0x38, 0x1E, 0x38, 0x1E, 0x38, 0x1E, 0x38, 0x1E, 0x38, 0x1E, 0x38, 0x1E, 0x38, 0x1E, 0x38, 0x1E,
    0x38, 0x1E, 0x38, 0x1E, 0x38, 0x1E, 0x3C, 0x1E, 0x3C, 0x1C, 0x3E, 0x3C, 0x1F, 0xFC, 0x0F, 0xF8, 0x07, 0xE0, 0x00, 0x00, 0x73, 0x80, 0xFC, 0x01,
    0xE0, 0x00, 0x00, 0x61, 0x81, 0xCE, 0x07, 0x38, 0x00, 0x00, 0x00, 0x07, 0x87, 0x9E, 0x1E, 0x78, 0x79, 0xE1, 0xE7, 0x87, 0x9E, 0x1E, 0x78, 0x79,
    0xE1, 0xE7, 0x87, 0x8E, 0x3E, 0x3F, 0xF8, 0xFF, 0xE1, 0xF7, 0x80, 0x00, 0x00, 0x07, 0x00, 0x07, 0x80, 0x03, 0x80, 0x01, 0x80, 0x0E, 0x30, 0x0E,
    0x78, 0x0E, 0x30, 0x00, 0x00, 0x38, 0x1E, 0x38, 0x1E, 0x38, 0x1E, 0x38, 0x1E, 0x38, 0x1E, 0x38, 0x1E, 0x38, 0x1E, 0x38, 0x1E, 0x38, 0x1E, 0x38,
    0x1E, 0x38, 0x1E, 0x3C, 0x1E, 0x3C, 0x1C, 0x3E, 0x3C, 0x1F, 0xFC, 0x0F, 0xF8, 0x07, 0xE0, 0x00, 0x00, 0x18, 0x00, 0x70, 0x00, 0xC0, 0x01, 0x00,
    0x61, 0x81, 0xCE, 0x07, 0x38, 0x00, 0x00, 0x00, 0x07, 0x87, 0x9E, 0x1E, 0x78, 0x79, 0xE1, 0xE7, 0x87, 0x9E, 0x1E, 0x78, 0x79, 0xE1, 0xE7, 0x87,
    0x8E, 0x3E, 0x3F, 0xF8, 0xFF, 0xE1, 0xF7, 0x80, 0x02, 0x00, 0x07, 0x00, 0x0F, 0x80, 0x03, 0xC0, 0x01, 0xC0, 0x00, 0x00, 0x3C, 0x1E, 0x3C, 0x1E,
    0x3E, 0x1E, 0x3E, 0x1E, 0x3F, 0x1E, 0x3F, 0x1E, 0x3B, 0x9E, 0x3B, 0x9E, 0x39, 0xDE, 0x39, 0xDE, 0x38, 0xFE, 0x38, 0xFE, 0x38, 0x7E, 0x38, 0x7E,
    0x38, 0x3E, 0x38, 0x3E, 0x38, 0x1E, 0x04, 0x00, 0x38, 0x01, 0xF0, 0x03, 0xE0, 0x03, 0x80, 0x04, 0x00, 0x00, 0x00, 0x00, 0x7B, 0xE1, 0xFF, 0xC7,
    0xFF, 0x1F, 0x1E, 0x78, 0x79, 0xE1, 0xE7, 0x87, 0x9E, 0x1E, 0x78, 0x79, 0xE1, 0xE7, 0x87, 0x9E, 0x1E, 0x78, 0x78, 0x00, 0x10, 0x00, 0x07, 0x00,
    0x01, 0xE0, 0x00, 0x78, 0x00, 0x0E, 0x00, 0x00, 0x00, 0x0F, 0x01, 0xE1, 0xE0, 0x7C, 0x3E, 0x0F, 0x87, 0xC1, 0xF0, 0xF8, 0x7E, 0x1F, 0x8F, 0xC3,
    0xF1, 0xF8, 0x7F, 0x77, 0x0E, 0xEE, 0xE1, 0xDD, 0xDC, 0x39, 0xF3, 0x87, 0x3E, 0x70, 0xE7, 0x8E, 0x1C, 0x71, 0xC3, 0x8E, 0x38, 0x70, 0x07, 0x0E,
    0x00, 0xE0, 0x00, 0x0C, 0x00, 0x00, 0x70, 0x00, 0x07, 0x80, 0x00, 0x78, 0x00, 0x07, 0x80, 0x00, 0x18, 0x00, 0x00, 0x00, 0x00, 0x00, 0x00, 0x7B,
    0xE3, 0xC3, 0xFF, 0xFF, 0x1F, 0xFF, 0xF8, 0xF9, 0xF1, 0xE7, 0x87, 0x8F, 0x3C, 0x3C, 0x79, 0xE1, 0xE3, 0xCF, 0x0F, 0x1E, 0x78, 0x78, 0xF3, 0xC3,
    0xC7, 0x9E, 0x1E, 0x3C, 0xF0, 0xF1, 0xE7, 0x87, 0x8F, 0x00, 0x18, 0x30, 0x60, 0xE1, 0xE3, 0xC3, 0xC7, 0x8F, 0x0E, 0x0C, 0x1C, 0x00, 0x00, 0x00,
    0x00, 0x00, 0x00, 0x00, 0x00, 0x00, 0x00, 0x00, 0x00, 0x00, 0x00, 0x00, 0x00, 0x00, 0x7F, 0xFF, 0xF9, 0xFF, 0xFF, 0xE7, 0xFF, 0xFF, 0x80, 0x00,
    0x00, 0x00, 0x00, 0x00, 0x00, 0x00, 0x00, 0x00, 0x00, 0x00, 0x00, 0x00, 0x00, 0x00, 0x00, 0x00, 0x00, 0x00, 0x01, 0xC0, 0x00, 0x07, 0x00, 0x00,
    0x1C, 0x00, 0x00, 0x70, 0x00, 0x01, 0xC0, 0x00, 0x07, 0x00, 0x00, 0x1C, 0x1F, 0x80, 0x7F, 0xFE, 0x1F, 0xFF, 0xF9, 0xFF, 0xFF, 0x07, 0xFE, 0x00,
    0x1E, 0x70, 0x00, 0x01, 0xC0, 0x00, 0x07, 0x00, 0x00, 0x1C, 0x03, 0x00, 0x70, 0x0E, 0x01, 0xC0, 0x38, 0x07, 0x01, 0xE0, 0x1F, 0xFF, 0x00, 0x7F,
    0xFC, 0x00, 0xFF, 0xE0, 0x3F, 0xFF, 0xF0, 0xFF, 0xFF, 0xC3, 0xFF, 0xFF, 0x00, 0x00, 0x00, 0x00, 0x00, 0x00, 0x00, 0x00, 0x00, 0x00, 0x00, 0x00,
    0x00, 0x00, 0x0F, 0xFF, 0xC0, 0x3F, 0xFF, 0x00, 0xFF, 0xFC, 0x00, 0x00, 0x00, 0x00, 0x00, 0x00, 0x00, 0x00, 0x00, 0x00, 0x00, 0x00, 0x00, 0x00,
    0x7F, 0xFF, 0xF9, 0xFF, 0xFF, 0xE7, 0xFF, 0xFF, 0x80, 0x00, 0x70, 0x00, 0x01, 0xC0, 0x00, 0x07, 0x00, 0x00, 0x1C, 0x00, 0x00, 0x70, 0x00, 0x01,
    0xC0, 0x00, 0x07, 0x00, 0x00, 0x1F, 0xFC, 0x00, 0x7F, 0xF0, 0x01, 0xFF, 0xC0, 0x07, 0x00, 0x00, 0x1C, 0x00, 0x00, 0x70, 0x00, 0x01, 0xC0, 0x00,
    0x07, 0x00, 0x00, 0x1C, 0x00, 0x00, 0x70, 0x00, 0x01, 0xC0, 0x07, 0xFF, 0xFF, 0x9F, 0xFF, 0xFE, 0x7F, 0xFF, 0xF8, 0x7F, 0xFF, 0xF9, 0xFF, 0xFF,
    0xE7, 0xFF, 0xFF, 0x80, 0x1C, 0x00, 0x00, 0x70, 0x00, 0x01, 0xC0, 0x00, 0x07, 0xC0, 0x00, 0x1F, 0xC0, 0x00, 0x7F, 0xC0, 0x01, 0xDF, 0x80, 0x07,
    0x3F, 0x00, 0x1C, 0x38, 0x00, 0x70, 0x60, 0x01, 0xC0, 0x00, 0x07, 0x00, 0x00, 0x1C, 0x00, 0x00, 0x70, 0x00, 0x01, 0xC0, 0x00, 0x07, 0x00, 0x00,
    0x1C, 0x00, 0x7F, 0xFF, 0xF9, 0xFF, 0xFF, 0xE7, 0xFF, 0xFF, 0x80, 0x1E, 0x00, 0x00, 0x78, 0x00, 0x03, 0xE0, 0x00, 0x1F, 0xE0, 0x00, 0xFF, 0xE0,
    0x07, 0xFF, 0xC0, 0x3F, 0xEF, 0x83, 0xF7, 0x9F, 0x1F, 0x9E, 0x3E, 0x78, 0x78, 0x78, 0xC1, 0xE0, 0xC0, 0x07, 0x80, 0x00, 0x1E, 0x00, 0x00, 0x78,
    0x00, 0x01, 0xE0, 0x00, 0x07, 0x80, 0x00, 0x1E, 0x00, 0x00, 0x00, 0x00, 0x03, 0x80, 0x00, 0x0F, 0x00, 0x00, 0x78, 0x00, 0x7F, 0xFF, 0xF9, 0xFF,
    0xFF, 0xE3, 0xFF, 0xFF, 0x81, 0xE6, 0x00, 0x07, 0x1C, 0x00, 0x3C, 0x70, 0x01, 0xE1, 0xC0, 0x07, 0xFF, 0xFC, 0x1F, 0xFF, 0xF0, 0x7F, 0xFF, 0xC0,
    0x01, 0xC0, 0x01, 0xC7, 0x70, 0x0F, 0x1D, 0xC0, 0x78, 0x77, 0x81, 0xC1, 0xCF, 0x0F, 0x0F, 0x1E, 0x78, 0xFC, 0x38, 0xC3, 0xE0, 0xC0, 0x0F, 0x00,
    0x00, 0x00, 0x78, 0x00, 0x01, 0xE0, 0x00, 0x07, 0x80, 0x00, 0x1E, 0x00, 0x3F, 0xFF, 0xF0, 0xFF, 0xFF, 0xC3, 0xFF, 0xFF, 0x0E, 0x1E, 0x1C, 0x38,
    0x78, 0x70, 0xE1, 0xE1, 0xC3, 0x87, 0x87, 0x0E, 0x1E, 0x1C, 0x3F, 0xFF, 0xF0, 0xFF, 0xFF, 0xC3, 0xFF, 0xFF, 0x0E, 0x1E, 0x1C, 0x00, 0x78, 0x00,
    0x01, 0xE0, 0x00, 0x07, 0x80, 0x00, 0x1E, 0x00, 0x00, 0x78, 0x00, 0x01, 0xE0, 0x00, 0x00, 0x00, 0x00, 0x01, 0xC0, 0x00, 0x0F, 0x00, 0x00, 0x78,
    0x00, 0x03, 0xC0, 0x00, 0x0F, 0x0E, 0x00, 0x78, 0x78, 0x03, 0xC3, 0xC0, 0x3E, 0x1F, 0x01, 0xF0, 0x78, 0x07, 0x83, 0xC0, 0x04, 0x1E, 0x00, 0x00,
    0xF3, 0x80, 0x07, 0x8F, 0x00, 0x3C, 0x1E, 0x01, 0xE0, 0x78, 0x0F, 0x0F, 0xF0, 0xFF, 0xFF, 0xC3, 0xFF, 0xFF, 0x87, 0xFF, 0x0E, 0x00, 0x00, 0x30,
    0x01, 0xC0, 0x00, 0x07, 0x00, 0x00, 0x1C, 0x00, 0x00, 0x70, 0x00, 0x01, 0xC0, 0x00, 0x07, 0x00, 0x07, 0xFF, 0xF8, 0x1F, 0xFF, 0xE0, 0x7F, 0xFF,
    0x80, 0x0F, 0x1E, 0x00, 0x3C, 0x78, 0x00, 0xE1, 0xE0, 0x03, 0x87, 0x80, 0x0E, 0x1E, 0x00, 0x78, 0x78, 0x01, 0xC1, 0xE4, 0x0F, 0x07, 0x9C, 0x78,
    0x1E, 0x73, 0xE0, 0x79, 0xDF, 0x00, 0xFF, 0x78, 0x03, 0xF8, 0x80, 0x07, 0xC0, 0x3F, 0xFF, 0xF0, 0xFF, 0xFF, 0xE3, 0xFF, 0xFF, 0x80, 0x00, 0x1C,
    0x07, 0x1C, 0xF0, 0x3F, 0x73, 0x80, 0x3D, 0xC4, 0x06, 0x27, 0x00, 0x3E, 0x3C, 0x00, 0x78, 0xE0, 0x00, 0x63, 0x80, 0x1F, 0xFF, 0xFE, 0x7F, 0xFF,
    0xF9, 0xFF, 0xFF, 0xE0, 0x0F, 0x40, 0x00, 0x7B, 0xC0, 0x03, 0xFF, 0xC0, 0x7F, 0x1F, 0xC7, 0xF0, 0x1F, 0x9F, 0x80, 0x1C, 0x30, 0x00, 0x30, 0x1F,
    0xFF, 0xE0, 0x7F, 0xFF, 0x81, 0xFF, 0xFE, 0x00, 0x00, 0x00, 0x00, 0x00, 0x00, 0x00, 0x00, 0x00, 0x00, 0x00, 0x00, 0x00, 0x00, 0x00, 0x00, 0x00,
    0x00, 0x00, 0x00, 0x00, 0x00, 0x00, 0x00, 0x00, 0x00, 0x00, 0x00, 0x00, 0x00, 0x07, 0xFF, 0xFF, 0x9F, 0xFF, 0xFE, 0x7F, 0xFF, 0xF8, 0x3F, 0xFF,
    0xF0, 0xFF, 0xFF, 0xC3, 0xFF, 0xFF, 0x00, 0x38, 0x00, 0x00, 0xE0, 0x00, 0x03, 0x80, 0x00, 0x0E, 0x00, 0x07, 0xFF, 0xF0, 0x1F, 0xFF, 0xC0, 0x3F,
    0xFE, 0x00, 0x1C, 0x38, 0x00, 0x70, 0xE0, 0x01, 0xC3, 0x80, 0x07, 0x0E, 0x00, 0x3C, 0x38, 0x00, 0xF0, 0xE0, 0x7F, 0xFF, 0xF9, 0xFF, 0xFF, 0xE7,
    0xFF, 0xFF, 0x80, 0x00, 0x78, 0x00, 0x01, 0xC0, 0x00, 0x07, 0x00, 0x00, 0x1C, 0x00, 0x00, 0x78, 0x00, 0x01, 0xE0, 0x00, 0x07, 0x80, 0x00, 0x3E,
    0x00, 0x00, 0xF8, 0x00, 0x03, 0xF0, 0x00, 0x1F, 0xC0, 0x00, 0x7F, 0x80, 0x03, 0xCE, 0x00, 0x0F, 0x3C, 0x00, 0x78, 0x78, 0x03, 0xE1, 0xF0, 0x1F,
    0x03, 0xE0, 0xF8, 0x07, 0xE7, 0xC0, 0x0F, 0x8E, 0x00, 0x0E, 0x20, 0x00, 0x00, 0x06, 0x07, 0x00, 0x1C, 0x1C, 0x00, 0x70, 0x70, 0x03, 0x81, 0xC0,
    0x0E, 0x07, 0x00, 0x78, 0x1C, 0x03, 0xC0, 0x70, 0x0F, 0x01, 0xC0, 0x7D, 0xFF, 0xF9, 0xF7, 0xFF, 0xE7, 0xDF, 0xFF, 0x9F, 0x01, 0xC0, 0x1C, 0x07,
    0x00, 0x70, 0x1C, 0x01, 0xC0, 0x70, 0x07, 0x01, 0xC0, 0x1C, 0x07, 0x00, 0x70, 0x1C, 0x01, 0xC0, 0x70, 0x07, 0x01, 0xC0, 0x1C, 0x07, 0x00, 0x70,
    0x1C, 0x00, 0x00, 0x00, 0x00, 0x00, 0xC0, 0x00, 0x07, 0x80, 0x00, 0x3F, 0x00, 0x01, 0xFE, 0x00, 0x0F, 0xFC, 0x00, 0x7C, 0x78, 0x07, 0xE8, 0xF8,
    0x7F, 0x71, 0xF9, 0xF1, 0xE3, 0xE7, 0x83, 0xC7, 0x08, 0x07, 0x00, 0x1F, 0xFF, 0xE0, 0x7F, 0xFF, 0x81, 0xFF, 0xFE, 0x00, 0x00, 0xF0, 0x00, 0x07,
    0x80, 0x00, 0x1E, 0x00, 0x00, 0xF0, 0x00, 0x07, 0x80, 0x00, 0x3C, 0x00, 0x00, 0xF0, 0x00, 0x01, 0x80, 0x00, 0x06, 0x07, 0x00, 0x1C, 0x1C, 0x00,
    0xE0, 0x70, 0x03, 0xB9, 0xC0, 0x1C, 0xE7, 0x78, 0x73, 0x9F, 0xE3, 0xCE, 0xFF, 0x9F, 0x3F, 0xFE, 0xFD, 0xFF, 0x3B, 0xFF, 0xFC, 0xE7, 0xFE, 0x73,
    0x97, 0x79, 0xCE, 0x1C, 0xE7, 0xF8, 0x73, 0x9F, 0xC1, 0xCE, 0x7F, 0x07, 0x39, 0xC0, 0x1C, 0xE0, 0x18, 0x73, 0x80, 0x71, 0xCF, 0x03, 0x87, 0x1F,
    0xFE, 0x1C, 0x7F, 0xF0, 0x70, 0x7F, 0x80, 0x0C, 0x40, 0x00, 0x3B, 0xBF, 0xE1, 0xEF, 0xFF, 0x87, 0x1D, 0xFE, 0x1C, 0x78, 0x38, 0xF7, 0xC0, 0xE3,
    0x9C, 0x03, 0x9E, 0x70, 0x0E, 0x79, 0xC0, 0x3B, 0xE7, 0x00, 0xE7, 0x9C, 0x03, 0x9E, 0x70, 0x0E, 0x39, 0xC0, 0x38, 0xE7, 0x00, 0xE3, 0x9C, 0x03,
    0x8E, 0x70, 0x0E, 0x39, 0xC0, 0x38, 0xE7, 0x00, 0xE3, 0x9C, 0x03, 0x8E, 0x70, 0x7E, 0x39, 0xC1, 0xF0, 0x66, 0x03, 0x00, 0x00, 0x30, 0x00, 0x01,
    0xE0, 0x00, 0x0F, 0x80, 0x00, 0x7F, 0x00, 0x03, 0xFF, 0x00, 0x3E, 0x1F, 0x03, 0xF0, 0x3F, 0x1F, 0xFF, 0xFE, 0x7F, 0xFF, 0xF8, 0x8F, 0xFC, 0x40,
    0x00, 0x00, 0x0F, 0xFF, 0xFC, 0x3F, 0xFF, 0xF0, 0xFF, 0xFF, 0xC0, 0x1E, 0x30, 0x00, 0xF1, 0xE0, 0x07, 0x83, 0xC0, 0x3C, 0x7F, 0x81, 0xFF, 0xFF,
    0x07, 0xFF, 0xFC, 0x1F, 0xF8, 0x70, 0x00, 0x00, 0x80, 0x04, 0x30, 0x00, 0x3D, 0xE0, 0x00, 0xE7, 0x00, 0x03, 0x9C, 0x00, 0x1E, 0xFF, 0xF8, 0x73,
    0xFF, 0xE3, 0xDF, 0xFF, 0x9F, 0x71, 0xCE, 0xFF, 0xC7, 0x3B, 0xF6, 0x1C, 0xE7, 0xC4, 0x72, 0x17, 0x1D, 0xF8, 0x1C, 0xF7, 0x70, 0x73, 0x9D, 0xC1,
    0xCE, 0x77, 0x87, 0x79, 0xCE, 0x1D, 0xC7, 0x38, 0x77, 0x1C, 0xE1, 0xC8, 0x73, 0x07, 0x0F, 0xC0, 0x1C, 0x1E, 0x00, 0x70, 0x70, 0x00, 0x0C, 0x61,
    0x80, 0x3B, 0x87, 0x00, 0xEE, 0x18, 0x07, 0x38, 0xE0, 0x1F, 0xFB, 0x80, 0xFF, 0xFF, 0xF3, 0xFF, 0xFF, 0xDF, 0x39, 0xCC, 0xFC, 0xE7, 0x33, 0xF3,
    0xBF, 0xC7, 0xCF, 0xFF, 0x17, 0xFF, 0xFC, 0x1F, 0xFD, 0xF0, 0x7E, 0x77, 0x81, 0xF9, 0xDE, 0x07, 0xE7, 0x78, 0x1F, 0x9D, 0xE0, 0x7F, 0xFF, 0xC1,
    0xFF, 0xFF, 0x87, 0xE3, 0xCE, 0x1F, 0x8E, 0x38, 0x60, 0x10, 0x40, 0x03, 0x8F, 0x00, 0x0E, 0x3C, 0x00, 0x38, 0x70, 0x00, 0xE1, 0xC0, 0x07, 0x87,
    0x00, 0x1E, 0x1C, 0x00, 0x78, 0x70, 0x01, 0xC1, 0xE0, 0x07, 0x03, 0x80, 0x1C, 0x0E, 0x00, 0xF0, 0x3C, 0x03, 0x80, 0xF0, 0x1E, 0x01, 0xC0, 0x70,
    0x07, 0x83, 0xC0, 0x0F, 0x0F, 0x00, 0x3C, 0x78, 0x00, 0x79, 0xC0, 0x00, 0xE2, 0x00, 0x01, 0x00, 0x00, 0x00, 0x00, 0x30, 0x00, 0x03, 0xC0, 0x00,
    0x07, 0x80, 0x00, 0x1E, 0x00, 0x00, 0x38, 0x00, 0x00, 0xE0, 0x07, 0xFF, 0xFF, 0x9F, 0xFF, 0xFE, 0x7F, 0xFF, 0xF8, 0x00, 0x00, 0x00, 0x00, 0x00,
    0x00, 0xE1, 0xC0, 0x07, 0x87, 0x80, 0x1E, 0x1E, 0x00, 0xF0, 0x3C, 0x03, 0xC0, 0x78, 0x1E, 0x01, 0xE0, 0xF0, 0x03, 0xC7, 0xC0, 0x0F, 0x1E, 0x00,
    0x1E, 0x30, 0x00, 0x70, 0x40, 0x00, 0x00, 0x02, 0x01, 0x80, 0x1C, 0x0F, 0x00, 0x70, 0x3C, 0x01, 0xE0, 0xE0, 0x03, 0x87, 0x00, 0x7F, 0xFF, 0xC1,
    0xFF, 0xFF, 0x07, 0xFF, 0xFC, 0x00, 0x78, 0x00, 0x01, 0xE0, 0x00, 0x07, 0x80, 0x1F, 0xFF, 0xFE, 0x7F, 0xFF, 0xF9, 0xFF, 0xFF, 0xE0, 0x0F, 0xC0,
    0x00, 0x3F, 0x80, 0x03, 0xEF, 0x00, 0x1F, 0x1F, 0x03, 0xF8, 0x3F, 0x9F, 0xC0, 0x7E, 0x7C, 0x00, 0xF8, 0xC0, 0x00, 0x40, 0x3F, 0xFF, 0xF1, 0xFF,
    0xFF, 0xE7, 0xFF, 0xFF, 0x9C, 0xE0, 0x0E, 0x73, 0x80, 0x38, 0x0F, 0xFF, 0x00, 0x7F, 0xFC, 0x01, 0xFF, 0xE0, 0x07, 0x00, 0x00, 0x1F, 0xFF, 0x00,
    0x7F, 0xFE, 0x03, 0xFF, 0xF8, 0x00, 0x00, 0xE0, 0xFF, 0xF7, 0x83, 0xFF, 0xDC, 0x0F, 0xFF, 0x70, 0x00, 0x01, 0xC0, 0x00, 0x0F, 0x00, 0x03, 0xF8,
    0x00, 0x0F, 0xE0, 0x00, 0x1E, 0x00, 0x00, 0x00, 0x00, 0x0F, 0x1C, 0x00, 0x38, 0x70, 0x01, 0xE1, 0xE0, 0x07, 0x03, 0xC0, 0x3C, 0x07, 0x01, 0xE0,
    0x1E, 0x0F, 0x80, 0x3C, 0x7C, 0x00, 0x79, 0xFF, 0xFF, 0xE3, 0xFF, 0xFF, 0x03, 0xFF, 0xF0, 0x01, 0xE1, 0xC0, 0x07, 0x07, 0x00, 0x1C, 0x1C, 0x00,
    0xF0, 0x70, 0x03, 0x81, 0xC0, 0x1E, 0x07, 0x01, 0xF0, 0x3C, 0x1F, 0x87, 0xE0, 0x3C, 0x1F, 0x80, 0xC0, 0x7C, 0x00, 0x06, 0x01, 0x80, 0x3C, 0x0F,
    0x00, 0x70, 0x38, 0x1F, 0xFF, 0xFE, 0x7F, 0xFF, 0xF9, 0xFF, 0xFF, 0xE0, 0x00, 0x00, 0x00, 0x00, 0x1C, 0x3F, 0xE6, 0x70, 0xFF, 0x99, 0xC3, 0x8E,
    0x67, 0x0F, 0xF9, 0x9C, 0x3F, 0xE6, 0x70, 0xE3, 0x99, 0xC3, 0x8E, 0x67, 0x0F, 0xF9, 0x9C, 0x3F, 0xE6, 0x70, 0xE3, 0x99, 0xC3, 0x8E, 0x07, 0x0E,
    0x38, 0xFC, 0x3B, 0xE1, 0xF0, 0xEF, 0x07, 0x00, 0x01, 0x8C, 0x00, 0x0E, 0x38, 0x00, 0x38, 0xE0, 0x00, 0xE3, 0x80, 0x03, 0x8E, 0x10, 0x0E, 0x39,
    0xC7, 0xF8, 0xEF, 0x9F, 0xE3, 0xFC, 0x7F, 0x8F, 0xE0, 0x0E, 0x3E, 0x00, 0x38, 0xE0, 0x00, 0xE3, 0x80, 0x03, 0x8E, 0x00, 0x0E, 0x38, 0x00, 0x78,
    0xE1, 0x0F, 0xE3, 0x87, 0xFF, 0x8E, 0x1D, 0xFE, 0x38, 0x77, 0x38, 0xE3, 0x80, 0xE3, 0xFE, 0x03, 0x8F, 0xF8, 0x0E, 0x1F, 0xC0, 0x00, 0x78, 0x00,
    0x01, 0xE0, 0x00, 0x07, 0x80, 0x00, 0x1E, 0x00, 0x00, 0x78, 0x00, 0x01, 0xE0, 0x00, 0x07, 0x80, 0x00, 0x1E, 0x00, 0x7F, 0xFF, 0xF9, 0xFF, 0xFF,
    0xE7, 0xFF, 0xFF, 0x80, 0x1E, 0x00, 0x00, 0x78, 0x00, 0x01, 0xE0, 0x00, 0x07, 0x80, 0x00, 0x1E, 0x00, 0x00, 0x78, 0x00, 0x01, 0xE0, 0x00, 0x07,
    0x80, 0x00, 0x1E, 0x00, 0x00, 0x78, 0x00, 0x01, 0xE0, 0x00, 0x00, 0x00, 0x80, 0x00, 0x7F, 0x01, 0xFF, 0xFE, 0x0F, 0xFF, 0xE0, 0x3F, 0xF8, 0x00,
    0x41, 0xE0, 0x00, 0x07, 0x80, 0x00, 0x1E, 0x00, 0x00, 0x78, 0x01, 0xFF, 0xFF, 0xE7, 0xFF, 0xFF, 0x9F, 0xFF, 0xFE, 0x00, 0x78, 0x00, 0x01, 0xE0,
    0x00, 0x07, 0x80, 0x00, 0x1E, 0x00, 0x00, 0x78, 0x00, 0x01, 0xE0, 0x00, 0x07, 0x80, 0x00, 0x1E, 0x00, 0x00, 0x78, 0x00, 0x01, 0xE0, 0x00, 0x00,
    0x30, 0x00, 0x01, 0xE0, 0x00, 0xFF, 0xFE, 0x07, 0xFF, 0xFC, 0x1F, 0xFF, 0xF0, 0x01, 0xE0, 0x07, 0xFF, 0xFF, 0x9F, 0xFF, 0xFE, 0x07, 0x3C, 0xF0,
    0x1E, 0x73, 0xC0, 0x3F, 0xCE, 0x07, 0xBF, 0x00, 0x1F, 0x38, 0x00, 0x18, 0xE0, 0x07, 0xFF, 0xFF, 0x9F, 0xFF, 0xFE, 0x3F, 0xFF, 0xF0, 0x07, 0xFC,
    0x00, 0x7E, 0xFE, 0x1F, 0xF1, 0xFE, 0x3F, 0x00, 0xF8, 0xE0, 0x00, 0x40, 0x00, 0x78, 0x00, 0x01, 0xE0, 0x07, 0xFF, 0xFF, 0x9F, 0xFF, 0xFE, 0x7F,
    0xFF, 0xF8, 0x01, 0xE0, 0x03, 0xFF, 0xFF, 0x0F, 0xFF, 0xFC, 0x3F, 0xFF, 0xF0, 0xE7, 0x19, 0xC3, 0x9C, 0xE7, 0x0E, 0x33, 0x9C, 0x3B, 0xFF, 0x70,
    0xEF, 0xFD, 0xC3, 0x87, 0x07, 0x0E, 0x1C, 0x1C, 0x3F, 0xFF, 0xF0, 0xFF, 0xFF, 0xC3, 0x87, 0x07, 0x0E, 0x1C, 0x1C, 0x38, 0x73, 0xF0, 0xE0, 0x0F,
    0x80, 0x00, 0x78, 0x00, 0x01, 0xE0, 0x00, 0x07, 0x80, 0x07, 0xFF, 0xFC, 0x3F, 0xFF, 0xF0, 0xFF, 0xFF, 0xC0, 0x07, 0x80, 0x00, 0x1E, 0x00, 0x00,
    0x78, 0x01, 0xFF, 0xFF, 0xE7, 0xFF, 0xFF, 0x9F, 0xFF, 0xFE, 0x01, 0xC0, 0x00, 0x0F, 0x1C, 0x00, 0x78, 0x78, 0x01, 0xC0, 0xF0, 0x0F, 0x01, 0xC0,
    0x7F, 0xFF, 0x83, 0xFF, 0xFF, 0x0F, 0xFF, 0xFC, 0x1F, 0xE0, 0x70, 0x00, 0x00, 0x80, 0x01, 0xC0, 0x00, 0x07, 0x00, 0x00, 0x1C, 0x00, 0x1F, 0xFF,
    0xFE, 0x7F, 0xFF, 0xF9, 0xFF, 0xFF, 0xE0, 0x38, 0x00, 0x00, 0xE0, 0x00, 0x03, 0x80, 0x00, 0x0F, 0xFF, 0x80, 0x7F, 0xFE, 0x01, 0xFF, 0xF0, 0x07,
    0xE3, 0xC0, 0x3F, 0x8E, 0x00, 0xEF, 0x78, 0x07, 0x9F, 0xC0, 0x1C, 0x3E, 0x00, 0xF0, 0xFC, 0x07, 0x8F, 0xFE, 0x1D, 0xFD, 0xFE, 0x33, 0xC1, 0xF0,
    0x0C, 0x00, 0xC0, 0x3F, 0xFF, 0xF0, 0xFF, 0xFF, 0xC3, 0xFF, 0xFF, 0x0E, 0x00, 0x1C, 0x38, 0x00, 0x70, 0xE0, 0x01, 0xC3, 0x80, 0x07, 0x0E, 0x00,
    0x1C, 0x38, 0x00, 0x70, 0xE0, 0x01, 0xC3, 0x80, 0x07, 0x0E, 0x00, 0x1C, 0x38, 0x00, 0x70, 0xE0, 0x01, 0xC3, 0x80, 0x07, 0x0F, 0xFF, 0xFC, 0x3F,
    0xFF, 0xF0, 0xFF, 0xFF, 0xC3, 0x80, 0x07, 0x0E, 0x00, 0x1C, 0x00, 0xE0, 0x00, 0x03, 0x80, 0x00, 0x0E, 0x00, 0x00, 0x78, 0x00, 0x7F, 0xFF, 0xF9,
    0xFF, 0xFF, 0xE7, 0xFF, 0xFF, 0x80, 0xE0, 0x00, 0x07, 0x80, 0x00, 0x1C, 0x00, 0x00, 0xFF, 0xFE, 0x03, 0xFF, 0xFC, 0x1F, 0xFF, 0xF0, 0xFE, 0x03,
    0xC7, 0xF8, 0x0F, 0x1D, 0xE0, 0x3C, 0x67, 0x80, 0xF0, 0x1E, 0x03, 0xC0, 0x7F, 0xFF, 0x01, 0xFF, 0xFC, 0x07, 0xFF, 0xF0, 0x1C, 0x03, 0x80, 0x00,
    0x18, 0x00, 0x00, 0x70, 0x07, 0xF3, 0xC0, 0x1F, 0xCF, 0xFE, 0x7F, 0x7F, 0xF9, 0xDD, 0xFF, 0xE7, 0x7F, 0x00, 0x1D, 0xF8, 0x00, 0x77, 0x7F, 0xE1,
    0xDC, 0xFF, 0xC7, 0x73, 0xFF, 0x1D, 0xC0, 0xF0, 0x77, 0x07, 0x81, 0xFC, 0x3C, 0x07, 0xF1, 0xE0, 0x1F, 0xCF, 0x04, 0x70, 0x78, 0x1D, 0xC1, 0xC0,
    0x70, 0x07, 0x03, 0xC0, 0x1F, 0xFE, 0x00, 0x7F, 0xF8, 0x00, 0x7F, 0x80, 0x00, 0x00, 0xC0, 0x03, 0xFF, 0x81, 0xFF, 0xFF, 0x07, 0xFF, 0xC0, 0x1F,
    0x00, 0x00, 0x70, 0x00, 0x01, 0xFF, 0xFF, 0x87, 0xFF, 0xFF, 0x1F, 0xFF, 0xFC, 0x70, 0x00, 0x01, 0xC0, 0x00, 0x07, 0x7F, 0xFC, 0x1D, 0xFF, 0xF0,
    0xF7, 0xFF, 0xC3, 0xDC, 0x07, 0x0E, 0x70, 0x1C, 0x39, 0xC0, 0x71, 0xE7, 0x01, 0xC7, 0x9F, 0xFF, 0x3C, 0x7F, 0xFC, 0x71, 0xFF, 0xF0, 0x87, 0x01,
    0xC0, 0x00, 0x00, 0x20, 0x00, 0x07, 0xC7, 0xF1, 0xFF, 0x1F, 0xEF, 0xF8, 0x7F, 0xBE, 0x01, 0xCE, 0xE0, 0x07, 0x3B, 0x80, 0x1C, 0xEF, 0xFE, 0x73,
    0xBF, 0xF9, 0xCE, 0xFF, 0xE7, 0x3B, 0x8E, 0x1C, 0xEE, 0x38, 0x73, 0xB8, 0xE1, 0xFE, 0xE3, 0x87, 0xFB, 0x8E, 0x1F, 0xFE, 0x38, 0x70, 0x78, 0xE1,
    0xC1, 0xC3, 0x80, 0x0F, 0x0E, 0x00, 0x3C, 0x38, 0x00, 0xE0, 0xE0, 0x01, 0x83, 0x80, 0x00, 0x00, 0x00, 0x07, 0xF7, 0xE7, 0xFF, 0xDF, 0x9F, 0xBF,
    0x6E, 0x7E, 0xED, 0xB9, 0xFB, 0xB6, 0xE7, 0xEF, 0xDB, 0x1F, 0xFF, 0x6C, 0x7F, 0xFD, 0xF1, 0xFB, 0xB7, 0xC7, 0xEE, 0xDB, 0x1F, 0xBB, 0x6E, 0x7F,
    0xFD, 0xB9, 0xFF, 0xF6, 0xE7, 0xEF, 0xDB, 0x9F, 0xB7, 0x6E, 0x71, 0xDD, 0xF9, 0xC7, 0x77, 0xC0, 0x39, 0xD8, 0x00, 0xE7, 0x60, 0x03, 0x7D, 0x80,
    0x0C, 0xE6, 0x00, 0x00, 0x00, 0x00, 0x00, 0x70, 0x01, 0xFF, 0xFF, 0xE7, 0xFF, 0xFF, 0x80, 0x1E, 0x00, 0x1F, 0xFF, 0xE0, 0x7F, 0xFF, 0x80, 0x00,
    0x00, 0x03, 0xFF, 0xF0, 0x0F, 0xFF, 0xC0, 0x38, 0x07, 0x00, 0xFF, 0xFC, 0x03, 0xFF, 0xF0, 0x07, 0x87, 0x81, 0xFF, 0xFF, 0xE7, 0xFF, 0xFF, 0x80,
    0x00, 0x00, 0x0F, 0xFF, 0xE0, 0x7F, 0xFF, 0x81, 0xE0, 0x0E, 0x07, 0xFF, 0xF8, 0x1F, 0xFF, 0xE0, 0x30, 0x03, 0x80, 0x00, 0x7F, 0xF1, 0xFD, 0xFF,
    0xC7, 0xF7, 0x07, 0x1F, 0xDF, 0xFC, 0x77, 0x7F, 0xF1, 0xDD, 0xC1, 0xC7, 0x77, 0xFF, 0x1D, 0xDF, 0xFC, 0x77, 0x30, 0x01, 0xDD, 0xC0, 0x07, 0x77,
    0xFF, 0x9D, 0xFF, 0xFE, 0x7F, 0xE3, 0x39, 0xFF, 0xDC, 0xE7, 0xF7, 0xFB, 0x9C, 0x1F, 0x7E, 0x70, 0x7F, 0xF8, 0x01, 0xFF, 0xE0, 0x00, 0x03, 0x80,
    0x00, 0x3C, 0x00, 0x00, 0xF0, 0x7F, 0xFF, 0xF9, 0xFF, 0xFF, 0xE7, 0xFF, 0xFF, 0x9E, 0x73, 0x9E, 0x79, 0xCE, 0x79, 0xE7, 0x39, 0xE7, 0x9C, 0xE7,
    0x9E, 0x73, 0x9E, 0x7B, 0xCE, 0x79, 0xEE, 0x39, 0xE7, 0xF8, 0xFF, 0x9F, 0xC3, 0xFE, 0x7F, 0x00, 0x79, 0xF8, 0x01, 0xE7, 0x80, 0x07, 0x9F, 0xFF,
    0xFE, 0x7F, 0xFF, 0xF9, 0xFF, 0xFF, 0xE7, 0x80, 0x07, 0x00, 0x00, 0x00, 0x7F, 0xFF, 0xF9, 0xFF, 0xFF, 0xE7, 0xFF, 0xFF, 0x9E, 0x00, 0x1E, 0x78,
    0x00, 0x79, 0xE7, 0xF9, 0xE7, 0xBF, 0xF7, 0x9E, 0xFF, 0xDE, 0x7B, 0x87, 0x79, 0xEE, 0x1D, 0xE7, 0xB8, 0x77, 0x9E, 0xE1, 0xDE, 0x7B, 0xFF, 0x79,
    0xEF, 0xFD, 0xE7, 0x9F, 0xE7, 0x9E, 0x00, 0x1E, 0x78, 0x00, 0x79, 0xFF, 0xFF, 0xE7, 0xFF, 0xFF, 0x9F, 0xFF, 0xFE, 0x70, 0x00, 0x78, 0x7F, 0xFF,
    0xF1, 0xFF, 0xFF, 0xC7, 0xFF, 0xFF, 0x1E, 0x00, 0x1C, 0x7F, 0xFF, 0xF1, 0xFF, 0xFF, 0xC7, 0xBF, 0xF7, 0x1E, 0x1C, 0x1C, 0x78, 0x78, 0x71, 0xEF,
    0xFD, 0xC7, 0xBF, 0xF7, 0x1E, 0x1D, 0x9C, 0x78, 0x77, 0x71, 0xE1, 0xCD, 0xC7, 0xFF, 0xFF, 0x1F, 0xFF, 0xFC, 0x78, 0x00, 0x71, 0xFF, 0xFF, 0xC7,
    0xFF, 0xFF, 0x1F, 0xFF, 0xFC, 0x30, 0x00, 0x70, 0x00, 0xC0, 0x00, 0x03, 0x80, 0x00, 0x1E, 0x00, 0x1F, 0xFF, 0xFE, 0x7F, 0xFF, 0xF9, 0xFF, 0xFF,
    0xE0, 0x78, 0x00, 0x01, 0xC1, 0xC0, 0x0F, 0x07, 0x00, 0x38, 0x1C, 0x01, 0xE0, 0x70, 0x0F, 0xBF, 0xFC, 0x7E, 0xFF, 0xF1, 0xFB, 0xFF, 0xC7, 0xE0,
    0x70, 0x03, 0x81, 0xC0, 0x0E, 0x07, 0x00, 0x38, 0x1C, 0x00, 0xEF, 0xFF, 0x83, 0xFF, 0xFE, 0x0F, 0xFF, 0xF8, 0x38, 0x00, 0x00, 0x0E, 0x07, 0x00,
    0x38, 0x1C, 0x00, 0xE0, 0x70, 0x07, 0xF9, 0xC0, 0x1F, 0xF7, 0x00, 0x7F, 0xDC, 0x03, 0xC7, 0x70, 0x0E, 0x3D, 0xE0, 0x78, 0xF7, 0xC1, 0xD3, 0x9F,
    0x87, 0xEE, 0x7F, 0x0B, 0xF9, 0xDE, 0x07, 0xC7, 0x38, 0x0F, 0x1C, 0x40, 0x38, 0x70, 0x01, 0xE1, 0xC0, 0x0F, 0x07, 0x00, 0x7C, 0x1C, 0x07, 0xE0,
    0x70, 0x1F, 0x01, 0xC0, 0x38, 0x07, 0x00, 0x00, 0x1C, 0x00, 0x00, 0x70, 0x00, 0x03, 0xC0, 0x00, 0x1F, 0xFC, 0x01, 0xFF, 0xF0, 0x1F, 0xFF, 0x80,
    0xFE, 0x3E, 0x01, 0xBD, 0xF0, 0x00, 0x7F, 0x00, 0x01, 0xFE, 0x00, 0x7F, 0xFC, 0x07, 0xF9, 0xFF, 0x0F, 0x9F, 0xFE, 0x00, 0xFF, 0xF8, 0x1F, 0xC3,
    0xC0, 0xFF, 0x1F, 0x01, 0xDE, 0xF8, 0x00, 0x3F, 0xC0, 0x01, 0xFC, 0x00, 0x7F, 0xE0, 0x1F, 0xFE, 0x00, 0x3F, 0xC0, 0x00, 0xF0, 0x00, 0x00, 0x00,
    0x78, 0x00, 0x01, 0xE0, 0x00, 0x07, 0x80, 0x00, 0x1C, 0x00, 0x00, 0x70, 0x00, 0x01, 0xC0, 0x07, 0xFF, 0xFF, 0x9F, 0xFF, 0xFE, 0x7F, 0xFF, 0xF8,
    0x03, 0xE0, 0x00, 0x0F, 0xC0, 0x00, 0x3F, 0x00, 0x01, 0xFE, 0x00, 0x07, 0xB8, 0x00, 0x3C, 0xF0, 0x01, 0xF1, 0xE0, 0x07, 0x87, 0xC0, 0x7C, 0x0F,
    0x83, 0xE0, 0x1F, 0x9F, 0x00, 0x3E, 0x38, 0x00, 0x70, 0x80, 0x00, 0x40, 0x3F, 0xFF, 0xF0, 0xFF, 0xFF, 0xC3, 0xFF, 0xFF, 0x00, 0x1C, 0x00, 0x00,
    0x70, 0x00, 0x01, 0xC0, 0x00, 0x07, 0x00, 0x1F, 0xFF, 0xFE, 0x7F, 0xFF, 0xF9, 0xFF, 0xFF, 0xE0, 0x0F, 0xC0, 0x00, 0x3F, 0x00, 0x01, 0xFE, 0x00,
    0x0F, 0x3C, 0x00, 0x7C, 0xF8, 0x03, 0xE1, 0xF0, 0x3F, 0x03, 0xF9, 0xF8, 0x07, 0xE7, 0x80, 0x07, 0x88, 0x00, 0x04, 0x00, 0xE0, 0x00, 0x03, 0x80,
    0x00, 0x0E, 0x00, 0x00, 0x78, 0x00, 0x01, 0xC0, 0x01, 0xFF, 0xFF, 0xE7, 0xFF, 0xFF, 0x9F, 0xFF, 0xFE, 0x07, 0x83, 0x80, 0x1E, 0x1E, 0x00, 0x70,
    0x78, 0x03, 0xC1, 0xC0, 0x0F, 0x8F, 0x00, 0x7F, 0xBC, 0x00, 0x7F, 0xE0, 0x00, 0x7F, 0x80, 0x00, 0xFF, 0x80, 0x0F, 0xFF, 0x03, 0xFE, 0x7F, 0x1F,
    0xF0, 0x7E, 0x3F, 0x00, 0xF0, 0xC0, 0x00, 0x80, 0x1C, 0x03, 0x00, 0x70, 0x0E, 0x01, 0xC3, 0xB8, 0x07, 0x0E, 0xE0, 0x1C, 0x3B, 0x81, 0xFE, 0xEF,
    0xE7, 0xFB, 0xBF, 0x9F, 0xEF, 0xFE, 0x3B, 0xFF, 0xF8, 0xEF, 0xFE, 0xE3, 0x3F, 0xBB, 0x9D, 0xDE, 0xEE, 0x77, 0x3B, 0xB9, 0xFC, 0xEF, 0xE7, 0xF3,
    0xBF, 0x07, 0x8E, 0xFC, 0x0F, 0x3B, 0x90, 0x7E, 0xE0, 0x63, 0xFB, 0x83, 0x9E, 0x4F, 0xFE, 0x70, 0x1F, 0xF8, 0x80, 0x3F, 0x80, 0x1C, 0x00, 0x00,
    0x70, 0x7F, 0xC1, 0xC3, 0xFF, 0x87, 0x0F, 0xFE, 0x1C, 0x00, 0xF3, 0xFF, 0x03, 0x8F, 0xFC, 0x1E, 0x1F, 0xF0, 0xF0, 0x39, 0xC3, 0x80, 0xEE, 0x0E,
    0x07, 0x3F, 0xFF, 0xDC, 0xFF, 0xFF, 0x7B, 0xBF, 0xF9, 0xFE, 0x0E, 0x03, 0xF0, 0x38, 0x03, 0xC0, 0xE0, 0x0F, 0x83, 0x80, 0x7F, 0x0E, 0x03, 0xDC,
    0x38, 0x1E, 0x67, 0xE0, 0x70, 0x1F, 0x81, 0x80, 0x7C, 0x00, 0x1C, 0x00, 0x00, 0x71, 0xFF, 0x81, 0xC7, 0xFE, 0x07, 0x1F, 0xF8, 0x1C, 0x00, 0xE1,
    0xFE, 0xE3, 0x87, 0xFB, 0x8E, 0x1F, 0xEE, 0x38, 0x3B, 0xB0, 0xE0, 0xEF, 0xC3, 0x87, 0x3F, 0xFF, 0x9D, 0xDF, 0xFE, 0x77, 0x00, 0x39, 0xFC, 0x00,
    0xE3, 0xF7, 0xFB, 0x87, 0xBF, 0xEE, 0x1F, 0xFF, 0xB8, 0x7E, 0x01, 0xC3, 0xF8, 0x07, 0x1E, 0xC0, 0xFC, 0x70, 0x03, 0xF0, 0x80, 0x0F, 0x80, 0x00,
    0x00, 0x00, 0x1F, 0xFF, 0xC0, 0x7F, 0xFF, 0x81, 0xFF, 0xFE, 0x00, 0x01, 0xF0, 0x00, 0x0F, 0x80, 0x00, 0xFC, 0x00, 0x07, 0xC0, 0x00, 0x1E, 0x00,
    0x00, 0x78, 0x01, 0xFF, 0xFF, 0xE7, 0xFF, 0xFF, 0x9F, 0xFF, 0xFE, 0x00, 0x78, 0x00, 0x01, 0xE0, 0x00, 0x07, 0x80, 0x00, 0x1E, 0x00, 0x00, 0x78,
    0x00, 0x01, 0xE0, 0x00, 0x7F, 0x80, 0x00, 0xFC, 0x00, 0x03, 0xE0, 0x00, 0x04, 0x30, 0xC0, 0x79, 0xC3, 0x80, 0xE7, 0x9E, 0x03, 0xCE, 0x70, 0x7F,
    0xFF, 0xF9, 0xFF, 0xFF, 0xE7, 0xFF, 0xFF, 0x9C, 0x00, 0x0E, 0x77, 0xFF, 0xB8, 0x1F, 0xFE, 0x00, 0x7F, 0xF0, 0x00, 0x0F, 0x80, 0x00, 0x78, 0x01,
    0xFF, 0xFF, 0xE7, 0xFF, 0xFF, 0x9F, 0xFF, 0xFE, 0x00, 0x78, 0x00, 0x01, 0xE0, 0x00, 0x07, 0x80, 0x00, 0xFC, 0x00, 0x03, 0xF0, 0x00, 0x07, 0x00,
    0x00, 0x00, 0x00, 0x00, 0x01, 0xC0, 0x00, 0x07, 0x80, 0x1F, 0xFF, 0xFE, 0x7F, 0xFF, 0xF9, 0xFF, 0xFF, 0xE7, 0x00, 0x03, 0x9F, 0xFF, 0xFE, 0x3F,
    0xFF, 0xB0, 0x07, 0xC0, 0x00, 0x7E, 0x0E, 0x0F, 0xFC, 0x78, 0x3E, 0x7F, 0xC0, 0xE7, 0xFE, 0x00, 0xFF, 0xF8, 0x0F, 0xEF, 0xE0, 0x3E, 0xFD, 0xC0,
    0xC7, 0xF7, 0x80, 0xFD, 0xCF, 0x1F, 0xE7, 0x3E, 0x7F, 0xFC, 0x78, 0xE3, 0xE0, 0x40, 0x0F, 0x00, 0x00, 0x00, 0x00, 0x00, 0x30, 0x00, 0x01, 0xE0,
    0x00, 0x07, 0x80, 0x00, 0x1E, 0x00, 0x00, 0x78, 0x00, 0x01, 0xE0, 0x01, 0xE7, 0x9C, 0x07, 0x9E, 0x78, 0x1E, 0x78, 0xE0, 0x71, 0xE3, 0xC1, 0xC7,
    0x8F, 0x0F, 0x1E, 0x1E, 0x38, 0x78, 0x79, 0xE1, 0xE0, 0xE7, 0x87, 0x83, 0xDC, 0x1E, 0x0F, 0x20, 0x78, 0x38, 0x01, 0xE0, 0x00, 0x07, 0x80, 0x01,
    0xFE, 0x00, 0x03, 0xF0, 0x00, 0x0F, 0x80, 0x00, 0x00, 0x70, 0x00, 0x01, 0xC0, 0x00, 0x07, 0x00, 0x03, 0x9C, 0x30, 0x0E, 0x71, 0xC0, 0x39, 0xC7,
    0x81, 0xC7, 0x0E, 0x07, 0x1C, 0x1C, 0x38, 0x70, 0x79, 0xE1, 0xC0, 0xE7, 0x07, 0x03, 0x84, 0x1C, 0x20, 0x00, 0x71, 0xE0, 0x01, 0xCF, 0x00, 0x00,
    0x78, 0x00, 0x07, 0xC0, 0x00, 0xFE, 0x00, 0x7F, 0xE0, 0x07, 0xFF, 0x00, 0x1F, 0xE0, 0x00, 0x30, 0x00, 0x00, 0x00, 0x70, 0x00, 0x01, 0xE0, 0x00,
    0x07, 0x80, 0x00, 0x1E, 0x00, 0x00, 0x78, 0x00, 0xE1, 0xE1, 0xC3, 0x87, 0x87, 0x0E, 0x1E, 0x1C, 0x38, 0x78, 0x70, 0xE1, 0xE1, 0xC3, 0x87, 0x87,
    0x0E, 0x1E, 0x1C, 0x38, 0x78, 0x70, 0xE1, 0xE1, 0xC3, 0x87, 0x87, 0x0E, 0x1E, 0x1C, 0x38, 0x78, 0x70, 0xFF, 0xFF, 0xC3, 0xFF, 0xFF, 0x0F, 0xFF,
    0xFC, 0x00, 0x00, 0x70, 0x00, 0x01, 0xC0, 0x01, 0xC0, 0x00, 0x07, 0x80, 0x00, 0x1C, 0x00, 0x00, 0x70, 0x00, 0x7F, 0xFF, 0xF9, 0xFF, 0xFF, 0xE7,
    0xFF, 0xFF, 0x80, 0xE0, 0x00, 0x03, 0x80, 0x00, 0x1E, 0x00, 0x00, 0x7F, 0xFF, 0x01, 0xFF, 0xFE, 0x0F, 0xFF, 0xF8, 0x38, 0x38, 0x01, 0xC0, 0xE0,
    0x07, 0x03, 0x80, 0x38, 0x0E, 0x01, 0xE0, 0x38, 0x0F, 0x7F, 0xFF, 0x99, 0xFF, 0xFE, 0x07, 0xFF, 0xF8, 0x06, 0x00, 0x00, 0x1D, 0xFF, 0xE0, 0x7F,
    0xFF, 0x9D, 0xFF, 0xFE, 0x77, 0x07, 0x01, 0xDC, 0x1C, 0x07, 0x77, 0xFF, 0x9D, 0xDF, 0xFE, 0x77, 0x7F, 0xF9, 0xDD, 0xDC, 0xE7, 0x77, 0x73, 0x9D,
    0xDD, 0xCE, 0x77, 0x77, 0x39, 0xDD, 0xDC, 0xE0, 0x77, 0x73, 0x83, 0x9D, 0xCE, 0x0E, 0x77, 0xF8, 0x79, 0xDD, 0xC1, 0xC6, 0x70, 0x0F, 0x01, 0xC0,
    0x38, 0x07, 0x00, 0x40, 0x1C, 0x00, 0x06, 0x00, 0x00, 0x1C, 0x00, 0x00, 0xF0, 0x00, 0x03, 0xFF, 0xFC, 0x1F, 0xFF, 0xF0, 0x7F, 0xFF, 0xC3, 0xC1,
    0xC0, 0x1E, 0x07, 0x00, 0x3F, 0xFF, 0xF0, 0x3F, 0xFF, 0xC0, 0xFF, 0xFE, 0x03, 0x87, 0x00, 0x0E, 0x1C, 0x00, 0x38, 0x70, 0x07, 0xFF, 0xFF, 0x9F,
    0xFF, 0xFE, 0x7F, 0xFF, 0xF8, 0x00, 0x70, 0x00, 0x01, 0xC0, 0x00, 0x07, 0x00, 0x00, 0x1C, 0x00, 0x00, 0x70, 0x00, 0x3F, 0xFF, 0xF1, 0xFF, 0xFF,
    0xE7, 0xFF, 0xFF, 0x80, 0xE0, 0xE0, 0x03, 0x83, 0x80, 0x0E, 0x0E, 0x00, 0x38, 0x38, 0x00, 0xE0, 0xE0, 0x03, 0x83, 0x81, 0xFF, 0xFF, 0xE7, 0xFF,
    0xFF, 0x9F, 0xFF, 0xFE, 0x07, 0x83, 0x80, 0x1C, 0x0E, 0x00, 0x70, 0x38, 0x03, 0xC0, 0xE0, 0x1E, 0x03, 0x80, 0xF8, 0x0E, 0x07, 0xC0, 0x38, 0x1E,
    0x00, 0xE0, 0x30, 0x03, 0x80, 0x00, 0x00, 0x00, 0x03, 0x80, 0x00, 0x1F, 0x00, 0x00, 0x3E, 0x00, 0x00, 0x3C, 0x00, 0x00, 0x78, 0x00, 0x00, 0xC0,
    0x00, 0xE1, 0x08, 0x3B, 0x80, 0xE0, 0xEE, 0x03, 0xC3, 0xB8, 0x07, 0x0E, 0xE0, 0x1C, 0x3B, 0x80, 0x79, 0xEE, 0x00, 0xE7, 0xB8, 0x03, 0x9C, 0xE0,
    0x6F, 0x73, 0x81, 0xF9, 0xCE, 0x07, 0x00, 0x3C, 0x38, 0x00, 0xFF, 0xE0, 0x01, 0xFF, 0x80, 0x03, 0xF8, 0x00, 0x0E, 0x00, 0x00, 0x38, 0x7F, 0xC0,
    0xE1, 0xFF, 0x03, 0xC7, 0x1C, 0x7F, 0xFC, 0x71, 0xFF, 0xFF, 0xC0, 0xE1, 0xFF, 0x07, 0xE7, 0x1C, 0x1F, 0xDF, 0xF0, 0xFF, 0xFF, 0xC7, 0xED, 0xC7,
    0x1F, 0x87, 0x1C, 0x2E, 0x1F, 0xF0, 0x38, 0xFF, 0xC0, 0x07, 0x02, 0x0F, 0xFE, 0x3C, 0x3F, 0xBE, 0x71, 0xFE, 0x6F, 0xE7, 0x38, 0x3B, 0x9C, 0xFF,
    0xEE, 0x23, 0xFF, 0x00, 0x03, 0xF0, 0x00, 0x00, 0x4E, 0x00, 0x1F, 0xBB, 0x07, 0xFE, 0xEE, 0x1F, 0xF3, 0xBC, 0x7F, 0x0E, 0x78, 0x1C, 0x38, 0xC0,
    0x70, 0xE0, 0x1F, 0xFF, 0xFE, 0x7F, 0xFF, 0xF9, 0xFF, 0xFF, 0xE0, 0x70, 0xF6, 0x01, 0xC9, 0xDC, 0x0F, 0xF7, 0xF1, 0xFF, 0xDF, 0x87, 0xFC, 0x7C,
    0x1F, 0xC1, 0xE4, 0x07, 0x0F, 0x98, 0x1C, 0xFE, 0x70, 0x77, 0xFD, 0xCF, 0xDE, 0x7E, 0x3F, 0x20, 0xF8, 0x70, 0x01, 0xC0, 0x00, 0x01, 0xC0, 0x0F,
    0xFF, 0x83, 0xFF, 0xFE, 0x0F, 0xFF, 0x80, 0x10, 0x78, 0x00, 0x01, 0xE0, 0x00, 0x07, 0x80, 0x0F, 0xFF, 0xFC, 0x3F, 0xFF, 0xF0, 0xFF, 0xFF, 0xC0,
    0x07, 0x80, 0x00, 0x1E, 0x00, 0x7F, 0xFF, 0xF9, 0xFF, 0xFF, 0xE7, 0xFF, 0xFF, 0x80, 0x1E, 0x00, 0x00, 0x78, 0x00, 0x01, 0xE0, 0x00, 0x07, 0x80,
    0x01, 0xFE, 0x00, 0x07, 0xF0, 0x00, 0x0F, 0x00, 0x00, 0x1F, 0xFF, 0xE0, 0x7F, 0xFF, 0x81, 0xFF, 0xFE, 0x07, 0x00, 0x38, 0x1C, 0x00, 0xE0, 0x70,
    0x03, 0x81, 0xC0, 0x0E, 0x07, 0x00, 0x38, 0x1F, 0xFF, 0xE0, 0x7F, 0xFF, 0x81, 0xFF, 0xFE, 0x07, 0x00, 0x38, 0x1C, 0x00, 0xE0, 0x70, 0x03, 0x81,
    0xC0, 0x0E, 0x07, 0x00, 0x38, 0x1F, 0xFF, 0xE0, 0x7F, 0xFF, 0x81, 0xFF, 0xFE, 0x07, 0x00, 0x38, 0x1C, 0x00, 0xE0, 0x00, 0x00, 0xE0, 0x00, 0x03,
    0x87, 0xF8, 0x0E, 0x1F, 0xE0, 0x38, 0x7F, 0xBF, 0xF9, 0xCE, 0xFF, 0xF7, 0x3B, 0xFF, 0xDC, 0xE0, 0x38, 0x7F, 0x80, 0xE1, 0xFE, 0x63, 0x87, 0xFB,
    0xCE, 0x1C, 0xE7, 0x38, 0x73, 0x9E, 0xE1, 0xCE, 0x3F, 0x87, 0x38, 0x6E, 0x1F, 0xE0, 0x38, 0x7F, 0x80, 0xE1, 0xFE, 0x03, 0x87, 0x00, 0x0E, 0x1C,
    0x03, 0xF8, 0x00, 0x0F, 0xE0, 0x00, 0x1E, 0x00, 0x3F, 0x9F, 0xF9, 0xFE, 0x7F, 0xE7, 0xF9, 0xFF, 0x9C, 0x67, 0x0E, 0x71, 0x9C, 0x39, 0xC6, 0x7F,
    0xE7, 0xF9, 0xFF, 0x9F, 0xE7, 0xFE, 0x7F, 0xBC, 0x39, 0xC6, 0xF0, 0xE7, 0x1B, 0x83, 0x9C, 0x6F, 0xFE, 0x7F, 0xBF, 0xF9, 0xFE, 0xFF, 0xE7, 0xFB,
    0x83, 0x9C, 0x1E, 0x0E, 0x30, 0x70, 0x38, 0x03, 0xC0, 0xE0, 0x1E, 0x1F, 0x80, 0x70, 0x7C, 0x00, 0x81, 0xE0, 0x1F, 0xFF, 0xE0, 0x7F, 0xFF, 0x81,
    0xC0, 0x0E, 0x07, 0xFF, 0xF8, 0x1F, 0xFF, 0xE0, 0x70, 0x03, 0x81, 0xFF, 0xFE, 0x07, 0xFF, 0xF8, 0x00, 0x00, 0x01, 0xFF, 0xFF, 0xE7, 0xFF, 0xFF,
    0x8F, 0xFF, 0xFC, 0x0E, 0x38, 0x00, 0x38, 0xFF, 0xC0, 0xE3, 0xFF, 0x07, 0xCF, 0xF8, 0x1F, 0xB8, 0x00, 0xFF, 0xE0, 0x07, 0x9F, 0xFF, 0x9C, 0x3F,
    0xFE, 0x20, 0x1F, 0xF8, 0x0F, 0xFF, 0xE0, 0x3F, 0xFF, 0x80, 0xFF, 0xFE, 0x03, 0x80, 0x78, 0x0E, 0x01, 0xE0, 0x38, 0x07, 0x80, 0xFF, 0xFE, 0x03,
    0xFF, 0xF8, 0x0F, 0xFF, 0xE0, 0x38, 0x07, 0x80, 0xE0, 0x1E, 0x03, 0xFF, 0xF8, 0x1F, 0xFF, 0xE0, 0x7F, 0xFF, 0x81, 0xC0, 0x1E, 0x07, 0x00, 0x78,
    0x3C, 0x01, 0xE1, 0xE0, 0x07, 0x87, 0x81, 0xFE, 0x1C, 0x03, 0xF0, 0x20, 0x0F, 0x80, 0x00, 0xC0, 0x00, 0x07, 0x80, 0x00, 0x1C, 0x00, 0x1F, 0xFF,
    0xFE, 0x7F, 0xFF, 0xF9, 0xFF, 0xFF, 0xE0, 0x78, 0x00, 0x01, 0xFF, 0xF0, 0x0F, 0xFF, 0xE0, 0x7F, 0xFF, 0x83, 0xF0, 0x0E, 0x1F, 0xFF, 0xF8, 0x77,
    0xFF, 0xE0, 0x9C, 0x07, 0x80, 0x70, 0x0E, 0x01, 0xFF, 0xF8, 0x07, 0xFF, 0xE0, 0x1C, 0x07, 0x80, 0x70, 0x0E, 0x01, 0xC1, 0xF8, 0x07, 0x07, 0xC0,
    0x1C, 0x1F, 0x00, 0x3F, 0xCF, 0xF8, 0xFF, 0x3F, 0xE3, 0xFC, 0xFF, 0x8E, 0x73, 0x8E, 0x39, 0xCE, 0x38, 0xFF, 0x3F, 0xE3, 0xFC, 0xFF, 0x8F, 0xF3,
    0xFE, 0x39, 0xCE, 0x38, 0xE7, 0x38, 0xE3, 0xFC, 0xFF, 0x8F, 0xF3, 0xFE, 0x3F, 0xCF, 0xF8, 0xE7, 0x70, 0xE3, 0x9D, 0xC3, 0x8C, 0x77, 0x0E, 0x71,
    0xDC, 0x39, 0xC7, 0xF1, 0xE7, 0x7F, 0x9F, 0x38, 0xFE, 0x7C, 0x22, 0x10, 0xE0, 0x00, 0x78, 0x00, 0x01, 0xE0, 0x00, 0x07, 0x80, 0x00, 0x1E, 0x00,
    0x00, 0x78, 0x01, 0xFF, 0xFF, 0xE7, 0xFF, 0xFF, 0x9F, 0xFF, 0xFE, 0x00, 0xFC, 0x00, 0x07, 0xF8, 0x00, 0x1F, 0xE0, 0x00, 0xFF, 0xC0, 0x07, 0xFF,
    0x80, 0x3D, 0xEF, 0x01, 0xF7, 0x9E, 0x0F, 0x9E, 0x7C, 0x7C, 0x78, 0xFB, 0xE1, 0xE1, 0xE7, 0x07, 0x83, 0x88, 0x1E, 0x00, 0x00, 0x78, 0x00, 0x01,
    0xE0, 0x00, 0x00, 0x78, 0x00, 0x01, 0xE0, 0x00, 0x07, 0x80, 0x0F, 0xFF, 0xFC, 0x3F, 0xFF, 0xF0, 0xFF, 0xFF, 0xC0, 0xE7, 0x8E, 0x03, 0x9E, 0x78,
    0x0F, 0x79, 0xC0, 0x1D, 0xEE, 0x07, 0xFF, 0xFF, 0x9F, 0xFF, 0xFE, 0x7F, 0xFF, 0xF8, 0x07, 0xF8, 0x00, 0x3F, 0xF0, 0x01, 0xFF, 0xE0, 0x0F, 0x7B,
    0xC0, 0xF9, 0xE7, 0xC7, 0xC7, 0x8F, 0x9E, 0x1E, 0x1E, 0x30, 0x78, 0x30, 0x01, 0xE0, 0x00, 0x00, 0x1C, 0x00, 0x00, 0x70, 0x07, 0xF1, 0xC0, 0x1F,
    0xF7, 0xFC, 0x7F, 0xDF, 0xF8, 0x0E, 0xFF, 0xE2, 0x3B, 0x83, 0x9C, 0xEF, 0xCC, 0x7B, 0xF7, 0x70, 0xFF, 0xDC, 0xC1, 0xF0, 0x70, 0x07, 0xC1, 0xC0,
    0x0F, 0x07, 0x80, 0x3C, 0x3E, 0x01, 0xF8, 0xF8, 0x0F, 0xE3, 0xF0, 0x3B, 0x9F, 0xE1, 0xE6, 0xF3, 0x8F, 0x07, 0x8F, 0x98, 0x3E, 0x1F, 0x00, 0xF0,
    0x38, 0x01, 0x00, 0x40, 0x00, 0x38, 0x00, 0x01, 0xE0, 0x00, 0x07, 0x80, 0x00, 0x1E, 0x00, 0x00, 0x78, 0x40, 0x01, 0xE3, 0x87, 0xFF, 0x8F, 0x1F,
    0xFE, 0x78, 0x7F, 0xFF, 0xC0, 0x1F, 0xFE, 0x00, 0x77, 0xF0, 0x01, 0xDF, 0xC0, 0x0F, 0x7F, 0x00, 0x39, 0xFE, 0x01, 0xE7, 0xBC, 0x07, 0x1E, 0x78,
    0x3C, 0x79, 0xF9, 0xE1, 0xE3, 0xF7, 0x07, 0x87, 0x88, 0xFE, 0x04, 0x01, 0xF0, 0x00, 0x07, 0x80, 0x00, 0x00, 0x78, 0x00, 0x01, 0xE0, 0x00, 0x07,
    0x80, 0x00, 0x1E, 0x00, 0x0C, 0x78, 0x60, 0x79, 0xC1, 0xC1, 0xE7, 0x07, 0x07, 0x1C, 0x3C, 0x3C, 0x70, 0xE0, 0xF1, 0xE7, 0x83, 0x8F, 0x9C, 0x00,
    0x3E, 0x00, 0x01, 0xFC, 0x00, 0x07, 0xF8, 0x00, 0x3C, 0xE0, 0x01, 0xF3, 0xE0, 0x0F, 0x87, 0xC0, 0xFC, 0x0F, 0xE7, 0xE0, 0x1F, 0x8E, 0x00, 0x1C,
    0x20, 0x00, 0x00, 0x00, 0x00, 0x00, 0x07, 0xFF, 0x83, 0xFF, 0xFE, 0x0F, 0xFF, 0xF0, 0x06, 0x31, 0xC0, 0x18, 0xEE, 0x07, 0xFF, 0xFF, 0x9F, 0xFF,
    0xFE, 0x71, 0xC0, 0x39, 0xC7, 0x00, 0xE3, 0xFF, 0xFF, 0x07, 0xFF, 0xF8, 0x03, 0x80, 0x00, 0x0F, 0xFF, 0x00, 0x7F, 0xFC, 0x03, 0xF9, 0xF0, 0x0E,
    0xF7, 0x80, 0x79, 0xFC, 0x03, 0xDF, 0xFC, 0x1E, 0xFF, 0xFE, 0x73, 0xE3, 0xF0, 0x84, 0x00, 0xC0, 0x03, 0x02, 0x00, 0x1E, 0x3E, 0x00, 0xF8, 0x7C,
    0x0F, 0xE1, 0xFC, 0x7F, 0xFF, 0xF8, 0xE7, 0xF9, 0xC0, 0x1F, 0xE0, 0x03, 0xFF, 0xF8, 0xFF, 0xCF, 0xF9, 0xF8, 0x07, 0xE3, 0xFF, 0xFF, 0x03, 0xFF,
    0xF0, 0x0E, 0x79, 0xC0, 0x38, 0xE7, 0x00, 0xE7, 0x9C, 0x03, 0xFF, 0xF0, 0x0F, 0xFF, 0xC0, 0x38, 0x00, 0x40, 0xE0, 0x03, 0x83, 0xFF, 0xFE, 0x0F,
    0xFF, 0xF0, 0x07, 0xFF, 0x00, 0x04, 0x78, 0x00, 0x39, 0xE0, 0x00, 0xE7, 0x80, 0x07, 0x9E, 0x00, 0x1F, 0xFF, 0xF0, 0xFF, 0xFF, 0xC3, 0xFF, 0xFF,
    0x1E, 0x1E, 0x00, 0x70, 0x78, 0x00, 0xC1, 0xE0, 0x00, 0x07, 0x80, 0x07, 0xFF, 0xF8, 0x1F, 0xFF, 0xE0, 0x3F, 0xFF, 0x80, 0x07, 0x80, 0x00, 0x1E,
    0x00, 0x00, 0x78, 0x00, 0x01, 0xE0, 0x07, 0xFF, 0xFF, 0x9F, 0xFF, 0xFE, 0x7F, 0xFF, 0xF8, 0x1F, 0xFF, 0xE0, 0x7F, 0xFF, 0x81, 0xC7, 0x8E, 0x07,
    0x1C, 0x38, 0x1F, 0xFF, 0xE0, 0x7F, 0xFF, 0x81, 0xC7, 0x0E, 0x07, 0x1C, 0x38, 0x1F, 0xFF, 0xE0, 0x7F, 0xFF, 0x80, 0x07, 0x00, 0x00, 0x1C, 0x00,
    0x7F, 0xFF, 0xF1, 0xFF, 0xFF, 0xC3, 0xFF, 0xFF, 0x00, 0x78, 0x3C, 0x03, 0xC0, 0xE0, 0x3E, 0x03, 0x87, 0xF0, 0xFE, 0x1F, 0x83, 0xF8, 0x78, 0x0F,
    0xC0, 0x00, 0x00, 0x00, 0x7F, 0xFF, 0xF9, 0xFF, 0xFF, 0xE7, 0xFF, 0xFF, 0x80, 0x1E, 0x00, 0x00, 0x70, 0x00, 0x3F, 0xFF, 0x81, 0xFF, 0xFE, 0x07,
    0xFF, 0xF8, 0x1C, 0x00, 0xE0, 0x70, 0x03, 0x81, 0xC0, 0x0E, 0x07, 0xFF, 0xF8, 0x1F, 0xFF, 0xE0, 0x7F, 0xFF, 0x81, 0xC0, 0x0E, 0x07, 0x00, 0x38,
    0x1C, 0x00, 0xE0, 0x7F, 0xFF, 0x81, 0xFF, 0xFE, 0x07, 0xFF, 0xF8, 0x1C, 0x00, 0xE0, 0x06, 0x06, 0x00, 0x3C, 0x38, 0x00, 0xE0, 0xE0, 0x03, 0x83,
    0x80, 0x7F, 0xDF, 0xF9, 0xFF, 0x7F, 0xE7, 0xFF, 0xFF, 0x9C, 0x7E, 0x0E, 0x71, 0xF8, 0x39, 0xC7, 0x50, 0xE7, 0xFC, 0xE3, 0x9F, 0xF3, 0xCE, 0x7F,
    0xC7, 0x39, 0xC7, 0x1E, 0xE7, 0x1C, 0x3B, 0x9C, 0x70, 0x4E, 0x71, 0xC0, 0x71, 0xFF, 0x01, 0xC7, 0xFC, 0x07, 0x1F, 0xF1, 0xFC, 0x70, 0x07, 0xE0,
    0x00, 0x0F, 0x00, 0x00, 0x07, 0xC0, 0xFF, 0xFF, 0x81, 0xFF, 0xFC, 0x00, 0x38, 0x00, 0x3F, 0xFF, 0xF0, 0xFF, 0xFF, 0xC0, 0x1C, 0x00, 0x1F, 0xFF,
    0xFE, 0x7F, 0xFF, 0xF8, 0x1E, 0x00, 0x00, 0x7F, 0xFE, 0x03, 0xFF, 0xF8, 0x1F, 0x00, 0xE0, 0xFF, 0xFF, 0x87, 0xFF, 0xFE, 0x1F, 0xC0, 0x38, 0x67,
    0xFF, 0xE0, 0x1F, 0xFF, 0x80, 0x70, 0x0E, 0x01, 0xFF, 0xF8, 0x07, 0xFF, 0xE0, 0x1C, 0x03, 0x80, 0x0C, 0x06, 0x00, 0x70, 0x38, 0x01, 0xFE, 0xFF,
    0x8F, 0xFF, 0xFE, 0x7F, 0x3F, 0xC1, 0xCE, 0xE7, 0x82, 0x3F, 0x8C, 0x00, 0x3E, 0x00, 0x01, 0xFE, 0x00, 0x1F, 0xFE, 0x00, 0xFC, 0x7F, 0x1F, 0xFF,
    0xFF, 0x7F, 0xFF, 0xF8, 0xC0, 0x00, 0x40, 0xFF, 0xFC, 0x03, 0xFF, 0xF0, 0x0E, 0x03, 0xC0, 0x38, 0x07, 0x00, 0xFF, 0xFC, 0x03, 0xFF, 0xF0, 0x0F,
    0xFF, 0xC0, 0x38, 0x07, 0x00, 0x0C, 0x07, 0x00, 0x38, 0x1C, 0x01, 0xE0, 0xF0, 0x07, 0x03, 0xE0, 0x3C, 0x1F, 0xC0, 0xEC, 0xF7, 0x87, 0xBB, 0x8F,
    0x3F, 0xFF, 0xFE, 0xFF, 0xFF, 0xF9, 0xF9, 0xFF, 0xC1, 0xC0, 0x00, 0x0F, 0x00, 0x00, 0x7F, 0xFF, 0xE1, 0xFF, 0xFF, 0x87, 0xE7, 0xFE, 0x18, 0x1E,
    0x38, 0x00, 0x78, 0xE0, 0x3F, 0xE3, 0x87, 0xFF, 0xFE, 0x1F, 0xDF, 0xF8, 0x78, 0x7F, 0xE0, 0x01, 0xC3, 0x80, 0x00, 0xE0, 0x00, 0x03, 0x81, 0x80,
    0x0E, 0x07, 0x07, 0xFF, 0xFC, 0x1F, 0xFF, 0xE0, 0x7F, 0xFF, 0x00, 0x0E, 0x78, 0x00, 0x3B, 0xE0, 0x7F, 0xFF, 0xF9, 0xFF, 0xFF, 0xE7, 0xFF, 0xFF,
    0x80, 0x7C, 0x00, 0x07, 0xE1, 0x80, 0x7F, 0x3F, 0x07, 0xFF, 0xFC, 0x1F, 0xFF, 0x80, 0x33, 0xE0, 0x20, 0x0F, 0x01, 0xC0, 0x3C, 0x07, 0x00, 0x7F,
    0xFC, 0x01, 0xFF, 0xE0, 0x00, 0xFE, 0x00, 0x0C, 0x0E, 0x00, 0x78, 0x38, 0x01, 0xDC, 0xE7, 0x0F, 0x73, 0xFC, 0x7F, 0xEF, 0xE1, 0xFF, 0xBC, 0x07,
    0xFE, 0xE1, 0x80, 0x13, 0x8E, 0x00, 0x0F, 0xF8, 0xFF, 0xBF, 0xE3, 0xFE, 0x3E, 0x0E, 0x7B, 0x80, 0x3F, 0xEE, 0x70, 0xFF, 0xBF, 0xC3, 0x9E, 0xFF,
    0x0F, 0xFB, 0xE0, 0x3F, 0xEE, 0x10, 0xE7, 0xB8, 0x73, 0x9E, 0xE1, 0xCE, 0xFB, 0xFE, 0x3F, 0xCF, 0xF8, 0xEF, 0x07, 0x80, 0x7F, 0xFF, 0xF9, 0xFF,
    0xFF, 0xE7, 0xFF, 0xFF, 0x80, 0x73, 0x80, 0x01, 0xCE, 0x00, 0xFF, 0xFF, 0xC3, 0xFF, 0xFF, 0x0F, 0xFF, 0xFC, 0x39, 0xCE, 0x70, 0xE7, 0x39, 0xC3,
    0xB8, 0xE7, 0x0E, 0xE3, 0xFC, 0x3F, 0x0F, 0xF0, 0xFC, 0x1F, 0xC3, 0xC0, 0x07, 0x0E, 0x00, 0x1C, 0x38, 0x00, 0x70, 0xFF, 0xFF, 0xC3, 0xFF, 0xFF,
    0x0F, 0xFF, 0xFC, 0x38, 0x00, 0x70, 0x7F, 0xFF, 0xF9, 0xFF, 0xFF, 0xE3, 0xFF, 0xFF, 0x00, 0x73, 0x80, 0x3F, 0xFF, 0xF0, 0xFF, 0xFF, 0xC3, 0x9C,
    0xE7, 0x0E, 0x73, 0x9C, 0x3F, 0xFF, 0xF0, 0xFF, 0xFF, 0xC0, 0x1E, 0x00, 0x1F, 0xFF, 0xFE, 0x7F, 0xFF, 0xF9, 0xFF, 0xFF, 0xE0, 0x78, 0x78, 0x03,
    0xF3, 0xC0, 0x0F, 0xFF, 0x00, 0x0F, 0xFE, 0x03, 0xFF, 0xFF, 0x1F, 0xF8, 0xFC, 0x3F, 0x00, 0x60, 0x00, 0x30, 0xC0, 0xE1, 0xC3, 0x83, 0xC7, 0x8E,
    0x07, 0x8E, 0x70, 0x0E, 0x39, 0xC0, 0x33, 0xFF, 0xC0, 0x0F, 0xFF, 0x1F, 0x3F, 0xFC, 0x7C, 0xE0, 0x71, 0xF3, 0x81, 0xC1, 0xCF, 0xFF, 0x07, 0x3F,
    0xFC, 0x1C, 0x7F, 0xE0, 0x70, 0xE7, 0x01, 0xDB, 0x9C, 0x07, 0xEE, 0x70, 0x1F, 0xF9, 0xD0, 0x7D, 0xC7, 0x63, 0xEF, 0x1D, 0x8F, 0x78, 0x7E, 0x19,
    0xC1, 0xF8, 0x02, 0x03, 0xC0, 0x10, 0x07, 0x00, 0xE0, 0x1C, 0x03, 0xCF, 0xFF, 0x07, 0xBF, 0xFC, 0x0E, 0x07, 0x00, 0x10, 0x1C, 0x00, 0x0F, 0xFF,
    0x9F, 0x3F, 0xFE, 0xFC, 0x20, 0x3B, 0xF1, 0xFC, 0xC1, 0xC3, 0xF7, 0x07, 0x3B, 0xC0, 0x1C, 0xF7, 0x00, 0x73, 0xFF, 0xC1, 0xDF, 0xFF, 0x87, 0xFF,
    0xFE, 0x1F, 0x0E, 0x80, 0x7C, 0x7F, 0x81, 0xE7, 0xCF, 0x0F, 0x7E, 0x1E, 0x19, 0xF0, 0x38, 0x43, 0x00, 0x40, 0x00, 0x10, 0x00, 0xE0, 0xFE, 0x03,
    0xC3, 0xBC, 0x07, 0x9E, 0x70, 0x0E, 0x7F, 0xF8, 0x33, 0xFF, 0xE0, 0x0F, 0xFF, 0x9F, 0x7C, 0xE0, 0x7D, 0xF3, 0x81, 0xF7, 0xFF, 0xC1, 0xC7, 0xFF,
    0x07, 0x1F, 0xFC, 0x1C, 0x73, 0x80, 0x71, 0xFF, 0xC1, 0xD7, 0xFF, 0x07, 0xDF, 0xFC, 0x1F, 0xF3, 0x80, 0x7D, 0xCE, 0x01, 0xE7, 0xFF, 0x8F, 0x1F,
    0xFE, 0x18, 0x7F, 0xF8, 0x01, 0xC0, 0x00, 0x00, 0x0C, 0x00, 0x80, 0x78, 0x07, 0x00, 0xE0, 0x1E, 0xFF, 0xFE, 0x3F, 0xFF, 0xF8, 0x7F, 0xFF, 0xE0,
    0x00, 0x1C, 0x00, 0x30, 0x70, 0x01, 0xF3, 0x81, 0xF3, 0xEE, 0x07, 0xC7, 0xF8, 0x1F, 0x07, 0xC0, 0x1C, 0x1F, 0x80, 0x70, 0xFF, 0x01, 0xDF, 0x9E,
    0x07, 0xFC, 0x3C, 0x1D, 0xC0, 0x70, 0xFE, 0x00, 0x07, 0xFF, 0xFF, 0x9C, 0xFF, 0xFE, 0x60, 0xFF, 0xF8, 0x00, 0x00, 0x00, 0x7F, 0xE7, 0xF1, 0xFF,
    0xBF, 0xE7, 0xFE, 0xFF, 0x83, 0xBB, 0x8E, 0x0E, 0xEE, 0x70, 0xFF, 0xB9, 0xC7, 0xFE, 0xEF, 0x1F, 0xFB, 0xB8, 0x1C, 0xEE, 0xE0, 0x73, 0xB9, 0xC7,
    0xFE, 0xE7, 0x1F, 0xFB, 0x8E, 0x7F, 0xEE, 0x38, 0x73, 0xB8, 0xE3, 0xCE, 0xE3, 0x8E, 0x3B, 0xFE, 0x38, 0xEE, 0xF1, 0xE3, 0xBB, 0x0F, 0x7E, 0xE0,
    0x1C, 0xFB, 0x80, 0x23, 0xCE, 0x00, 0x1F, 0xFF, 0xE0, 0x7F, 0xFF, 0x81, 0xFF, 0xFE, 0x07, 0x0E, 0x38, 0x1F, 0xFF, 0xE0, 0x7F, 0xFF, 0x81, 0xC3,
    0x8E, 0x07, 0x0E, 0x38, 0x1F, 0xFF, 0xE0, 0x7F, 0xFF, 0x81, 0xFF, 0xFE, 0x00, 0x1E, 0x00, 0x00, 0x78, 0x00, 0xFF, 0xFF, 0xC3, 0xFF, 0xFF, 0x07,
    0xFF, 0xFC, 0x00, 0x78, 0x01, 0xFF, 0xFF, 0xE7, 0xFF, 0xFF, 0x9F, 0xFF, 0xFE, 0x10, 0x00, 0x00, 0xE3, 0xFF, 0xC3, 0xDF, 0xFF, 0x87, 0xFF, 0xFE,
    0x0E, 0x00, 0x38, 0x30, 0x00, 0xE7, 0x00, 0x03, 0x9C, 0x7F, 0x8E, 0x71, 0xFE, 0x39, 0xC7, 0xF8, 0xE7, 0x18, 0xE3, 0x9C, 0x63, 0x8E, 0x71, 0x8E,
    0x39, 0xC7, 0xF8, 0xE7, 0x1F, 0xE3, 0x9C, 0x7F, 0x8E, 0x71, 0x80, 0x39, 0xC6, 0x00, 0xE7, 0x00, 0x07, 0x9C, 0x00, 0xFE, 0x70, 0x01, 0xF0, 0xC0,
    0x07, 0x80,
};

uint32_t nextCodepoint(const char*& p) {
    const uint8_t c0 = static_cast<uint8_t>(*p++);

    if (c0 < 0x80) {
        return c0;
    }

    if ((c0 & 0xE0) == 0xC0) {
        const uint8_t c1 = static_cast<uint8_t>(*p++);
        return ((c0 & 0x1F) << 6) | (c1 & 0x3F);
    }

    if ((c0 & 0xF0) == 0xE0) {
        const uint8_t c1 = static_cast<uint8_t>(*p++);
        const uint8_t c2 = static_cast<uint8_t>(*p++);
        return ((c0 & 0x0F) << 12) |
               ((c1 & 0x3F) << 6) |
               (c2 & 0x3F);
    }

    if ((c0 & 0xF8) == 0xF0) {
        const uint8_t c1 = static_cast<uint8_t>(*p++);
        const uint8_t c2 = static_cast<uint8_t>(*p++);
        const uint8_t c3 = static_cast<uint8_t>(*p++);
        return ((c0 & 0x07) << 18) |
               ((c1 & 0x3F) << 12) |
               ((c2 & 0x3F) << 6) |
               (c3 & 0x3F);
    }

    return static_cast<uint32_t>('?');
}

struct FontView {
    const MnemosFontGlyph* glyphs;
    const uint8_t* bitmap;
    uint16_t glyphCount;
};

FontView fontView(MnemosFontRole role) {
    switch (role) {
        case MnemosFontRole::Meta14:
            return {GLYPHS_14, BITMAP_14, GLYPH_COUNT_14};

        case MnemosFontRole::Title22:
            return {GLYPHS_22, BITMAP_22, GLYPH_COUNT_22};

        case MnemosFontRole::Body18:
        default:
            return {GLYPHS_18, BITMAP_18, GLYPH_COUNT_18};
    }
}

bool loadGlyph(const FontView& view,
               uint32_t codepoint,
               MnemosFontGlyph& out) {
    int32_t lo = 0;
    int32_t hi = static_cast<int32_t>(view.glyphCount) - 1;

    while (lo <= hi) {
        const int32_t mid = (lo + hi) / 2;

        MnemosFontGlyph probe;
        memcpy_P(&probe, &view.glyphs[mid], sizeof(probe));

        if (probe.codepoint == codepoint) {
            out = probe;
            return true;
        }

        if (probe.codepoint < codepoint) {
            lo = mid + 1;
        } else {
            hi = mid - 1;
        }
    }

    return false;
}

bool getGlyph(const FontView& view,
              uint32_t codepoint,
              MnemosFontGlyph& out) {
    if (loadGlyph(view, codepoint, out)) {
        return true;
    }

    return loadGlyph(
        view,
        static_cast<uint32_t>('?'),
        out);
}

}  // namespace

int32_t mnemosFontTextWidth(
    const String& text,
    MnemosFontRole role) {

    const FontView view = fontView(role);
    const char* p = text.c_str();
    int32_t width = 0;

    while (*p) {
        MnemosFontGlyph glyph;

        if (!getGlyph(
                view,
                nextCodepoint(p),
                glyph)) {
            continue;
        }

        width += glyph.advance;
    }

    return width;
}

bool mnemosFontVisualBounds(
    const String& text,
    MnemosFontRole role,
    int32_t& left,
    int32_t& top,
    int32_t& right,
    int32_t& bottom) {

    const FontView view =
        fontView(role);

    const char* p =
        text.c_str();

    int32_t cursor = 0;
    bool hasInk = false;
    int32_t minX = 0;
    int32_t minY = 0;
    int32_t maxX = 0;
    int32_t maxY = 0;

    while (*p) {
        MnemosFontGlyph glyph;

        if (!getGlyph(
                view,
                nextCodepoint(p),
                glyph)) {
            continue;
        }

        if (
            glyph.width > 0 &&
            glyph.height > 0
        ) {
            const int32_t glyphLeft =
                cursor +
                glyph.xOffset;

            const int32_t glyphTop =
                glyph.yOffset;

            const int32_t glyphRight =
                glyphLeft +
                glyph.width;

            const int32_t glyphBottom =
                glyphTop +
                glyph.height;

            if (!hasInk) {
                minX = glyphLeft;
                minY = glyphTop;
                maxX = glyphRight;
                maxY = glyphBottom;
                hasInk = true;
            } else {
                minX =
                    std::min(
                        minX,
                        glyphLeft);

                minY =
                    std::min(
                        minY,
                        glyphTop);

                maxX =
                    std::max(
                        maxX,
                        glyphRight);

                maxY =
                    std::max(
                        maxY,
                        glyphBottom);
            }
        }

        cursor +=
            glyph.advance;
    }

    if (!hasInk) {
        left = 0;
        top = 0;
        right = cursor;
        bottom = 0;
        return false;
    }

    left = minX;
    top = minY;
    right = maxX;
    bottom = maxY;
    return true;
}

bool mnemosFontTextBounds(
    const String& text,
    MnemosFontRole role,
    int32_t& left,
    int32_t& right) {

    int32_t top = 0;
    int32_t bottom = 0;

    return
        mnemosFontVisualBounds(
            text,
            role,
            left,
            top,
            right,
            bottom);
}


void mnemosFontDrawText(
    const String& text,
    int32_t x,
    int32_t baselineY,
    uint8_t* framebuffer,
    int32_t canvasWidth,
    int32_t canvasHeight,
    MnemosFontRole role,
    uint8_t color,
    uint8_t scale) {

    if (!framebuffer ||
        canvasWidth <= 0 ||
        canvasHeight <= 0 ||
        scale == 0) {
        return;
    }

    const FontView view = fontView(role);
    const char* p = text.c_str();
    int32_t cursor = x;

    auto putPixel =
        [&](int32_t px, int32_t py) {
            if (px < 0 ||
                py < 0 ||
                px >= canvasWidth ||
                py >= canvasHeight) {
                return;
            }

            framebuffer[
                static_cast<size_t>(py) *
                static_cast<size_t>(canvasWidth) +
                static_cast<size_t>(px)
            ] = color;
        };

    while (*p) {
        MnemosFontGlyph glyph;

        if (!getGlyph(
                view,
                nextCodepoint(p),
                glyph)) {
            continue;
        }

        const uint32_t pixelCount =
            static_cast<uint32_t>(glyph.width) *
            static_cast<uint32_t>(glyph.height);

        for (uint32_t i = 0; i < pixelCount; ++i) {
            const uint8_t packed =
                pgm_read_byte(
                    &view.bitmap[
                        glyph.bitmapOffset +
                        i / 8U]);

            if ((packed &
                 (0x80U >> (i % 8U))) == 0) {
                continue;
            }

            const int32_t glyphX =
                glyph.xOffset +
                static_cast<int32_t>(
                    i % glyph.width);

            const int32_t glyphY =
                glyph.yOffset +
                static_cast<int32_t>(
                    i / glyph.width);

            for (uint8_t yy = 0; yy < scale; ++yy) {
                for (uint8_t xx = 0; xx < scale; ++xx) {
                    putPixel(
                        cursor +
                            glyphX * scale +
                            xx,
                        baselineY +
                            glyphY * scale +
                            yy);
                }
            }
        }

        cursor +=
            static_cast<int32_t>(
                glyph.advance) *
            scale;
    }
}
